2026-08-24 12:24:47,474 - INFO - Configuration: {'batch_size': 256, 'infer_size': 96, 'num_epochs': 200, 'lr': 0.0001, 'device': 'cuda', 'num_layers': 4, 'num_decoder_layers': 4, 'd_model': 128, 'd_ff': 1024, 'num_heads': 6, 'd_kv': 64, 'dropout_rate': 0.1, 'vocab_size': 1025, 'pad_token_id': 0, 'eos_token_id': 0, 'feed_forward_proj': 'relu', 'max_len': 20, 'dataset_path': '../data/Beauty', 'code_path': '../data/Beauty/Beauty_t5_rqvae.npy', 'item_emb_path': '../data/Beauty/item_emb.parquet', 'item_emb_dim': 768, 'mse_loss_weight': 1.0, 'mse_loss_mode': 'token', 'align_loss_type': 'cos', 'early_stop_metric': 'ce', 'mode': 'train', 'model_type': 'causal', 'log_path': './logs/causal_tiger_Beauty_cos1_token.log', 'seed': 2025, 'save_path': './ckpt/causal_tiger_Beauty_cos1_token.pth', 'early_stop': 10, 'topk_list': [5, 10, 20], 'beam_size': 30}
2026-08-24 12:24:47,503 - INFO - #Embedding parameters: 131200
#Non-embedding parameters: 4557952
#Total trainable parameters: 4689152

2026-08-24 12:24:52,108 - INFO - Epoch 1/200
2026-08-24 12:25:15,575 - INFO - Training loss: 5.178710258424514
2026-08-24 12:25:18,056 - INFO - Validation total loss: 4.579397331491561
2026-08-24 12:25:18,056 - INFO - Validation CE loss: 4.47405051366454
2026-08-24 12:25:18,056 - INFO - Validation COS align loss: 0.10534678380376791
2026-08-24 12:25:18,056 - INFO - Early stop metric (ce): 4.47405051366454
2026-08-24 12:25:18,112 - INFO - Best validation ce loss: 4.47405051366454
2026-08-24 12:25:18,112 - INFO - Best model saved to ./ckpt/causal_tiger_Beauty_cos1_token.pth
2026-08-24 12:25:18,112 - INFO - Epoch 2/200
2026-08-24 12:25:41,183 - INFO - Training loss: 4.402958860657095
2026-08-24 12:25:43,661 - INFO - Validation total loss: 4.18511007681425
2026-08-24 12:25:43,661 - INFO - Validation CE loss: 4.09240866526002
2026-08-24 12:25:43,661 - INFO - Validation COS align loss: 0.09270141155423013
2026-08-24 12:25:43,661 - INFO - Early stop metric (ce): 4.09240866526002
2026-08-24 12:25:43,721 - INFO - Best validation ce loss: 4.09240866526002
2026-08-24 12:25:43,721 - INFO - Best model saved to ./ckpt/causal_tiger_Beauty_cos1_token.pth
2026-08-24 12:25:43,722 - INFO - Epoch 3/200
2026-08-24 12:26:06,826 - INFO - Training loss: 4.029220902038455
2026-08-24 12:26:09,287 - INFO - Validation total loss: 3.903903419879373
2026-08-24 12:26:09,287 - INFO - Validation CE loss: 3.8185237866102884
2026-08-24 12:26:09,287 - INFO - Validation COS align loss: 0.08537963403652665
2026-08-24 12:26:09,287 - INFO - Early stop metric (ce): 3.8185237866102884
2026-08-24 12:26:09,346 - INFO - Best validation ce loss: 3.8185237866102884
2026-08-24 12:26:09,346 - INFO - Best model saved to ./ckpt/causal_tiger_Beauty_cos1_token.pth
2026-08-24 12:26:09,346 - INFO - Epoch 4/200
2026-08-24 12:26:32,479 - INFO - Training loss: 3.755374200149269
2026-08-24 12:26:34,952 - INFO - Validation total loss: 3.681666976904153
2026-08-24 12:26:34,952 - INFO - Validation CE loss: 3.6014024433659895
2026-08-24 12:26:34,952 - INFO - Validation COS align loss: 0.08026453916606985
2026-08-24 12:26:34,952 - INFO - Early stop metric (ce): 3.6014024433659895
2026-08-24 12:26:35,013 - INFO - Best validation ce loss: 3.6014024433659895
2026-08-24 12:26:35,013 - INFO - Best model saved to ./ckpt/causal_tiger_Beauty_cos1_token.pth
2026-08-24 12:26:35,013 - INFO - Epoch 5/200
2026-08-24 12:26:58,173 - INFO - Training loss: 3.53864715628123
2026-08-24 12:27:00,588 - INFO - Validation total loss: 3.4976476855544063
2026-08-24 12:27:00,588 - INFO - Validation CE loss: 3.4211628365414337
2026-08-24 12:27:00,588 - INFO - Validation COS align loss: 0.07648486717576121
2026-08-24 12:27:00,588 - INFO - Early stop metric (ce): 3.4211628365414337
2026-08-24 12:27:00,645 - INFO - Best validation ce loss: 3.4211628365414337
2026-08-24 12:27:00,645 - INFO - Best model saved to ./ckpt/causal_tiger_Beauty_cos1_token.pth
2026-08-24 12:27:00,646 - INFO - Epoch 6/200
2026-08-24 12:27:23,822 - INFO - Training loss: 3.3711644777528043
2026-08-24 12:27:26,297 - INFO - Validation total loss: 3.3484978921423654
2026-08-24 12:27:26,297 - INFO - Validation CE loss: 3.2746330167090942
2026-08-24 12:27:26,297 - INFO - Validation COS align loss: 0.07386489231699014
2026-08-24 12:27:26,297 - INFO - Early stop metric (ce): 3.2746330167090942
2026-08-24 12:27:26,359 - INFO - Best validation ce loss: 3.2746330167090942
2026-08-24 12:27:26,359 - INFO - Best model saved to ./ckpt/causal_tiger_Beauty_cos1_token.pth
2026-08-24 12:27:26,359 - INFO - Epoch 7/200
2026-08-24 12:27:49,544 - INFO - Training loss: 3.2319053782563265
2026-08-24 12:27:51,980 - INFO - Validation total loss: 3.2199465860113055
2026-08-24 12:27:51,981 - INFO - Validation CE loss: 3.1478630493638855
2026-08-24 12:27:51,981 - INFO - Validation COS align loss: 0.072083557624162
2026-08-24 12:27:51,981 - INFO - Early stop metric (ce): 3.1478630493638855
2026-08-24 12:27:52,040 - INFO - Best validation ce loss: 3.1478630493638855
2026-08-24 12:27:52,040 - INFO - Best model saved to ./ckpt/causal_tiger_Beauty_cos1_token.pth
2026-08-24 12:27:52,041 - INFO - Epoch 8/200
2026-08-24 12:28:15,070 - INFO - Training loss: 3.1191110968125932
2026-08-24 12:28:17,594 - INFO - Validation total loss: 3.1155821264045946
2026-08-24 12:28:17,594 - INFO - Validation CE loss: 3.04502858829089
2026-08-24 12:28:17,594 - INFO - Validation COS align loss: 0.07055355474160976
2026-08-24 12:28:17,594 - INFO - Early stop metric (ce): 3.04502858829089
2026-08-24 12:28:17,652 - INFO - Best validation ce loss: 3.04502858829089
2026-08-24 12:28:17,652 - INFO - Best model saved to ./ckpt/causal_tiger_Beauty_cos1_token.pth
2026-08-24 12:28:17,653 - INFO - Epoch 9/200
2026-08-24 12:28:40,706 - INFO - Training loss: 3.025727753509343
2026-08-24 12:28:43,132 - INFO - Validation total loss: 3.030069656126489
2026-08-24 12:28:43,132 - INFO - Validation CE loss: 2.9606334267767713
2026-08-24 12:28:43,132 - INFO - Validation COS align loss: 0.06943624700087846
2026-08-24 12:28:43,132 - INFO - Early stop metric (ce): 2.9606334267767713
2026-08-24 12:28:43,193 - INFO - Best validation ce loss: 2.9606334267767713
2026-08-24 12:28:43,193 - INFO - Best model saved to ./ckpt/causal_tiger_Beauty_cos1_token.pth
2026-08-24 12:28:43,193 - INFO - Epoch 10/200
2026-08-24 12:29:06,289 - INFO - Training loss: 2.9464622861216503
2026-08-24 12:29:08,707 - INFO - Validation total loss: 2.957076980320681
2026-08-24 12:29:08,707 - INFO - Validation CE loss: 2.888458262185682
2026-08-24 12:29:08,707 - INFO - Validation COS align loss: 0.06861873962336855
2026-08-24 12:29:08,707 - INFO - Early stop metric (ce): 2.888458262185682
2026-08-24 12:29:08,768 - INFO - Best validation ce loss: 2.888458262185682
2026-08-24 12:29:08,768 - INFO - Best model saved to ./ckpt/causal_tiger_Beauty_cos1_token.pth
2026-08-24 12:29:08,768 - INFO - Epoch 11/200
2026-08-24 12:29:31,994 - INFO - Training loss: 2.8790871698104916
2026-08-24 12:29:34,620 - INFO - Validation total loss: 2.895226410018528
2026-08-24 12:29:34,620 - INFO - Validation CE loss: 2.8272514072098955
2026-08-24 12:29:34,620 - INFO - Validation COS align loss: 0.0679750248086299
2026-08-24 12:29:34,620 - INFO - Early stop metric (ce): 2.8272514072098955
2026-08-24 12:29:34,679 - INFO - Best validation ce loss: 2.8272514072098955
2026-08-24 12:29:34,679 - INFO - Best model saved to ./ckpt/causal_tiger_Beauty_cos1_token.pth
2026-08-24 12:29:34,680 - INFO - Epoch 12/200
2026-08-24 12:29:57,932 - INFO - Training loss: 2.8207917111393077
2026-08-24 12:30:00,558 - INFO - Validation total loss: 2.839418563208355
2026-08-24 12:30:00,558 - INFO - Validation CE loss: 2.7719414669045053
2026-08-24 12:30:00,558 - INFO - Validation COS align loss: 0.0674771121643132
2026-08-24 12:30:00,558 - INFO - Early stop metric (ce): 2.7719414669045053
2026-08-24 12:30:00,619 - INFO - Best validation ce loss: 2.7719414669045053
2026-08-24 12:30:00,619 - INFO - Best model saved to ./ckpt/causal_tiger_Beauty_cos1_token.pth
2026-08-24 12:30:00,620 - INFO - Epoch 13/200
2026-08-24 12:30:23,737 - INFO - Training loss: 2.7697667560688717
2026-08-24 12:30:26,317 - INFO - Validation total loss: 2.7908854233860456
2026-08-24 12:30:26,317 - INFO - Validation CE loss: 2.723765315927661
2026-08-24 12:30:26,317 - INFO - Validation COS align loss: 0.06712011897001144
2026-08-24 12:30:26,317 - INFO - Early stop metric (ce): 2.723765315927661
2026-08-24 12:30:26,376 - INFO - Best validation ce loss: 2.723765315927661
2026-08-24 12:30:26,376 - INFO - Best model saved to ./ckpt/causal_tiger_Beauty_cos1_token.pth
2026-08-24 12:30:26,377 - INFO - Epoch 14/200
2026-08-24 12:30:49,555 - INFO - Training loss: 2.7259526480032776
2026-08-24 12:30:52,164 - INFO - Validation total loss: 2.7504353727905535
2026-08-24 12:30:52,164 - INFO - Validation CE loss: 2.683558460980526
2026-08-24 12:30:52,164 - INFO - Validation COS align loss: 0.06687693227514177
2026-08-24 12:30:52,164 - INFO - Early stop metric (ce): 2.683558460980526
2026-08-24 12:30:52,224 - INFO - Best validation ce loss: 2.683558460980526
2026-08-24 12:30:52,224 - INFO - Best model saved to ./ckpt/causal_tiger_Beauty_cos1_token.pth
2026-08-24 12:30:52,224 - INFO - Epoch 15/200
2026-08-24 12:31:15,516 - INFO - Training loss: 2.684488081746528
2026-08-24 12:31:18,104 - INFO - Validation total loss: 2.7119231449176313
2026-08-24 12:31:18,104 - INFO - Validation CE loss: 2.6452595343405596
2026-08-24 12:31:18,104 - INFO - Validation COS align loss: 0.06666363308869717
2026-08-24 12:31:18,104 - INFO - Early stop metric (ce): 2.6452595343405596
2026-08-24 12:31:18,163 - INFO - Best validation ce loss: 2.6452595343405596
2026-08-24 12:31:18,164 - INFO - Best model saved to ./ckpt/causal_tiger_Beauty_cos1_token.pth
2026-08-24 12:31:18,164 - INFO - Epoch 16/200
2026-08-24 12:31:41,435 - INFO - Training loss: 2.6479028570049006
2026-08-24 12:31:44,070 - INFO - Validation total loss: 2.677061899025553
2026-08-24 12:31:44,071 - INFO - Validation CE loss: 2.6105723442437823
2026-08-24 12:31:44,071 - INFO - Validation COS align loss: 0.06648957294455925
2026-08-24 12:31:44,071 - INFO - Early stop metric (ce): 2.6105723442437823
2026-08-24 12:31:44,130 - INFO - Best validation ce loss: 2.6105723442437823
2026-08-24 12:31:44,130 - INFO - Best model saved to ./ckpt/causal_tiger_Beauty_cos1_token.pth
2026-08-24 12:31:44,130 - INFO - Epoch 17/200
2026-08-24 12:32:07,405 - INFO - Training loss: 2.615220308303833
2026-08-24 12:32:09,960 - INFO - Validation total loss: 2.645989561285584
2026-08-24 12:32:09,961 - INFO - Validation CE loss: 2.579538054220666
2026-08-24 12:32:09,961 - INFO - Validation COS align loss: 0.06645152446026455
2026-08-24 12:32:09,961 - INFO - Early stop metric (ce): 2.579538054220666
2026-08-24 12:32:10,020 - INFO - Best validation ce loss: 2.579538054220666
2026-08-24 12:32:10,020 - INFO - Best model saved to ./ckpt/causal_tiger_Beauty_cos1_token.pth
2026-08-24 12:32:10,021 - INFO - Epoch 18/200
2026-08-24 12:32:33,160 - INFO - Training loss: 2.5890586779739144
2026-08-24 12:32:35,706 - INFO - Validation total loss: 2.618461754189029
2026-08-24 12:32:35,706 - INFO - Validation CE loss: 2.5520923101850843
2026-08-24 12:32:35,706 - INFO - Validation COS align loss: 0.06636945858533802
2026-08-24 12:32:35,706 - INFO - Early stop metric (ce): 2.5520923101850843
2026-08-24 12:32:35,772 - INFO - Best validation ce loss: 2.5520923101850843
2026-08-24 12:32:35,772 - INFO - Best model saved to ./ckpt/causal_tiger_Beauty_cos1_token.pth
2026-08-24 12:32:35,772 - INFO - Epoch 19/200
2026-08-24 12:32:58,947 - INFO - Training loss: 2.5620682652358413
2026-08-24 12:33:01,544 - INFO - Validation total loss: 2.6024792966924513
2026-08-24 12:33:01,545 - INFO - Validation CE loss: 2.5362251797459154
2026-08-24 12:33:01,545 - INFO - Validation COS align loss: 0.0662541310163015
2026-08-24 12:33:01,545 - INFO - Early stop metric (ce): 2.5362251797459154
2026-08-24 12:33:01,607 - INFO - Best validation ce loss: 2.5362251797459154
2026-08-24 12:33:01,607 - INFO - Best model saved to ./ckpt/causal_tiger_Beauty_cos1_token.pth
2026-08-24 12:33:01,607 - INFO - Epoch 20/200
2026-08-24 12:33:24,733 - INFO - Training loss: 2.537599985237715
2026-08-24 12:33:27,324 - INFO - Validation total loss: 2.5804486064951817
2026-08-24 12:33:27,325 - INFO - Validation CE loss: 2.5142465543337646
2026-08-24 12:33:27,325 - INFO - Validation COS align loss: 0.06620207160327568
2026-08-24 12:33:27,325 - INFO - Early stop metric (ce): 2.5142465543337646
2026-08-24 12:33:27,387 - INFO - Best validation ce loss: 2.5142465543337646
2026-08-24 12:33:27,387 - INFO - Best model saved to ./ckpt/causal_tiger_Beauty_cos1_token.pth
2026-08-24 12:33:27,388 - INFO - Epoch 21/200
2026-08-24 12:33:50,546 - INFO - Training loss: 2.5154489227769905
2026-08-24 12:33:53,122 - INFO - Validation total loss: 2.556043745110475
2026-08-24 12:33:53,122 - INFO - Validation CE loss: 2.4899468554959276
2026-08-24 12:33:53,122 - INFO - Validation COS align loss: 0.06609691161454491
2026-08-24 12:33:53,122 - INFO - Early stop metric (ce): 2.4899468554959276
2026-08-24 12:33:53,186 - INFO - Best validation ce loss: 2.4899468554959276
2026-08-24 12:33:53,186 - INFO - Best model saved to ./ckpt/causal_tiger_Beauty_cos1_token.pth
2026-08-24 12:33:53,186 - INFO - Epoch 22/200
2026-08-24 12:34:16,377 - INFO - Training loss: 2.496797951742833
2026-08-24 12:34:19,012 - INFO - Validation total loss: 2.5427927500188607
2026-08-24 12:34:19,012 - INFO - Validation CE loss: 2.476742470213272
2026-08-24 12:34:19,012 - INFO - Validation COS align loss: 0.0660503002707027
2026-08-24 12:34:19,012 - INFO - Early stop metric (ce): 2.476742470213272
2026-08-24 12:34:19,073 - INFO - Best validation ce loss: 2.476742470213272
2026-08-24 12:34:19,073 - INFO - Best model saved to ./ckpt/causal_tiger_Beauty_cos1_token.pth
2026-08-24 12:34:19,073 - INFO - Epoch 23/200
2026-08-24 12:34:42,225 - INFO - Training loss: 2.475684005926555
2026-08-24 12:34:44,744 - INFO - Validation total loss: 2.5251009643333666
2026-08-24 12:34:44,744 - INFO - Validation CE loss: 2.459166762654873
2026-08-24 12:34:44,744 - INFO - Validation COS align loss: 0.06593421165523611
2026-08-24 12:34:44,744 - INFO - Early stop metric (ce): 2.459166762654873
2026-08-24 12:34:44,804 - INFO - Best validation ce loss: 2.459166762654873
2026-08-24 12:34:44,804 - INFO - Best model saved to ./ckpt/causal_tiger_Beauty_cos1_token.pth
2026-08-24 12:34:44,804 - INFO - Epoch 24/200
2026-08-24 12:35:07,966 - INFO - Training loss: 2.456718327934176
2026-08-24 12:35:10,547 - INFO - Validation total loss: 2.510578574540789
2026-08-24 12:35:10,547 - INFO - Validation CE loss: 2.444708328390326
2026-08-24 12:35:10,547 - INFO - Validation COS align loss: 0.06587025638301996
2026-08-24 12:35:10,547 - INFO - Early stop metric (ce): 2.444708328390326
2026-08-24 12:35:10,618 - INFO - Best validation ce loss: 2.444708328390326
2026-08-24 12:35:10,618 - INFO - Best model saved to ./ckpt/causal_tiger_Beauty_cos1_token.pth
2026-08-24 12:35:10,619 - INFO - Epoch 25/200
2026-08-24 12:35:33,713 - INFO - Training loss: 2.4402867518510334
2026-08-24 12:35:36,301 - INFO - Validation total loss: 2.496966783580862
2026-08-24 12:35:36,301 - INFO - Validation CE loss: 2.4311952626756335
2026-08-24 12:35:36,301 - INFO - Validation COS align loss: 0.06577152883546035
2026-08-24 12:35:36,301 - INFO - Early stop metric (ce): 2.4311952626756335
2026-08-24 12:35:36,369 - INFO - Best validation ce loss: 2.4311952626756335
2026-08-24 12:35:36,369 - INFO - Best model saved to ./ckpt/causal_tiger_Beauty_cos1_token.pth
2026-08-24 12:35:36,369 - INFO - Epoch 26/200
2026-08-24 12:35:59,681 - INFO - Training loss: 2.4247819788261147
2026-08-24 12:36:02,202 - INFO - Validation total loss: 2.478470759842017
2026-08-24 12:36:02,202 - INFO - Validation CE loss: 2.4126476965237074
2026-08-24 12:36:02,202 - INFO - Validation COS align loss: 0.0658230763648201
2026-08-24 12:36:02,202 - INFO - Early stop metric (ce): 2.4126476965237074
2026-08-24 12:36:02,268 - INFO - Best validation ce loss: 2.4126476965237074
2026-08-24 12:36:02,269 - INFO - Best model saved to ./ckpt/causal_tiger_Beauty_cos1_token.pth
2026-08-24 12:36:02,269 - INFO - Epoch 27/200
2026-08-24 12:36:25,484 - INFO - Training loss: 2.4096047947842787
2026-08-24 12:36:28,040 - INFO - Validation total loss: 2.4713405109782074
2026-08-24 12:36:28,040 - INFO - Validation CE loss: 2.4056177169979898
2026-08-24 12:36:28,040 - INFO - Validation COS align loss: 0.06572281367789011
2026-08-24 12:36:28,040 - INFO - Early stop metric (ce): 2.4056177169979898
2026-08-24 12:36:28,108 - INFO - Best validation ce loss: 2.4056177169979898
2026-08-24 12:36:28,108 - INFO - Best model saved to ./ckpt/causal_tiger_Beauty_cos1_token.pth
2026-08-24 12:36:28,108 - INFO - Epoch 28/200
2026-08-24 12:36:51,273 - INFO - Training loss: 2.3944685004564574
2026-08-24 12:36:53,754 - INFO - Validation total loss: 2.4564238377395107
2026-08-24 12:36:53,754 - INFO - Validation CE loss: 2.390774844030454
2026-08-24 12:36:53,754 - INFO - Validation COS align loss: 0.06564900803463654
2026-08-24 12:36:53,754 - INFO - Early stop metric (ce): 2.390774844030454
2026-08-24 12:36:53,823 - INFO - Best validation ce loss: 2.390774844030454
2026-08-24 12:36:53,823 - INFO - Best model saved to ./ckpt/causal_tiger_Beauty_cos1_token.pth
2026-08-24 12:36:53,824 - INFO - Epoch 29/200
2026-08-24 12:37:16,962 - INFO - Training loss: 2.383928234011283
2026-08-24 12:37:19,434 - INFO - Validation total loss: 2.448208129968766
2026-08-24 12:37:19,434 - INFO - Validation CE loss: 2.382569901421346
2026-08-24 12:37:19,434 - INFO - Validation COS align loss: 0.06563824798927799
2026-08-24 12:37:19,434 - INFO - Early stop metric (ce): 2.382569901421346
2026-08-24 12:37:19,499 - INFO - Best validation ce loss: 2.382569901421346
2026-08-24 12:37:19,499 - INFO - Best model saved to ./ckpt/causal_tiger_Beauty_cos1_token.pth
2026-08-24 12:37:19,499 - INFO - Epoch 30/200
2026-08-24 12:37:42,583 - INFO - Training loss: 2.3710211909698606
2026-08-24 12:37:45,032 - INFO - Validation total loss: 2.441220787973363
2026-08-24 12:37:45,032 - INFO - Validation CE loss: 2.3756539995578225
2026-08-24 12:37:45,032 - INFO - Validation COS align loss: 0.06556679532251644
2026-08-24 12:37:45,032 - INFO - Early stop metric (ce): 2.3756539995578225
2026-08-24 12:37:45,097 - INFO - Best validation ce loss: 2.3756539995578225
2026-08-24 12:37:45,097 - INFO - Best model saved to ./ckpt/causal_tiger_Beauty_cos1_token.pth
2026-08-24 12:37:45,097 - INFO - Epoch 31/200
2026-08-24 12:38:08,212 - INFO - Training loss: 2.359173722304259
2026-08-24 12:38:10,669 - INFO - Validation total loss: 2.4304565150338693
2026-08-24 12:38:10,669 - INFO - Validation CE loss: 2.3649174113130367
2026-08-24 12:38:10,669 - INFO - Validation COS align loss: 0.06553910883711131
2026-08-24 12:38:10,669 - INFO - Early stop metric (ce): 2.3649174113130367
2026-08-24 12:38:10,733 - INFO - Best validation ce loss: 2.3649174113130367
2026-08-24 12:38:10,734 - INFO - Best model saved to ./ckpt/causal_tiger_Beauty_cos1_token.pth
2026-08-24 12:38:10,734 - INFO - Epoch 32/200
2026-08-24 12:38:33,814 - INFO - Training loss: 2.348303446509959
2026-08-24 12:38:36,247 - INFO - Validation total loss: 2.419156316012272
2026-08-24 12:38:36,247 - INFO - Validation CE loss: 2.3536295578715114
2026-08-24 12:38:36,247 - INFO - Validation COS align loss: 0.06552676735006177
2026-08-24 12:38:36,247 - INFO - Early stop metric (ce): 2.3536295578715114
2026-08-24 12:38:36,310 - INFO - Best validation ce loss: 2.3536295578715114
2026-08-24 12:38:36,311 - INFO - Best model saved to ./ckpt/causal_tiger_Beauty_cos1_token.pth
2026-08-24 12:38:36,311 - INFO - Epoch 33/200
2026-08-24 12:38:59,424 - INFO - Training loss: 2.338690395021253
2026-08-24 12:39:01,891 - INFO - Validation total loss: 2.412384490086797
2026-08-24 12:39:01,891 - INFO - Validation CE loss: 2.3469052959409393
2026-08-24 12:39:01,891 - INFO - Validation COS align loss: 0.06547920207608923
2026-08-24 12:39:01,891 - INFO - Early stop metric (ce): 2.3469052959409393
2026-08-24 12:39:01,953 - INFO - Best validation ce loss: 2.3469052959409393
2026-08-24 12:39:01,953 - INFO - Best model saved to ./ckpt/causal_tiger_Beauty_cos1_token.pth
2026-08-24 12:39:01,953 - INFO - Epoch 34/200
2026-08-24 12:39:25,129 - INFO - Training loss: 2.327083546827739
2026-08-24 12:39:27,609 - INFO - Validation total loss: 2.4051890045788156
2026-08-24 12:39:27,609 - INFO - Validation CE loss: 2.3397797023789564
2026-08-24 12:39:27,609 - INFO - Validation COS align loss: 0.06540930706032357
2026-08-24 12:39:27,610 - INFO - Early stop metric (ce): 2.3397797023789564
2026-08-24 12:39:27,674 - INFO - Best validation ce loss: 2.3397797023789564
2026-08-24 12:39:27,674 - INFO - Best model saved to ./ckpt/causal_tiger_Beauty_cos1_token.pth
2026-08-24 12:39:27,674 - INFO - Epoch 35/200
2026-08-24 12:39:50,846 - INFO - Training loss: 2.3186443923512323
2026-08-24 12:39:53,341 - INFO - Validation total loss: 2.4013543932223014
2026-08-24 12:39:53,341 - INFO - Validation CE loss: 2.3359612753462895
2026-08-24 12:39:53,341 - INFO - Validation COS align loss: 0.0653931332248475
2026-08-24 12:39:53,341 - INFO - Early stop metric (ce): 2.3359612753462895
2026-08-24 12:39:53,409 - INFO - Best validation ce loss: 2.3359612753462895
2026-08-24 12:39:53,409 - INFO - Best model saved to ./ckpt/causal_tiger_Beauty_cos1_token.pth
2026-08-24 12:39:53,409 - INFO - Epoch 36/200
2026-08-24 12:40:16,565 - INFO - Training loss: 2.30871194206787
2026-08-24 12:40:19,020 - INFO - Validation total loss: 2.395721525081749
2026-08-24 12:40:19,020 - INFO - Validation CE loss: 2.3303388249720625
2026-08-24 12:40:19,020 - INFO - Validation COS align loss: 0.0653827082957321
2026-08-24 12:40:19,020 - INFO - Early stop metric (ce): 2.3303388249720625
2026-08-24 12:40:19,081 - INFO - Best validation ce loss: 2.3303388249720625
2026-08-24 12:40:19,081 - INFO - Best model saved to ./ckpt/causal_tiger_Beauty_cos1_token.pth
2026-08-24 12:40:19,081 - INFO - Epoch 37/200
2026-08-24 12:40:42,201 - INFO - Training loss: 2.300299608753813
2026-08-24 12:40:44,611 - INFO - Validation total loss: 2.3884175785621347
2026-08-24 12:40:44,611 - INFO - Validation CE loss: 2.323029014174007
2026-08-24 12:40:44,611 - INFO - Validation COS align loss: 0.06538857180673166
2026-08-24 12:40:44,611 - INFO - Early stop metric (ce): 2.323029014174007
2026-08-24 12:40:44,679 - INFO - Best validation ce loss: 2.323029014174007
2026-08-24 12:40:44,679 - INFO - Best model saved to ./ckpt/causal_tiger_Beauty_cos1_token.pth
2026-08-24 12:40:44,679 - INFO - Epoch 38/200
2026-08-24 12:41:07,785 - INFO - Training loss: 2.292869407843059
2026-08-24 12:41:10,190 - INFO - Validation total loss: 2.3813509209473245
2026-08-24 12:41:10,191 - INFO - Validation CE loss: 2.3161071564506566
2026-08-24 12:41:10,191 - INFO - Validation COS align loss: 0.06524377958968985
2026-08-24 12:41:10,191 - INFO - Early stop metric (ce): 2.3161071564506566
2026-08-24 12:41:10,252 - INFO - Best validation ce loss: 2.3161071564506566
2026-08-24 12:41:10,252 - INFO - Best model saved to ./ckpt/causal_tiger_Beauty_cos1_token.pth
2026-08-24 12:41:10,252 - INFO - Epoch 39/200
2026-08-24 12:41:33,362 - INFO - Training loss: 2.2830701593295144
2026-08-24 12:41:35,792 - INFO - Validation total loss: 2.3743213788634208
2026-08-24 12:41:35,792 - INFO - Validation CE loss: 2.3090953837136854
2026-08-24 12:41:35,792 - INFO - Validation COS align loss: 0.06522601407996574
2026-08-24 12:41:35,792 - INFO - Early stop metric (ce): 2.3090953837136854
2026-08-24 12:41:35,853 - INFO - Best validation ce loss: 2.3090953837136854
2026-08-24 12:41:35,854 - INFO - Best model saved to ./ckpt/causal_tiger_Beauty_cos1_token.pth
2026-08-24 12:41:35,854 - INFO - Epoch 40/200
2026-08-24 12:41:58,963 - INFO - Training loss: 2.275374334146077
2026-08-24 12:42:01,465 - INFO - Validation total loss: 2.370383661192374
2026-08-24 12:42:01,466 - INFO - Validation CE loss: 2.305164247623329
2026-08-24 12:42:01,466 - INFO - Validation COS align loss: 0.06521942098764903
2026-08-24 12:42:01,466 - INFO - Early stop metric (ce): 2.305164247623329
2026-08-24 12:42:01,528 - INFO - Best validation ce loss: 2.305164247623329
2026-08-24 12:42:01,528 - INFO - Best model saved to ./ckpt/causal_tiger_Beauty_cos1_token.pth
2026-08-24 12:42:01,529 - INFO - Epoch 41/200
2026-08-24 12:42:24,594 - INFO - Training loss: 2.265681454179816
2026-08-24 12:42:27,051 - INFO - Validation total loss: 2.3683450651782776
2026-08-24 12:42:27,051 - INFO - Validation CE loss: 2.3032341463883035
2026-08-24 12:42:27,051 - INFO - Validation COS align loss: 0.06511093874346033
2026-08-24 12:42:27,051 - INFO - Early stop metric (ce): 2.3032341463883035
2026-08-24 12:42:27,123 - INFO - Best validation ce loss: 2.3032341463883035
2026-08-24 12:42:27,123 - INFO - Best model saved to ./ckpt/causal_tiger_Beauty_cos1_token.pth
2026-08-24 12:42:27,124 - INFO - Epoch 42/200
2026-08-24 12:42:50,216 - INFO - Training loss: 2.258564833073301
2026-08-24 12:42:52,701 - INFO - Validation total loss: 2.3612555260310355
2026-08-24 12:42:52,701 - INFO - Validation CE loss: 2.2960078803254813
2026-08-24 12:42:52,701 - INFO - Validation COS align loss: 0.06524765670555344
2026-08-24 12:42:52,701 - INFO - Early stop metric (ce): 2.2960078803254813
2026-08-24 12:42:52,765 - INFO - Best validation ce loss: 2.2960078803254813
2026-08-24 12:42:52,766 - INFO - Best model saved to ./ckpt/causal_tiger_Beauty_cos1_token.pth
2026-08-24 12:42:52,766 - INFO - Epoch 43/200
2026-08-24 12:43:15,957 - INFO - Training loss: 2.2520393397557594
2026-08-24 12:43:18,509 - INFO - Validation total loss: 2.360540890898316
2026-08-24 12:43:18,509 - INFO - Validation CE loss: 2.295414661133238
2026-08-24 12:43:18,509 - INFO - Validation COS align loss: 0.06512623795112316
2026-08-24 12:43:18,509 - INFO - Early stop metric (ce): 2.295414661133238
2026-08-24 12:43:18,571 - INFO - Best validation ce loss: 2.295414661133238
2026-08-24 12:43:18,571 - INFO - Best model saved to ./ckpt/causal_tiger_Beauty_cos1_token.pth
2026-08-24 12:43:18,572 - INFO - Epoch 44/200
2026-08-24 12:43:41,701 - INFO - Training loss: 2.2465518054331324
2026-08-24 12:43:44,344 - INFO - Validation total loss: 2.3515706394875
2026-08-24 12:43:44,344 - INFO - Validation CE loss: 2.286472489393832
2026-08-24 12:43:44,344 - INFO - Validation COS align loss: 0.0650981636518061
2026-08-24 12:43:44,344 - INFO - Early stop metric (ce): 2.286472489393832
2026-08-24 12:43:44,405 - INFO - Best validation ce loss: 2.286472489393832
2026-08-24 12:43:44,405 - INFO - Best model saved to ./ckpt/causal_tiger_Beauty_cos1_token.pth
2026-08-24 12:43:44,405 - INFO - Epoch 45/200
2026-08-24 12:44:07,691 - INFO - Training loss: 2.238599756348458
2026-08-24 12:44:10,141 - INFO - Validation total loss: 2.3539164388640246
2026-08-24 12:44:10,141 - INFO - Validation CE loss: 2.288769973194139
2026-08-24 12:44:10,141 - INFO - Validation COS align loss: 0.06514647053035032
2026-08-24 12:44:10,141 - INFO - Early stop metric (ce): 2.288769973194139
2026-08-24 12:44:10,141 - INFO - No improvement in validation loss. Early stop counter: 1
2026-08-24 12:44:10,141 - INFO - Epoch 46/200
2026-08-24 12:44:33,383 - INFO - Training loss: 2.2307370325934563
2026-08-24 12:44:35,922 - INFO - Validation total loss: 2.3438489043149824
2026-08-24 12:44:35,922 - INFO - Validation CE loss: 2.278801984029778
2026-08-24 12:44:35,922 - INFO - Validation COS align loss: 0.06504692693636653
2026-08-24 12:44:35,922 - INFO - Early stop metric (ce): 2.278801984029778
2026-08-24 12:44:35,986 - INFO - Best validation ce loss: 2.278801984029778
2026-08-24 12:44:35,986 - INFO - Best model saved to ./ckpt/causal_tiger_Beauty_cos1_token.pth
2026-08-24 12:44:35,986 - INFO - Epoch 47/200
2026-08-24 12:44:59,074 - INFO - Training loss: 2.2258684894918006
2026-08-24 12:45:01,590 - INFO - Validation total loss: 2.3396808522965262
2026-08-24 12:45:01,591 - INFO - Validation CE loss: 2.2746706116352984
2026-08-24 12:45:01,591 - INFO - Validation COS align loss: 0.06501025294029661
2026-08-24 12:45:01,591 - INFO - Early stop metric (ce): 2.2746706116352984
2026-08-24 12:45:01,651 - INFO - Best validation ce loss: 2.2746706116352984
2026-08-24 12:45:01,651 - INFO - Best model saved to ./ckpt/causal_tiger_Beauty_cos1_token.pth
2026-08-24 12:45:01,652 - INFO - Epoch 48/200
2026-08-24 12:45:24,720 - INFO - Training loss: 2.220343062385975
2026-08-24 12:45:27,140 - INFO - Validation total loss: 2.341385132253426
2026-08-24 12:45:27,141 - INFO - Validation CE loss: 2.2764016041939863
2026-08-24 12:45:27,141 - INFO - Validation COS align loss: 0.06498354238501945
2026-08-24 12:45:27,141 - INFO - Early stop metric (ce): 2.2764016041939863
2026-08-24 12:45:27,141 - INFO - No improvement in validation loss. Early stop counter: 1
2026-08-24 12:45:27,141 - INFO - Epoch 49/200
2026-08-24 12:45:50,223 - INFO - Training loss: 2.215018953330786
2026-08-24 12:45:52,687 - INFO - Validation total loss: 2.34053381676326
2026-08-24 12:45:52,687 - INFO - Validation CE loss: 2.275595309908298
2026-08-24 12:45:52,687 - INFO - Validation COS align loss: 0.06493852322705314
2026-08-24 12:45:52,687 - INFO - Early stop metric (ce): 2.275595309908298
2026-08-24 12:45:52,687 - INFO - No improvement in validation loss. Early stop counter: 2
2026-08-24 12:45:52,687 - INFO - Epoch 50/200
2026-08-24 12:46:15,809 - INFO - Training loss: 2.2058989802223237
2026-08-24 12:46:18,315 - INFO - Validation total loss: 2.3354884872109083
2026-08-24 12:46:18,315 - INFO - Validation CE loss: 2.2705737966324637
2026-08-24 12:46:18,315 - INFO - Validation COS align loss: 0.06491470183425707
2026-08-24 12:46:18,315 - INFO - Early stop metric (ce): 2.2705737966324637
2026-08-24 12:46:18,378 - INFO - Best validation ce loss: 2.2705737966324637
2026-08-24 12:46:18,378 - INFO - Best model saved to ./ckpt/causal_tiger_Beauty_cos1_token.pth
2026-08-24 12:46:18,378 - INFO - Epoch 51/200
2026-08-24 12:46:41,488 - INFO - Training loss: 2.2021314184025567
2026-08-24 12:46:43,931 - INFO - Validation total loss: 2.32904153729713
2026-08-24 12:46:43,931 - INFO - Validation CE loss: 2.2639789913856934
2026-08-24 12:46:43,931 - INFO - Validation COS align loss: 0.06506255179515724
2026-08-24 12:46:43,931 - INFO - Early stop metric (ce): 2.2639789913856934
2026-08-24 12:46:43,994 - INFO - Best validation ce loss: 2.2639789913856934
2026-08-24 12:46:43,994 - INFO - Best model saved to ./ckpt/causal_tiger_Beauty_cos1_token.pth
2026-08-24 12:46:43,994 - INFO - Epoch 52/200
2026-08-24 12:47:07,086 - INFO - Training loss: 2.1975310692991266
2026-08-24 12:47:09,532 - INFO - Validation total loss: 2.325020528658265
2026-08-24 12:47:09,533 - INFO - Validation CE loss: 2.2600637085959634
2026-08-24 12:47:09,533 - INFO - Validation COS align loss: 0.06495683336462586
2026-08-24 12:47:09,533 - INFO - Early stop metric (ce): 2.2600637085959634
2026-08-24 12:47:09,589 - INFO - Best validation ce loss: 2.2600637085959634
2026-08-24 12:47:09,590 - INFO - Best model saved to ./ckpt/causal_tiger_Beauty_cos1_token.pth
2026-08-24 12:47:09,590 - INFO - Epoch 53/200
2026-08-24 12:47:32,687 - INFO - Training loss: 2.190456144076841
2026-08-24 12:47:35,131 - INFO - Validation total loss: 2.3300323619351366
2026-08-24 12:47:35,131 - INFO - Validation CE loss: 2.2651511896321703
2026-08-24 12:47:35,131 - INFO - Validation COS align loss: 0.06488118330296529
2026-08-24 12:47:35,131 - INFO - Early stop metric (ce): 2.2651511896321703
2026-08-24 12:47:35,131 - INFO - No improvement in validation loss. Early stop counter: 1
2026-08-24 12:47:35,131 - INFO - Epoch 54/200
2026-08-24 12:47:58,191 - INFO - Training loss: 2.182972731757257
2026-08-24 12:48:00,630 - INFO - Validation total loss: 2.325530513161753
2026-08-24 12:48:00,630 - INFO - Validation CE loss: 2.260654098997812
2026-08-24 12:48:00,630 - INFO - Validation COS align loss: 0.06487643130347452
2026-08-24 12:48:00,630 - INFO - Early stop metric (ce): 2.260654098997812
2026-08-24 12:48:00,630 - INFO - No improvement in validation loss. Early stop counter: 2
2026-08-24 12:48:00,630 - INFO - Epoch 55/200
2026-08-24 12:48:23,705 - INFO - Training loss: 2.1799276450264777
2026-08-24 12:48:26,278 - INFO - Validation total loss: 2.3190068318608494
2026-08-24 12:48:26,279 - INFO - Validation CE loss: 2.254101574165115
2026-08-24 12:48:26,279 - INFO - Validation COS align loss: 0.06490526639340773
2026-08-24 12:48:26,279 - INFO - Early stop metric (ce): 2.254101574165115
2026-08-24 12:48:26,337 - INFO - Best validation ce loss: 2.254101574165115
2026-08-24 12:48:26,337 - INFO - Best model saved to ./ckpt/causal_tiger_Beauty_cos1_token.pth
2026-08-24 12:48:26,338 - INFO - Epoch 56/200
2026-08-24 12:48:49,600 - INFO - Training loss: 2.1746705413328535
2026-08-24 12:48:52,054 - INFO - Validation total loss: 2.32034650841496
2026-08-24 12:48:52,054 - INFO - Validation CE loss: 2.2554302926738887
2026-08-24 12:48:52,054 - INFO - Validation COS align loss: 0.06491622904339574
2026-08-24 12:48:52,054 - INFO - Early stop metric (ce): 2.2554302926738887
2026-08-24 12:48:52,054 - INFO - No improvement in validation loss. Early stop counter: 1
2026-08-24 12:48:52,054 - INFO - Epoch 57/200
2026-08-24 12:49:15,128 - INFO - Training loss: 2.1695803069882817
2026-08-24 12:49:17,558 - INFO - Validation total loss: 2.3173613630139265
2026-08-24 12:49:17,558 - INFO - Validation CE loss: 2.252532336333279
2026-08-24 12:49:17,558 - INFO - Validation COS align loss: 0.0648290407504135
2026-08-24 12:49:17,558 - INFO - Early stop metric (ce): 2.252532336333279
2026-08-24 12:49:17,616 - INFO - Best validation ce loss: 2.252532336333279
2026-08-24 12:49:17,616 - INFO - Best model saved to ./ckpt/causal_tiger_Beauty_cos1_token.pth
2026-08-24 12:49:17,616 - INFO - Epoch 58/200
2026-08-24 12:49:40,805 - INFO - Training loss: 2.16259343614838
2026-08-24 12:49:43,350 - INFO - Validation total loss: 2.315630899990065
2026-08-24 12:49:43,350 - INFO - Validation CE loss: 2.2508160755869655
2026-08-24 12:49:43,350 - INFO - Validation COS align loss: 0.06481483437984287
2026-08-24 12:49:43,350 - INFO - Early stop metric (ce): 2.2508160755869655
2026-08-24 12:49:43,413 - INFO - Best validation ce loss: 2.2508160755869655
2026-08-24 12:49:43,413 - INFO - Best model saved to ./ckpt/causal_tiger_Beauty_cos1_token.pth
2026-08-24 12:49:43,413 - INFO - Epoch 59/200
2026-08-24 12:50:06,530 - INFO - Training loss: 2.160098997071559
2026-08-24 12:50:08,997 - INFO - Validation total loss: 2.3135862959301012
2026-08-24 12:50:08,997 - INFO - Validation CE loss: 2.2488358977526555
2026-08-24 12:50:08,997 - INFO - Validation COS align loss: 0.06475040636349133
2026-08-24 12:50:08,997 - INFO - Early stop metric (ce): 2.2488358977526555
2026-08-24 12:50:09,056 - INFO - Best validation ce loss: 2.2488358977526555
2026-08-24 12:50:09,056 - INFO - Best model saved to ./ckpt/causal_tiger_Beauty_cos1_token.pth
2026-08-24 12:50:09,057 - INFO - Epoch 60/200
2026-08-24 12:50:32,261 - INFO - Training loss: 2.153159302032411
2026-08-24 12:50:34,695 - INFO - Validation total loss: 2.3076279296383837
2026-08-24 12:50:34,695 - INFO - Validation CE loss: 2.2429008642491355
2026-08-24 12:50:34,695 - INFO - Validation COS align loss: 0.06472707869157258
2026-08-24 12:50:34,695 - INFO - Early stop metric (ce): 2.2429008642491355
2026-08-24 12:50:34,761 - INFO - Best validation ce loss: 2.2429008642491355
2026-08-24 12:50:34,761 - INFO - Best model saved to ./ckpt/causal_tiger_Beauty_cos1_token.pth
2026-08-24 12:50:34,761 - INFO - Epoch 61/200
2026-08-24 12:50:57,983 - INFO - Training loss: 2.150714669941928
2026-08-24 12:51:00,470 - INFO - Validation total loss: 2.308554857585563
2026-08-24 12:51:00,471 - INFO - Validation CE loss: 2.2437793609922023
2026-08-24 12:51:00,471 - INFO - Validation COS align loss: 0.0647755050352203
2026-08-24 12:51:00,471 - INFO - Early stop metric (ce): 2.2437793609922023
2026-08-24 12:51:00,471 - INFO - No improvement in validation loss. Early stop counter: 1
2026-08-24 12:51:00,471 - INFO - Epoch 62/200
2026-08-24 12:51:23,668 - INFO - Training loss: 2.1459505038502615
2026-08-24 12:51:26,156 - INFO - Validation total loss: 2.310529953420418
2026-08-24 12:51:26,157 - INFO - Validation CE loss: 2.245759645756734
2026-08-24 12:51:26,157 - INFO - Validation COS align loss: 0.06477032582647299
2026-08-24 12:51:26,157 - INFO - Early stop metric (ce): 2.245759645756734
2026-08-24 12:51:26,157 - INFO - No improvement in validation loss. Early stop counter: 2
2026-08-24 12:51:26,157 - INFO - Epoch 63/200
2026-08-24 12:51:49,381 - INFO - Training loss: 2.139694165626852
2026-08-24 12:51:51,956 - INFO - Validation total loss: 2.3011787889341426
2026-08-24 12:51:51,956 - INFO - Validation CE loss: 2.236449527126525
2026-08-24 12:51:51,956 - INFO - Validation COS align loss: 0.06472927434250009
2026-08-24 12:51:51,956 - INFO - Early stop metric (ce): 2.236449527126525
2026-08-24 12:51:52,028 - INFO - Best validation ce loss: 2.236449527126525
2026-08-24 12:51:52,028 - INFO - Best model saved to ./ckpt/causal_tiger_Beauty_cos1_token.pth
2026-08-24 12:51:52,028 - INFO - Epoch 64/200
2026-08-24 12:52:15,173 - INFO - Training loss: 2.13597536179806
2026-08-24 12:52:17,706 - INFO - Validation total loss: 2.302262014073875
2026-08-24 12:52:17,706 - INFO - Validation CE loss: 2.2375407812421413
2026-08-24 12:52:17,706 - INFO - Validation COS align loss: 0.06472124690149987
2026-08-24 12:52:17,706 - INFO - Early stop metric (ce): 2.2375407812421413
2026-08-24 12:52:17,706 - INFO - No improvement in validation loss. Early stop counter: 1
2026-08-24 12:52:17,707 - INFO - Epoch 65/200
2026-08-24 12:52:40,846 - INFO - Training loss: 2.1322295443093267
2026-08-24 12:52:43,323 - INFO - Validation total loss: 2.3042419969779737
2026-08-24 12:52:43,324 - INFO - Validation CE loss: 2.2395179793558406
2026-08-24 12:52:43,324 - INFO - Validation COS align loss: 0.06472402734306237
2026-08-24 12:52:43,324 - INFO - Early stop metric (ce): 2.2395179793558406
2026-08-24 12:52:43,324 - INFO - No improvement in validation loss. Early stop counter: 2
2026-08-24 12:52:43,324 - INFO - Epoch 66/200
2026-08-24 12:53:06,438 - INFO - Training loss: 2.1273814701848455
2026-08-24 12:53:09,036 - INFO - Validation total loss: 2.3000915971436724
2026-08-24 12:53:09,036 - INFO - Validation CE loss: 2.2353871104031673
2026-08-24 12:53:09,036 - INFO - Validation COS align loss: 0.06470449364748124
2026-08-24 12:53:09,036 - INFO - Early stop metric (ce): 2.2353871104031673
2026-08-24 12:53:09,106 - INFO - Best validation ce loss: 2.2353871104031673
2026-08-24 12:53:09,106 - INFO - Best model saved to ./ckpt/causal_tiger_Beauty_cos1_token.pth
2026-08-24 12:53:09,107 - INFO - Epoch 67/200
2026-08-24 12:53:32,144 - INFO - Training loss: 2.1224014214040703
2026-08-24 12:53:34,816 - INFO - Validation total loss: 2.29670275434404
2026-08-24 12:53:34,816 - INFO - Validation CE loss: 2.232009393974435
2026-08-24 12:53:34,816 - INFO - Validation COS align loss: 0.06469337418355656
2026-08-24 12:53:34,816 - INFO - Early stop metric (ce): 2.232009393974435
2026-08-24 12:53:34,886 - INFO - Best validation ce loss: 2.232009393974435
2026-08-24 12:53:34,886 - INFO - Best model saved to ./ckpt/causal_tiger_Beauty_cos1_token.pth
2026-08-24 12:53:34,887 - INFO - Epoch 68/200
2026-08-24 12:53:58,127 - INFO - Training loss: 2.118649949823372
2026-08-24 12:54:00,609 - INFO - Validation total loss: 2.299044370139617
2026-08-24 12:54:00,609 - INFO - Validation CE loss: 2.2343801797203753
2026-08-24 12:54:00,609 - INFO - Validation COS align loss: 0.06466420551226375
2026-08-24 12:54:00,609 - INFO - Early stop metric (ce): 2.2343801797203753
2026-08-24 12:54:00,609 - INFO - No improvement in validation loss. Early stop counter: 1
2026-08-24 12:54:00,609 - INFO - Epoch 69/200
2026-08-24 12:54:23,807 - INFO - Training loss: 2.1147311253306467
2026-08-24 12:54:26,269 - INFO - Validation total loss: 2.296583998868394
2026-08-24 12:54:26,269 - INFO - Validation CE loss: 2.231839497201944
2026-08-24 12:54:26,269 - INFO - Validation COS align loss: 0.06474451061993709
2026-08-24 12:54:26,269 - INFO - Early stop metric (ce): 2.231839497201944
2026-08-24 12:54:26,337 - INFO - Best validation ce loss: 2.231839497201944
2026-08-24 12:54:26,337 - INFO - Best model saved to ./ckpt/causal_tiger_Beauty_cos1_token.pth
2026-08-24 12:54:26,337 - INFO - Epoch 70/200
2026-08-24 12:54:49,577 - INFO - Training loss: 2.110816058017864
2026-08-24 12:54:52,132 - INFO - Validation total loss: 2.2943959758005428
2026-08-24 12:54:52,132 - INFO - Validation CE loss: 2.2297605460293815
2026-08-24 12:54:52,132 - INFO - Validation COS align loss: 0.06463545100371725
2026-08-24 12:54:52,132 - INFO - Early stop metric (ce): 2.2297605460293815
2026-08-24 12:54:52,197 - INFO - Best validation ce loss: 2.2297605460293815
2026-08-24 12:54:52,198 - INFO - Best model saved to ./ckpt/causal_tiger_Beauty_cos1_token.pth
2026-08-24 12:54:52,198 - INFO - Epoch 71/200
2026-08-24 12:55:15,602 - INFO - Training loss: 2.106245063854099
2026-08-24 12:55:18,176 - INFO - Validation total loss: 2.2946666898645556
2026-08-24 12:55:18,176 - INFO - Validation CE loss: 2.2299674068909345
2026-08-24 12:55:18,176 - INFO - Validation COS align loss: 0.06469929064803881
2026-08-24 12:55:18,176 - INFO - Early stop metric (ce): 2.2299674068909345
2026-08-24 12:55:18,176 - INFO - No improvement in validation loss. Early stop counter: 1
2026-08-24 12:55:18,176 - INFO - Epoch 72/200
2026-08-24 12:55:41,375 - INFO - Training loss: 2.1006947298921963
2026-08-24 12:55:43,824 - INFO - Validation total loss: 2.2971286200658447
2026-08-24 12:55:43,824 - INFO - Validation CE loss: 2.2325309008487815
2026-08-24 12:55:43,824 - INFO - Validation COS align loss: 0.06459773635659606
2026-08-24 12:55:43,824 - INFO - Early stop metric (ce): 2.2325309008487815
2026-08-24 12:55:43,824 - INFO - No improvement in validation loss. Early stop counter: 2
2026-08-24 12:55:43,825 - INFO - Epoch 73/200
2026-08-24 12:56:07,062 - INFO - Training loss: 2.098246701032735
2026-08-24 12:56:09,511 - INFO - Validation total loss: 2.291354975475262
2026-08-24 12:56:09,511 - INFO - Validation CE loss: 2.2267495219799582
2026-08-24 12:56:09,511 - INFO - Validation COS align loss: 0.06460546833251167
2026-08-24 12:56:09,511 - INFO - Early stop metric (ce): 2.2267495219799582
2026-08-24 12:56:09,577 - INFO - Best validation ce loss: 2.2267495219799582
2026-08-24 12:56:09,577 - INFO - Best model saved to ./ckpt/causal_tiger_Beauty_cos1_token.pth
2026-08-24 12:56:09,577 - INFO - Epoch 74/200
2026-08-24 12:56:32,797 - INFO - Training loss: 2.0951128996299864
2026-08-24 12:56:35,263 - INFO - Validation total loss: 2.2878655159422254
2026-08-24 12:56:35,263 - INFO - Validation CE loss: 2.2232773554683245
2026-08-24 12:56:35,263 - INFO - Validation COS align loss: 0.06458817249715584
2026-08-24 12:56:35,263 - INFO - Early stop metric (ce): 2.2232773554683245
2026-08-24 12:56:35,329 - INFO - Best validation ce loss: 2.2232773554683245
2026-08-24 12:56:35,329 - INFO - Best model saved to ./ckpt/causal_tiger_Beauty_cos1_token.pth
2026-08-24 12:56:35,329 - INFO - Epoch 75/200
2026-08-24 12:56:58,403 - INFO - Training loss: 2.0895812882523592
2026-08-24 12:57:00,814 - INFO - Validation total loss: 2.294940156486413
2026-08-24 12:57:00,814 - INFO - Validation CE loss: 2.230368872057215
2026-08-24 12:57:00,814 - INFO - Validation COS align loss: 0.06457129670826663
2026-08-24 12:57:00,814 - INFO - Early stop metric (ce): 2.230368872057215
2026-08-24 12:57:00,814 - INFO - No improvement in validation loss. Early stop counter: 1
2026-08-24 12:57:00,814 - INFO - Epoch 76/200
2026-08-24 12:57:23,903 - INFO - Training loss: 2.088384558718492
2026-08-24 12:57:26,494 - INFO - Validation total loss: 2.2911877913536434
2026-08-24 12:57:26,495 - INFO - Validation CE loss: 2.226574258231298
2026-08-24 12:57:26,495 - INFO - Validation COS align loss: 0.06461354309908822
2026-08-24 12:57:26,495 - INFO - Early stop metric (ce): 2.226574258231298
2026-08-24 12:57:26,495 - INFO - No improvement in validation loss. Early stop counter: 2
2026-08-24 12:57:26,495 - INFO - Epoch 77/200
2026-08-24 12:57:49,631 - INFO - Training loss: 2.0829512736676734
2026-08-24 12:57:52,266 - INFO - Validation total loss: 2.290850626552565
2026-08-24 12:57:52,266 - INFO - Validation CE loss: 2.2262995995165453
2026-08-24 12:57:52,266 - INFO - Validation COS align loss: 0.0645510370127633
2026-08-24 12:57:52,266 - INFO - Early stop metric (ce): 2.2262995995165453
2026-08-24 12:57:52,266 - INFO - No improvement in validation loss. Early stop counter: 3
2026-08-24 12:57:52,266 - INFO - Epoch 78/200
2026-08-24 12:58:15,391 - INFO - Training loss: 2.0784279117324473
2026-08-24 12:58:17,798 - INFO - Validation total loss: 2.2867698664317313
2026-08-24 12:58:17,798 - INFO - Validation CE loss: 2.222194191212306
2026-08-24 12:58:17,798 - INFO - Validation COS align loss: 0.06457568417291273
2026-08-24 12:58:17,798 - INFO - Early stop metric (ce): 2.222194191212306
2026-08-24 12:58:17,863 - INFO - Best validation ce loss: 2.222194191212306
2026-08-24 12:58:17,863 - INFO - Best model saved to ./ckpt/causal_tiger_Beauty_cos1_token.pth
2026-08-24 12:58:17,863 - INFO - Epoch 79/200
2026-08-24 12:58:41,016 - INFO - Training loss: 2.0741157601315687
2026-08-24 12:58:43,444 - INFO - Validation total loss: 2.291313718316893
2026-08-24 12:58:43,444 - INFO - Validation CE loss: 2.2267053925428266
2026-08-24 12:58:43,444 - INFO - Validation COS align loss: 0.06460833498336727
2026-08-24 12:58:43,444 - INFO - Early stop metric (ce): 2.2267053925428266
2026-08-24 12:58:43,444 - INFO - No improvement in validation loss. Early stop counter: 1
2026-08-24 12:58:43,445 - INFO - Epoch 80/200
2026-08-24 12:59:06,468 - INFO - Training loss: 2.0724894791725545
2026-08-24 12:59:08,925 - INFO - Validation total loss: 2.288848956255442
2026-08-24 12:59:08,925 - INFO - Validation CE loss: 2.224324386518912
2026-08-24 12:59:08,925 - INFO - Validation COS align loss: 0.06452458329466791
2026-08-24 12:59:08,925 - INFO - Early stop metric (ce): 2.224324386518912
2026-08-24 12:59:08,925 - INFO - No improvement in validation loss. Early stop counter: 2
2026-08-24 12:59:08,926 - INFO - Epoch 81/200
2026-08-24 12:59:32,053 - INFO - Training loss: 2.0674474981508366
2026-08-24 12:59:34,579 - INFO - Validation total loss: 2.285580818233572
2026-08-24 12:59:34,580 - INFO - Validation CE loss: 2.221015635989766
2026-08-24 12:59:34,580 - INFO - Validation COS align loss: 0.06456518966240944
2026-08-24 12:59:34,580 - INFO - Early stop metric (ce): 2.221015635989766
2026-08-24 12:59:34,645 - INFO - Best validation ce loss: 2.221015635989766
2026-08-24 12:59:34,645 - INFO - Best model saved to ./ckpt/causal_tiger_Beauty_cos1_token.pth
2026-08-24 12:59:34,645 - INFO - Epoch 82/200
2026-08-24 12:59:57,864 - INFO - Training loss: 2.0645972789493516
2026-08-24 13:00:00,339 - INFO - Validation total loss: 2.2881881725123
2026-08-24 13:00:00,339 - INFO - Validation CE loss: 2.2236169136644945
2026-08-24 13:00:00,339 - INFO - Validation COS align loss: 0.06457127624315254
2026-08-24 13:00:00,339 - INFO - Early stop metric (ce): 2.2236169136644945
2026-08-24 13:00:00,339 - INFO - No improvement in validation loss. Early stop counter: 1
2026-08-24 13:00:00,340 - INFO - Epoch 83/200
2026-08-24 13:00:23,470 - INFO - Training loss: 2.059421754532751
2026-08-24 13:00:25,942 - INFO - Validation total loss: 2.290831623670881
2026-08-24 13:00:25,942 - INFO - Validation CE loss: 2.226299398958427
2026-08-24 13:00:25,942 - INFO - Validation COS align loss: 0.06453223238687147
2026-08-24 13:00:25,942 - INFO - Early stop metric (ce): 2.226299398958427
2026-08-24 13:00:25,942 - INFO - No improvement in validation loss. Early stop counter: 2
2026-08-24 13:00:25,943 - INFO - Epoch 84/200
2026-08-24 13:00:49,048 - INFO - Training loss: 2.0573140313189318
2026-08-24 13:00:51,530 - INFO - Validation total loss: 2.2803542434913404
2026-08-24 13:00:51,530 - INFO - Validation CE loss: 2.2158251964994764
2026-08-24 13:00:51,530 - INFO - Validation COS align loss: 0.06452905441046784
2026-08-24 13:00:51,530 - INFO - Early stop metric (ce): 2.2158251964994764
2026-08-24 13:00:51,594 - INFO - Best validation ce loss: 2.2158251964994764
2026-08-24 13:00:51,594 - INFO - Best model saved to ./ckpt/causal_tiger_Beauty_cos1_token.pth
2026-08-24 13:00:51,594 - INFO - Epoch 85/200
2026-08-24 13:01:14,744 - INFO - Training loss: 2.053853612233693
2026-08-24 13:01:17,269 - INFO - Validation total loss: 2.289258523048761
2026-08-24 13:01:17,270 - INFO - Validation CE loss: 2.2247988420494638
2026-08-24 13:01:17,270 - INFO - Validation COS align loss: 0.06445969583650515
2026-08-24 13:01:17,270 - INFO - Early stop metric (ce): 2.2247988420494638
2026-08-24 13:01:17,270 - INFO - No improvement in validation loss. Early stop counter: 1
2026-08-24 13:01:17,270 - INFO - Epoch 86/200
2026-08-24 13:01:40,488 - INFO - Training loss: 2.0505583995974943
2026-08-24 13:01:42,920 - INFO - Validation total loss: 2.28248379721662
2026-08-24 13:01:42,920 - INFO - Validation CE loss: 2.217968388176783
2026-08-24 13:01:42,920 - INFO - Validation COS align loss: 0.06451542490030052
2026-08-24 13:01:42,920 - INFO - Early stop metric (ce): 2.217968388176783
2026-08-24 13:01:42,920 - INFO - No improvement in validation loss. Early stop counter: 2
2026-08-24 13:01:42,920 - INFO - Epoch 87/200
2026-08-24 13:02:06,018 - INFO - Training loss: 2.0452608591387706
2026-08-24 13:02:08,464 - INFO - Validation total loss: 2.283797396099107
2026-08-24 13:02:08,464 - INFO - Validation CE loss: 2.2192750862228
2026-08-24 13:02:08,464 - INFO - Validation COS align loss: 0.06452231115537652
2026-08-24 13:02:08,464 - INFO - Early stop metric (ce): 2.2192750862228
2026-08-24 13:02:08,464 - INFO - No improvement in validation loss. Early stop counter: 3
2026-08-24 13:02:08,464 - INFO - Epoch 88/200
2026-08-24 13:02:31,617 - INFO - Training loss: 2.0413684865843926
2026-08-24 13:02:34,094 - INFO - Validation total loss: 2.2853991601600154
2026-08-24 13:02:34,094 - INFO - Validation CE loss: 2.220856615913784
2026-08-24 13:02:34,094 - INFO - Validation COS align loss: 0.06454255524623036
2026-08-24 13:02:34,094 - INFO - Early stop metric (ce): 2.220856615913784
2026-08-24 13:02:34,094 - INFO - No improvement in validation loss. Early stop counter: 4
2026-08-24 13:02:34,094 - INFO - Epoch 89/200
2026-08-24 13:02:57,221 - INFO - Training loss: 2.0395708925993064
2026-08-24 13:02:59,736 - INFO - Validation total loss: 2.2869313755772143
2026-08-24 13:02:59,736 - INFO - Validation CE loss: 2.2223638035197113
2026-08-24 13:02:59,736 - INFO - Validation COS align loss: 0.06456758177843216
2026-08-24 13:02:59,736 - INFO - Early stop metric (ce): 2.2223638035197113
2026-08-24 13:02:59,737 - INFO - No improvement in validation loss. Early stop counter: 5
2026-08-24 13:02:59,737 - INFO - Epoch 90/200
2026-08-24 13:03:22,828 - INFO - Training loss: 2.0372691766761157
2026-08-24 13:03:25,302 - INFO - Validation total loss: 2.2915039809476663
2026-08-24 13:03:25,302 - INFO - Validation CE loss: 2.2269807465598306
2026-08-24 13:03:25,302 - INFO - Validation COS align loss: 0.0645232389924864
2026-08-24 13:03:25,302 - INFO - Early stop metric (ce): 2.2269807465598306
2026-08-24 13:03:25,302 - INFO - No improvement in validation loss. Early stop counter: 6
2026-08-24 13:03:25,302 - INFO - Epoch 91/200
2026-08-24 13:03:48,430 - INFO - Training loss: 2.032814572989245
2026-08-24 13:03:50,942 - INFO - Validation total loss: 2.2819127586266514
2026-08-24 13:03:50,942 - INFO - Validation CE loss: 2.2174407954891353
2026-08-24 13:03:50,942 - INFO - Validation COS align loss: 0.06447197388170103
2026-08-24 13:03:50,942 - INFO - Early stop metric (ce): 2.2174407954891353
2026-08-24 13:03:50,942 - INFO - No improvement in validation loss. Early stop counter: 7
2026-08-24 13:03:50,942 - INFO - Epoch 92/200
2026-08-24 13:04:14,027 - INFO - Training loss: 2.0301261727448106
2026-08-24 13:04:16,614 - INFO - Validation total loss: 2.286045032509407
2026-08-24 13:04:16,615 - INFO - Validation CE loss: 2.221550856537062
2026-08-24 13:04:16,615 - INFO - Validation COS align loss: 0.06449417699560075
2026-08-24 13:04:16,615 - INFO - Early stop metric (ce): 2.221550856537062
2026-08-24 13:04:16,615 - INFO - No improvement in validation loss. Early stop counter: 8
2026-08-24 13:04:16,615 - INFO - Epoch 93/200
2026-08-24 13:04:39,733 - INFO - Training loss: 2.025690879803223
2026-08-24 13:04:42,182 - INFO - Validation total loss: 2.2854654620133754
2026-08-24 13:04:42,183 - INFO - Validation CE loss: 2.220996916038284
2026-08-24 13:04:42,183 - INFO - Validation COS align loss: 0.06446855876578793
2026-08-24 13:04:42,183 - INFO - Early stop metric (ce): 2.220996916038284
2026-08-24 13:04:42,183 - INFO - No improvement in validation loss. Early stop counter: 9
2026-08-24 13:04:42,183 - INFO - Epoch 94/200
2026-08-24 13:05:05,342 - INFO - Training loss: 2.024229358142452
2026-08-24 13:05:07,770 - INFO - Validation total loss: 2.280723939126142
2026-08-24 13:05:07,770 - INFO - Validation CE loss: 2.2162730791026433
2026-08-24 13:05:07,770 - INFO - Validation COS align loss: 0.06445087204675307
2026-08-24 13:05:07,770 - INFO - Early stop metric (ce): 2.2162730791026433
2026-08-24 13:05:07,770 - INFO - No improvement in validation loss. Early stop counter: 10
2026-08-24 13:05:07,770 - INFO - Early stopping triggered.
2026-08-24 13:05:07,770 - INFO - Loading best model for final testing...
2026-08-24 13:10:01,724 - INFO - Final Epoch: 84
2026-08-24 13:10:01,726 - INFO - Final Test Recalls: {'Recall@5': 0.03639323862725189, 'Recall@10': 0.05675199273334169, 'Recall@20': 0.08355342778637045}
2026-08-24 13:10:01,726 - INFO - Final Test NDCGs: {'NDCG@5': 0.023627653512144423, 'NDCG@10': 0.030169593727879643, 'NDCG@20': 0.036907603722385454}
2026-08-25 17:17:11,483 - INFO - Configuration: {'batch_size': 256, 'infer_size': 96, 'num_epochs': 120, 'lr': 0.001, 'device': 'cuda', 'num_layers': 4, 'num_decoder_layers': 0, 'd_model': 128, 'd_ff': 1024, 'num_heads': 6, 'd_kv': 64, 'dropout_rate': 0.1, 'vocab_size': 1025, 'pad_token_id': 0, 'eos_token_id': 0, 'feed_forward_proj': 'relu', 'max_len': 20, 'dataset_path': '../data/Beauty', 'code_path': '../data/Beauty/Beauty_t5_rqvae.npy', 'item_emb_path': '../data/Beauty/item_emb.parquet', 'item_emb_dim': 768, 'mse_loss_weight': 1.0, 'mse_loss_mode': 'token', 'align_loss_type': 'cos', 'early_stop_metric': 'ce', 'mode': 'train', 'model_type': 'causal', 'log_path': './logs/causal_tiger_Beauty_cos1_token.log', 'tensorboard_dir': None, 'seed': 2025, 'save_path': './ckpt/causal_tiger_Beauty_cos1_token.pth', 'early_stop': 10, 'topk_list': [5, 10, 20], 'beam_size': 30}
2026-08-25 17:17:11,493 - INFO - TensorBoard dir: ./runs/causal_tiger_Beauty_cos1_token
2026-08-25 17:17:11,907 - INFO - #Embedding parameters: 131200
#Non-embedding parameters: 1934784
#Total trainable parameters: 2065984

2026-08-25 17:17:16,164 - INFO - Epoch 1/120
2026-08-25 17:17:29,539 - INFO - Training total loss: 4.304268298445972
2026-08-25 17:17:29,540 - INFO - Training CE loss: 4.200839423947761
2026-08-25 17:17:29,540 - INFO - Training COS align loss: 0.10342887136722817
2026-08-25 17:17:29,540 - INFO - Training geometry effective rank: 58.549903045832416
2026-08-25 17:17:29,540 - INFO - Training geometry avg cosine: 0.7237473451441828
2026-08-25 17:17:31,680 - INFO - Validation total loss: 3.532972269303809
2026-08-25 17:17:31,680 - INFO - Validation CE loss: 3.4601492042705226
2026-08-25 17:17:31,680 - INFO - Validation COS align loss: 0.07282308601002836
2026-08-25 17:17:31,680 - INFO - Early stop metric (ce): 3.4601492042705226
2026-08-25 17:17:31,715 - INFO - Best validation ce loss: 3.4601492042705226
2026-08-25 17:17:31,715 - INFO - Best model saved to ./ckpt/causal_tiger_Beauty_cos1_token.pth
2026-08-25 17:17:31,715 - INFO - Epoch 2/120
2026-08-25 17:17:43,881 - INFO - Training total loss: 3.3598769425418125
2026-08-25 17:17:43,881 - INFO - Training CE loss: 3.2863665438811602
2026-08-25 17:17:43,881 - INFO - Training COS align loss: 0.07351040144374862
2026-08-25 17:17:43,881 - INFO - Training geometry effective rank: 58.68565991323746
2026-08-25 17:17:43,881 - INFO - Training geometry avg cosine: 0.6987612661452609
2026-08-25 17:17:46,022 - INFO - Validation total loss: 3.1844716957198704
2026-08-25 17:17:46,022 - INFO - Validation CE loss: 3.1153710952644182
2026-08-25 17:17:46,022 - INFO - Validation COS align loss: 0.06910061247870646
2026-08-25 17:17:46,022 - INFO - Early stop metric (ce): 3.1153710952644182
2026-08-25 17:17:46,053 - INFO - Best validation ce loss: 3.1153710952644182
2026-08-25 17:17:46,053 - INFO - Best model saved to ./ckpt/causal_tiger_Beauty_cos1_token.pth
2026-08-25 17:17:46,053 - INFO - Epoch 3/120
2026-08-25 17:17:58,348 - INFO - Training total loss: 3.091180694706245
2026-08-25 17:17:58,348 - INFO - Training CE loss: 3.0213188002545546
2026-08-25 17:17:58,348 - INFO - Training COS align loss: 0.06986189132070728
2026-08-25 17:17:58,348 - INFO - Training geometry effective rank: 57.06426751845542
2026-08-25 17:17:58,348 - INFO - Training geometry avg cosine: 0.6906456718880842
2026-08-25 17:18:00,338 - INFO - Validation total loss: 2.973083115442628
2026-08-25 17:18:00,338 - INFO - Validation CE loss: 2.9056215695557164
2026-08-25 17:18:00,338 - INFO - Validation COS align loss: 0.06746155586365467
2026-08-25 17:18:00,338 - INFO - Early stop metric (ce): 2.9056215695557164
2026-08-25 17:18:00,371 - INFO - Best validation ce loss: 2.9056215695557164
2026-08-25 17:18:00,371 - INFO - Best model saved to ./ckpt/causal_tiger_Beauty_cos1_token.pth
2026-08-25 17:18:00,371 - INFO - Epoch 4/120
2026-08-25 17:18:12,719 - INFO - Training total loss: 2.9177239924553304
2026-08-25 17:18:12,719 - INFO - Training CE loss: 2.8488819937761654
2026-08-25 17:18:12,719 - INFO - Training COS align loss: 0.06884200088244932
2026-08-25 17:18:12,719 - INFO - Training geometry effective rank: 54.49739753782517
2026-08-25 17:18:12,719 - INFO - Training geometry avg cosine: 0.6865011323750715
2026-08-25 17:18:14,816 - INFO - Validation total loss: 2.826021142271967
2026-08-25 17:18:14,816 - INFO - Validation CE loss: 2.7589286371362056
2026-08-25 17:18:14,816 - INFO - Validation COS align loss: 0.06709252918227036
2026-08-25 17:18:14,816 - INFO - Early stop metric (ce): 2.7589286371362056
2026-08-25 17:18:14,848 - INFO - Best validation ce loss: 2.7589286371362056
2026-08-25 17:18:14,848 - INFO - Best model saved to ./ckpt/causal_tiger_Beauty_cos1_token.pth
2026-08-25 17:18:14,848 - INFO - Epoch 5/120
2026-08-25 17:18:27,192 - INFO - Training total loss: 2.7944691946534332
2026-08-25 17:18:27,192 - INFO - Training CE loss: 2.7259556259162694
2026-08-25 17:18:27,192 - INFO - Training COS align loss: 0.0685135679254272
2026-08-25 17:18:27,192 - INFO - Training geometry effective rank: 51.65146894492064
2026-08-25 17:18:27,192 - INFO - Training geometry avg cosine: 0.680481395716797
2026-08-25 17:18:29,229 - INFO - Validation total loss: 2.7219012331041657
2026-08-25 17:18:29,229 - INFO - Validation CE loss: 2.6551558715591104
2026-08-25 17:18:29,229 - INFO - Validation COS align loss: 0.06674537305668188
2026-08-25 17:18:29,229 - INFO - Early stop metric (ce): 2.6551558715591104
2026-08-25 17:18:29,261 - INFO - Best validation ce loss: 2.6551558715591104
2026-08-25 17:18:29,261 - INFO - Best model saved to ./ckpt/causal_tiger_Beauty_cos1_token.pth
2026-08-25 17:18:29,261 - INFO - Epoch 6/120
2026-08-25 17:18:41,596 - INFO - Training total loss: 2.6976451447037872
2026-08-25 17:18:41,597 - INFO - Training CE loss: 2.6293352104810426
2026-08-25 17:18:41,597 - INFO - Training COS align loss: 0.06830993085983662
2026-08-25 17:18:41,597 - INFO - Training geometry effective rank: 49.394229532679695
2026-08-25 17:18:41,597 - INFO - Training geometry avg cosine: 0.6743112876721393
2026-08-25 17:18:43,677 - INFO - Validation total loss: 2.646952546717271
2026-08-25 17:18:43,677 - INFO - Validation CE loss: 2.580255105771732
2026-08-25 17:18:43,677 - INFO - Validation COS align loss: 0.06669745092228246
2026-08-25 17:18:43,677 - INFO - Early stop metric (ce): 2.580255105771732
2026-08-25 17:18:43,713 - INFO - Best validation ce loss: 2.580255105771732
2026-08-25 17:18:43,713 - INFO - Best model saved to ./ckpt/causal_tiger_Beauty_cos1_token.pth
2026-08-25 17:18:43,713 - INFO - Epoch 7/120
2026-08-25 17:18:56,211 - INFO - Training total loss: 2.62650969705693
2026-08-25 17:18:56,212 - INFO - Training CE loss: 2.558386907503299
2026-08-25 17:18:56,212 - INFO - Training COS align loss: 0.06812278897381942
2026-08-25 17:18:56,212 - INFO - Training geometry effective rank: 48.27548256365706
2026-08-25 17:18:56,212 - INFO - Training geometry avg cosine: 0.6671724172185831
2026-08-25 17:18:58,374 - INFO - Validation total loss: 2.5806119124776816
2026-08-25 17:18:58,374 - INFO - Validation CE loss: 2.5140314956591365
2026-08-25 17:18:58,374 - INFO - Validation COS align loss: 0.06658042423714895
2026-08-25 17:18:58,374 - INFO - Early stop metric (ce): 2.5140314956591365
2026-08-25 17:18:58,409 - INFO - Best validation ce loss: 2.5140314956591365
2026-08-25 17:18:58,409 - INFO - Best model saved to ./ckpt/causal_tiger_Beauty_cos1_token.pth
2026-08-25 17:18:58,409 - INFO - Epoch 8/120
2026-08-25 17:19:10,918 - INFO - Training total loss: 2.5697157355134124
2026-08-25 17:19:10,919 - INFO - Training CE loss: 2.501667880826423
2026-08-25 17:19:10,919 - INFO - Training COS align loss: 0.06804784912079688
2026-08-25 17:19:10,919 - INFO - Training geometry effective rank: 48.13045112817668
2026-08-25 17:19:10,919 - INFO - Training geometry avg cosine: 0.6614481785881844
2026-08-25 17:19:12,978 - INFO - Validation total loss: 2.5362052206317753
2026-08-25 17:19:12,978 - INFO - Validation CE loss: 2.469820409885292
2026-08-25 17:19:12,979 - INFO - Validation COS align loss: 0.06638482328136591
2026-08-25 17:19:12,979 - INFO - Early stop metric (ce): 2.469820409885292
2026-08-25 17:19:13,011 - INFO - Best validation ce loss: 2.469820409885292
2026-08-25 17:19:13,012 - INFO - Best model saved to ./ckpt/causal_tiger_Beauty_cos1_token.pth
2026-08-25 17:19:13,012 - INFO - Epoch 9/120
2026-08-25 17:19:25,482 - INFO - Training total loss: 2.522953999645515
2026-08-25 17:19:25,482 - INFO - Training CE loss: 2.455056609346709
2026-08-25 17:19:25,482 - INFO - Training COS align loss: 0.06789739435748832
2026-08-25 17:19:25,482 - INFO - Training geometry effective rank: 47.38910800473699
2026-08-25 17:19:25,482 - INFO - Training geometry avg cosine: 0.6552845552737611
2026-08-25 17:19:27,487 - INFO - Validation total loss: 2.504112551140683
2026-08-25 17:19:27,487 - INFO - Validation CE loss: 2.437851894055313
2026-08-25 17:19:27,487 - INFO - Validation COS align loss: 0.06626067959699508
2026-08-25 17:19:27,487 - INFO - Early stop metric (ce): 2.437851894055313
2026-08-25 17:19:27,521 - INFO - Best validation ce loss: 2.437851894055313
2026-08-25 17:19:27,521 - INFO - Best model saved to ./ckpt/causal_tiger_Beauty_cos1_token.pth
2026-08-25 17:19:27,521 - INFO - Epoch 10/120
2026-08-25 17:19:39,931 - INFO - Training total loss: 2.4840774874742855
2026-08-25 17:19:39,931 - INFO - Training CE loss: 2.416290810599865
2026-08-25 17:19:39,931 - INFO - Training COS align loss: 0.06778667513498536
2026-08-25 17:19:39,931 - INFO - Training geometry effective rank: 47.48588343074813
2026-08-25 17:19:39,931 - INFO - Training geometry avg cosine: 0.6512509728220186
2026-08-25 17:19:42,002 - INFO - Validation total loss: 2.4796770278987967
2026-08-25 17:19:42,002 - INFO - Validation CE loss: 2.4136185610243177
2026-08-25 17:19:42,002 - INFO - Validation COS align loss: 0.06605848324656999
2026-08-25 17:19:42,002 - INFO - Early stop metric (ce): 2.4136185610243177
2026-08-25 17:19:42,037 - INFO - Best validation ce loss: 2.4136185610243177
2026-08-25 17:19:42,037 - INFO - Best model saved to ./ckpt/causal_tiger_Beauty_cos1_token.pth
2026-08-25 17:19:42,037 - INFO - Epoch 11/120
2026-08-25 17:19:54,469 - INFO - Training total loss: 2.452646410882705
2026-08-25 17:19:54,470 - INFO - Training CE loss: 2.384882566529953
2026-08-25 17:19:54,470 - INFO - Training COS align loss: 0.06776384771565983
2026-08-25 17:19:54,470 - INFO - Training geometry effective rank: 47.40058771274433
2026-08-25 17:19:54,470 - INFO - Training geometry avg cosine: 0.6462581410482235
2026-08-25 17:19:56,563 - INFO - Validation total loss: 2.4532287658028338
2026-08-25 17:19:56,563 - INFO - Validation CE loss: 2.3872122831099025
2026-08-25 17:19:56,563 - INFO - Validation COS align loss: 0.0660165018789758
2026-08-25 17:19:56,563 - INFO - Early stop metric (ce): 2.3872122831099025
2026-08-25 17:19:56,595 - INFO - Best validation ce loss: 2.3872122831099025
2026-08-25 17:19:56,595 - INFO - Best model saved to ./ckpt/causal_tiger_Beauty_cos1_token.pth
2026-08-25 17:19:56,595 - INFO - Epoch 12/120
2026-08-25 17:20:08,913 - INFO - Training total loss: 2.4240167289392494
2026-08-25 17:20:08,913 - INFO - Training CE loss: 2.3562849402891524
2026-08-25 17:20:08,913 - INFO - Training COS align loss: 0.06773179363647787
2026-08-25 17:20:08,913 - INFO - Training geometry effective rank: 46.82078655406195
2026-08-25 17:20:08,913 - INFO - Training geometry avg cosine: 0.6432020756984963
2026-08-25 17:20:10,935 - INFO - Validation total loss: 2.4364542541585767
2026-08-25 17:20:10,935 - INFO - Validation CE loss: 2.3705387627106367
2026-08-25 17:20:10,935 - INFO - Validation COS align loss: 0.06591551242468183
2026-08-25 17:20:10,935 - INFO - Early stop metric (ce): 2.3705387627106367
2026-08-25 17:20:10,971 - INFO - Best validation ce loss: 2.3705387627106367
2026-08-25 17:20:10,971 - INFO - Best model saved to ./ckpt/causal_tiger_Beauty_cos1_token.pth
2026-08-25 17:20:10,972 - INFO - Epoch 13/120
2026-08-25 17:20:23,297 - INFO - Training total loss: 2.3989263462185395
2026-08-25 17:20:23,298 - INFO - Training CE loss: 2.331303543617753
2026-08-25 17:20:23,298 - INFO - Training COS align loss: 0.06762280086135122
2026-08-25 17:20:23,298 - INFO - Training geometry effective rank: 46.84480972141607
2026-08-25 17:20:23,298 - INFO - Training geometry avg cosine: 0.6393866054278867
2026-08-25 17:20:25,343 - INFO - Validation total loss: 2.4144341874020294
2026-08-25 17:20:25,343 - INFO - Validation CE loss: 2.348465708192326
2026-08-25 17:20:25,343 - INFO - Validation COS align loss: 0.06596849302365544
2026-08-25 17:20:25,343 - INFO - Early stop metric (ce): 2.348465708192326
2026-08-25 17:20:25,374 - INFO - Best validation ce loss: 2.348465708192326
2026-08-25 17:20:25,374 - INFO - Best model saved to ./ckpt/causal_tiger_Beauty_cos1_token.pth
2026-08-25 17:20:25,374 - INFO - Epoch 14/120
2026-08-25 17:20:37,788 - INFO - Training total loss: 2.378086816476013
2026-08-25 17:20:37,788 - INFO - Training CE loss: 2.3105716301773307
2026-08-25 17:20:37,788 - INFO - Training COS align loss: 0.06751518479117159
2026-08-25 17:20:37,788 - INFO - Training geometry effective rank: 46.96048319478907
2026-08-25 17:20:37,788 - INFO - Training geometry avg cosine: 0.6372730530189633
2026-08-25 17:20:39,907 - INFO - Validation total loss: 2.395851893486383
2026-08-25 17:20:39,907 - INFO - Validation CE loss: 2.3301027997880532
2026-08-25 17:20:39,907 - INFO - Validation COS align loss: 0.06574910009367783
2026-08-25 17:20:39,907 - INFO - Early stop metric (ce): 2.3301027997880532
2026-08-25 17:20:39,937 - INFO - Best validation ce loss: 2.3301027997880532
2026-08-25 17:20:39,937 - INFO - Best model saved to ./ckpt/causal_tiger_Beauty_cos1_token.pth
2026-08-25 17:20:39,938 - INFO - Epoch 15/120
2026-08-25 17:20:52,349 - INFO - Training total loss: 2.3618697470728063
2026-08-25 17:20:52,349 - INFO - Training CE loss: 2.294433621117113
2026-08-25 17:20:52,349 - INFO - Training COS align loss: 0.0674361275791658
2026-08-25 17:20:52,349 - INFO - Training geometry effective rank: 46.589488025769185
2026-08-25 17:20:52,349 - INFO - Training geometry avg cosine: 0.6347726785255313
2026-08-25 17:20:54,432 - INFO - Validation total loss: 2.3818911232150164
2026-08-25 17:20:54,432 - INFO - Validation CE loss: 2.3162138088578317
2026-08-25 17:20:54,433 - INFO - Validation COS align loss: 0.06567732919439226
2026-08-25 17:20:54,433 - INFO - Early stop metric (ce): 2.3162138088578317
2026-08-25 17:20:54,466 - INFO - Best validation ce loss: 2.3162138088578317
2026-08-25 17:20:54,466 - INFO - Best model saved to ./ckpt/causal_tiger_Beauty_cos1_token.pth
2026-08-25 17:20:54,466 - INFO - Epoch 16/120
2026-08-25 17:21:06,864 - INFO - Training total loss: 2.3425599568548834
2026-08-25 17:21:06,865 - INFO - Training CE loss: 2.275151441533278
2026-08-25 17:21:06,865 - INFO - Training COS align loss: 0.06740852227934603
2026-08-25 17:21:06,865 - INFO - Training geometry effective rank: 46.34636569486982
2026-08-25 17:21:06,865 - INFO - Training geometry avg cosine: 0.6316938924418349
2026-08-25 17:21:08,948 - INFO - Validation total loss: 2.3781957304017225
2026-08-25 17:21:08,948 - INFO - Validation CE loss: 2.3125976022220986
2026-08-25 17:21:08,948 - INFO - Validation COS align loss: 0.06559815580752786
2026-08-25 17:21:08,948 - INFO - Early stop metric (ce): 2.3125976022220986
2026-08-25 17:21:08,979 - INFO - Best validation ce loss: 2.3125976022220986
2026-08-25 17:21:08,979 - INFO - Best model saved to ./ckpt/causal_tiger_Beauty_cos1_token.pth
2026-08-25 17:21:08,980 - INFO - Epoch 17/120
2026-08-25 17:21:21,309 - INFO - Training total loss: 2.328152240482286
2026-08-25 17:21:21,310 - INFO - Training CE loss: 2.260827398021861
2026-08-25 17:21:21,310 - INFO - Training COS align loss: 0.06732484048906467
2026-08-25 17:21:21,310 - INFO - Training geometry effective rank: 46.157587110764325
2026-08-25 17:21:21,310 - INFO - Training geometry avg cosine: 0.6303491586609109
2026-08-25 17:21:23,335 - INFO - Validation total loss: 2.3573905935614916
2026-08-25 17:21:23,335 - INFO - Validation CE loss: 2.291865232164768
2026-08-25 17:21:23,335 - INFO - Validation COS align loss: 0.06552537597811785
2026-08-25 17:21:23,335 - INFO - Early stop metric (ce): 2.291865232164768
2026-08-25 17:21:23,369 - INFO - Best validation ce loss: 2.291865232164768
2026-08-25 17:21:23,369 - INFO - Best model saved to ./ckpt/causal_tiger_Beauty_cos1_token.pth
2026-08-25 17:21:23,369 - INFO - Epoch 18/120
2026-08-25 17:21:35,665 - INFO - Training total loss: 2.3115021607291375
2026-08-25 17:21:35,665 - INFO - Training CE loss: 2.24423997504238
2026-08-25 17:21:35,665 - INFO - Training COS align loss: 0.06726218104826337
2026-08-25 17:21:35,665 - INFO - Training geometry effective rank: 45.93875945124645
2026-08-25 17:21:35,665 - INFO - Training geometry avg cosine: 0.6292990346363082
2026-08-25 17:21:37,759 - INFO - Validation total loss: 2.3482649080743094
2026-08-25 17:21:37,759 - INFO - Validation CE loss: 2.2828525463398948
2026-08-25 17:21:37,759 - INFO - Validation COS align loss: 0.06541237273441364
2026-08-25 17:21:37,759 - INFO - Early stop metric (ce): 2.2828525463398948
2026-08-25 17:21:37,795 - INFO - Best validation ce loss: 2.2828525463398948
2026-08-25 17:21:37,795 - INFO - Best model saved to ./ckpt/causal_tiger_Beauty_cos1_token.pth
2026-08-25 17:21:37,795 - INFO - Epoch 19/120
2026-08-25 17:21:50,085 - INFO - Training total loss: 2.300213888925337
2026-08-25 17:21:50,086 - INFO - Training CE loss: 2.2329989759838536
2026-08-25 17:21:50,086 - INFO - Training COS align loss: 0.06721491781190211
2026-08-25 17:21:50,086 - INFO - Training geometry effective rank: 45.47242440694965
2026-08-25 17:21:50,086 - INFO - Training geometry avg cosine: 0.63004587074662
2026-08-25 17:21:52,157 - INFO - Validation total loss: 2.343326431487251
2026-08-25 17:21:52,157 - INFO - Validation CE loss: 2.277883896500256
2026-08-25 17:21:52,157 - INFO - Validation COS align loss: 0.0654425495683891
2026-08-25 17:21:52,157 - INFO - Early stop metric (ce): 2.277883896500256
2026-08-25 17:21:52,192 - INFO - Best validation ce loss: 2.277883896500256
2026-08-25 17:21:52,192 - INFO - Best model saved to ./ckpt/causal_tiger_Beauty_cos1_token.pth
2026-08-25 17:21:52,192 - INFO - Epoch 20/120
2026-08-25 17:22:04,450 - INFO - Training total loss: 2.2877119761032816
2026-08-25 17:22:04,450 - INFO - Training CE loss: 2.22056325307616
2026-08-25 17:22:04,450 - INFO - Training COS align loss: 0.06714872511444389
2026-08-25 17:22:04,450 - INFO - Training geometry effective rank: 45.2358385820797
2026-08-25 17:22:04,450 - INFO - Training geometry avg cosine: 0.6278141310242827
2026-08-25 17:22:06,820 - INFO - Validation total loss: 2.3376786688366673
2026-08-25 17:22:06,820 - INFO - Validation CE loss: 2.2721845100877625
2026-08-25 17:22:06,820 - INFO - Validation COS align loss: 0.06549416949308993
2026-08-25 17:22:06,820 - INFO - Early stop metric (ce): 2.2721845100877625
2026-08-25 17:22:06,856 - INFO - Best validation ce loss: 2.2721845100877625
2026-08-25 17:22:06,856 - INFO - Best model saved to ./ckpt/causal_tiger_Beauty_cos1_token.pth
2026-08-25 17:22:06,856 - INFO - Epoch 21/120
2026-08-25 17:22:19,174 - INFO - Training total loss: 2.2764506279726437
2026-08-25 17:22:19,175 - INFO - Training CE loss: 2.209362164545616
2026-08-25 17:22:19,175 - INFO - Training COS align loss: 0.06708846365895253
2026-08-25 17:22:19,175 - INFO - Training geometry effective rank: 45.17244353090279
2026-08-25 17:22:19,175 - INFO - Training geometry avg cosine: 0.6276742257032877
2026-08-25 17:22:21,242 - INFO - Validation total loss: 2.332991797013344
2026-08-25 17:22:21,242 - INFO - Validation CE loss: 2.2676625093165383
2026-08-25 17:22:21,242 - INFO - Validation COS align loss: 0.06532930074331586
2026-08-25 17:22:21,242 - INFO - Early stop metric (ce): 2.2676625093165383
2026-08-25 17:22:21,277 - INFO - Best validation ce loss: 2.2676625093165383
2026-08-25 17:22:21,277 - INFO - Best model saved to ./ckpt/causal_tiger_Beauty_cos1_token.pth
2026-08-25 17:22:21,277 - INFO - Epoch 22/120
2026-08-25 17:22:33,535 - INFO - Training total loss: 2.267016663161697
2026-08-25 17:22:33,535 - INFO - Training CE loss: 2.1999581375010746
2026-08-25 17:22:33,535 - INFO - Training COS align loss: 0.06705852716813292
2026-08-25 17:22:33,535 - INFO - Training geometry effective rank: 44.78702655747707
2026-08-25 17:22:33,535 - INFO - Training geometry avg cosine: 0.6283951866719509
2026-08-25 17:22:35,540 - INFO - Validation total loss: 2.325677787285506
2026-08-25 17:22:35,540 - INFO - Validation CE loss: 2.2604995331539106
2026-08-25 17:22:35,540 - INFO - Validation COS align loss: 0.06517826282926895
2026-08-25 17:22:35,540 - INFO - Early stop metric (ce): 2.2604995331539106
2026-08-25 17:22:35,574 - INFO - Best validation ce loss: 2.2604995331539106
2026-08-25 17:22:35,574 - INFO - Best model saved to ./ckpt/causal_tiger_Beauty_cos1_token.pth
2026-08-25 17:22:35,574 - INFO - Epoch 23/120
2026-08-25 17:22:47,839 - INFO - Training total loss: 2.2564910140018983
2026-08-25 17:22:47,839 - INFO - Training CE loss: 2.1894948501067404
2026-08-25 17:22:47,839 - INFO - Training COS align loss: 0.06699616679421659
2026-08-25 17:22:47,839 - INFO - Training geometry effective rank: 44.643429062245886
2026-08-25 17:22:47,839 - INFO - Training geometry avg cosine: 0.6261051108169184
2026-08-25 17:22:49,839 - INFO - Validation total loss: 2.319057626274011
2026-08-25 17:22:49,839 - INFO - Validation CE loss: 2.2539232529284106
2026-08-25 17:22:49,839 - INFO - Validation COS align loss: 0.06513438460141292
2026-08-25 17:22:49,839 - INFO - Early stop metric (ce): 2.2539232529284106
2026-08-25 17:22:49,874 - INFO - Best validation ce loss: 2.2539232529284106
2026-08-25 17:22:49,874 - INFO - Best model saved to ./ckpt/causal_tiger_Beauty_cos1_token.pth
2026-08-25 17:22:49,874 - INFO - Epoch 24/120
2026-08-25 17:23:02,169 - INFO - Training total loss: 2.247950528382327
2026-08-25 17:23:02,170 - INFO - Training CE loss: 2.1810239548813044
2026-08-25 17:23:02,170 - INFO - Training COS align loss: 0.06692656863060442
2026-08-25 17:23:02,170 - INFO - Training geometry effective rank: 43.99297104549779
2026-08-25 17:23:02,170 - INFO - Training geometry avg cosine: 0.6276495122724006
2026-08-25 17:23:04,206 - INFO - Validation total loss: 2.310125636952118
2026-08-25 17:23:04,206 - INFO - Validation CE loss: 2.2448891948732697
2026-08-25 17:23:04,206 - INFO - Validation COS align loss: 0.065236446427685
2026-08-25 17:23:04,206 - INFO - Early stop metric (ce): 2.2448891948732697
2026-08-25 17:23:04,240 - INFO - Best validation ce loss: 2.2448891948732697
2026-08-25 17:23:04,240 - INFO - Best model saved to ./ckpt/causal_tiger_Beauty_cos1_token.pth
2026-08-25 17:23:04,240 - INFO - Epoch 25/120
2026-08-25 17:23:16,584 - INFO - Training total loss: 2.2382444352027506
2026-08-25 17:23:16,585 - INFO - Training CE loss: 2.1712941594624797
2026-08-25 17:23:16,585 - INFO - Training COS align loss: 0.0669502758562333
2026-08-25 17:23:16,585 - INFO - Training geometry effective rank: 43.665410086338625
2026-08-25 17:23:16,585 - INFO - Training geometry avg cosine: 0.6283152102264449
2026-08-25 17:23:18,557 - INFO - Validation total loss: 2.310497706540153
2026-08-25 17:23:18,557 - INFO - Validation CE loss: 2.245435322303117
2026-08-25 17:23:18,557 - INFO - Validation COS align loss: 0.06506240265563834
2026-08-25 17:23:18,557 - INFO - Early stop metric (ce): 2.245435322303117
2026-08-25 17:23:18,558 - INFO - No improvement in validation loss. Early stop counter: 1
2026-08-25 17:23:18,558 - INFO - Epoch 26/120
2026-08-25 17:23:30,932 - INFO - Training total loss: 2.230866481357975
2026-08-25 17:23:30,933 - INFO - Training CE loss: 2.1639793100060194
2026-08-25 17:23:30,933 - INFO - Training COS align loss: 0.06688717054021961
2026-08-25 17:23:30,933 - INFO - Training geometry effective rank: 42.91571545508121
2026-08-25 17:23:30,933 - INFO - Training geometry avg cosine: 0.6306551867653888
2026-08-25 17:23:32,988 - INFO - Validation total loss: 2.304648753399501
2026-08-25 17:23:32,988 - INFO - Validation CE loss: 2.239607417532303
2026-08-25 17:23:32,988 - INFO - Validation COS align loss: 0.06504135582068447
2026-08-25 17:23:32,988 - INFO - Early stop metric (ce): 2.239607417532303
2026-08-25 17:23:33,023 - INFO - Best validation ce loss: 2.239607417532303
2026-08-25 17:23:33,023 - INFO - Best model saved to ./ckpt/causal_tiger_Beauty_cos1_token.pth
2026-08-25 17:23:33,023 - INFO - Epoch 27/120
2026-08-25 17:23:45,370 - INFO - Training total loss: 2.22334312789635
2026-08-25 17:23:45,370 - INFO - Training CE loss: 2.156534171289971
2026-08-25 17:23:45,370 - INFO - Training COS align loss: 0.06680895579464241
2026-08-25 17:23:45,370 - INFO - Training geometry effective rank: 42.50951881260259
2026-08-25 17:23:45,370 - INFO - Training geometry avg cosine: 0.6290073145456351
2026-08-25 17:23:47,466 - INFO - Validation total loss: 2.294367323617567
2026-08-25 17:23:47,466 - INFO - Validation CE loss: 2.229442142110014
2026-08-25 17:23:47,466 - INFO - Validation COS align loss: 0.06492519250755147
2026-08-25 17:23:47,466 - INFO - Early stop metric (ce): 2.229442142110014
2026-08-25 17:23:47,501 - INFO - Best validation ce loss: 2.229442142110014
2026-08-25 17:23:47,501 - INFO - Best model saved to ./ckpt/causal_tiger_Beauty_cos1_token.pth
2026-08-25 17:23:47,501 - INFO - Epoch 28/120
2026-08-25 17:23:59,755 - INFO - Training total loss: 2.214728750607383
2026-08-25 17:23:59,755 - INFO - Training CE loss: 2.1479811552433654
2026-08-25 17:23:59,755 - INFO - Training COS align loss: 0.0667475964076788
2026-08-25 17:23:59,755 - INFO - Training geometry effective rank: 42.16852044873664
2026-08-25 17:23:59,755 - INFO - Training geometry avg cosine: 0.6311273033284955
2026-08-25 17:24:01,796 - INFO - Validation total loss: 2.289543380041491
2026-08-25 17:24:01,797 - INFO - Validation CE loss: 2.2246799494575535
2026-08-25 17:24:01,797 - INFO - Validation COS align loss: 0.06486343697928564
2026-08-25 17:24:01,797 - INFO - Early stop metric (ce): 2.2246799494575535
2026-08-25 17:24:01,832 - INFO - Best validation ce loss: 2.2246799494575535
2026-08-25 17:24:01,832 - INFO - Best model saved to ./ckpt/causal_tiger_Beauty_cos1_token.pth
2026-08-25 17:24:01,832 - INFO - Epoch 29/120
2026-08-25 17:24:14,185 - INFO - Training total loss: 2.2077650230682315
2026-08-25 17:24:14,185 - INFO - Training CE loss: 2.1410550431054856
2026-08-25 17:24:14,185 - INFO - Training COS align loss: 0.06670998158621881
2026-08-25 17:24:14,185 - INFO - Training geometry effective rank: 41.531357208578505
2026-08-25 17:24:14,185 - INFO - Training geometry avg cosine: 0.6328209237365872
2026-08-25 17:24:16,277 - INFO - Validation total loss: 2.2868793266525596
2026-08-25 17:24:16,277 - INFO - Validation CE loss: 2.222036952624505
2026-08-25 17:24:16,277 - INFO - Validation COS align loss: 0.06484238016758866
2026-08-25 17:24:16,277 - INFO - Early stop metric (ce): 2.222036952624505
2026-08-25 17:24:16,313 - INFO - Best validation ce loss: 2.222036952624505
2026-08-25 17:24:16,313 - INFO - Best model saved to ./ckpt/causal_tiger_Beauty_cos1_token.pth
2026-08-25 17:24:16,313 - INFO - Epoch 30/120
2026-08-25 17:24:28,551 - INFO - Training total loss: 2.2028591331340923
2026-08-25 17:24:28,551 - INFO - Training CE loss: 2.1361836283123448
2026-08-25 17:24:28,551 - INFO - Training COS align loss: 0.06667550006729156
2026-08-25 17:24:28,551 - INFO - Training geometry effective rank: 40.78927691344621
2026-08-25 17:24:28,551 - INFO - Training geometry avg cosine: 0.6338736104130281
2026-08-25 17:24:30,585 - INFO - Validation total loss: 2.2857190871954987
2026-08-25 17:24:30,585 - INFO - Validation CE loss: 2.2208126317789625
2026-08-25 17:24:30,585 - INFO - Validation COS align loss: 0.06490646641653494
2026-08-25 17:24:30,585 - INFO - Early stop metric (ce): 2.2208126317789625
2026-08-25 17:24:30,621 - INFO - Best validation ce loss: 2.2208126317789625
2026-08-25 17:24:30,621 - INFO - Best model saved to ./ckpt/causal_tiger_Beauty_cos1_token.pth
2026-08-25 17:24:30,621 - INFO - Epoch 31/120
2026-08-25 17:24:42,958 - INFO - Training total loss: 2.193001155259544
2026-08-25 17:24:42,958 - INFO - Training CE loss: 2.126346709895227
2026-08-25 17:24:42,958 - INFO - Training COS align loss: 0.06665444026197441
2026-08-25 17:24:42,958 - INFO - Training geometry effective rank: 40.68652241703138
2026-08-25 17:24:42,958 - INFO - Training geometry avg cosine: 0.6344948496799988
2026-08-25 17:24:45,016 - INFO - Validation total loss: 2.2755401717746717
2026-08-25 17:24:45,016 - INFO - Validation CE loss: 2.2106957558398594
2026-08-25 17:24:45,016 - INFO - Validation COS align loss: 0.06484442846969474
2026-08-25 17:24:45,016 - INFO - Early stop metric (ce): 2.2106957558398594
2026-08-25 17:24:45,051 - INFO - Best validation ce loss: 2.2106957558398594
2026-08-25 17:24:45,051 - INFO - Best model saved to ./ckpt/causal_tiger_Beauty_cos1_token.pth
2026-08-25 17:24:45,051 - INFO - Epoch 32/120
2026-08-25 17:24:57,436 - INFO - Training total loss: 2.190316786098109
2026-08-25 17:24:57,436 - INFO - Training CE loss: 2.1237533053071584
2026-08-25 17:24:57,436 - INFO - Training COS align loss: 0.06656348276231075
2026-08-25 17:24:57,436 - INFO - Training geometry effective rank: 39.929700372747874
2026-08-25 17:24:57,436 - INFO - Training geometry avg cosine: 0.6359137236376217
2026-08-25 17:24:59,526 - INFO - Validation total loss: 2.2826719621732
2026-08-25 17:24:59,526 - INFO - Validation CE loss: 2.217785621917299
2026-08-25 17:24:59,526 - INFO - Validation COS align loss: 0.06488635406985303
2026-08-25 17:24:59,526 - INFO - Early stop metric (ce): 2.217785621917299
2026-08-25 17:24:59,526 - INFO - No improvement in validation loss. Early stop counter: 1
2026-08-25 17:24:59,527 - INFO - Epoch 33/120
2026-08-25 17:25:11,919 - INFO - Training total loss: 2.181442078913232
2026-08-25 17:25:11,920 - INFO - Training CE loss: 2.114807477952905
2026-08-25 17:25:11,920 - INFO - Training COS align loss: 0.06663460420727266
2026-08-25 17:25:11,920 - INFO - Training geometry effective rank: 39.79745871547595
2026-08-25 17:25:11,920 - INFO - Training geometry avg cosine: 0.6369107609129138
2026-08-25 17:25:13,970 - INFO - Validation total loss: 2.276352210617884
2026-08-25 17:25:13,970 - INFO - Validation CE loss: 2.2115222640303585
2026-08-25 17:25:13,970 - INFO - Validation COS align loss: 0.06482995298287388
2026-08-25 17:25:13,970 - INFO - Early stop metric (ce): 2.2115222640303585
2026-08-25 17:25:13,971 - INFO - No improvement in validation loss. Early stop counter: 2
2026-08-25 17:25:13,971 - INFO - Epoch 34/120
2026-08-25 17:25:26,322 - INFO - Training total loss: 2.17802481753353
2026-08-25 17:25:26,323 - INFO - Training CE loss: 2.1114904307669704
2026-08-25 17:25:26,323 - INFO - Training COS align loss: 0.06653439198486535
2026-08-25 17:25:26,323 - INFO - Training geometry effective rank: 39.24603032880256
2026-08-25 17:25:26,323 - INFO - Training geometry avg cosine: 0.6379014511052736
2026-08-25 17:25:28,377 - INFO - Validation total loss: 2.273253767787131
2026-08-25 17:25:28,377 - INFO - Validation CE loss: 2.2084348897565587
2026-08-25 17:25:28,377 - INFO - Validation COS align loss: 0.06481889107708255
2026-08-25 17:25:28,377 - INFO - Early stop metric (ce): 2.2084348897565587
2026-08-25 17:25:28,411 - INFO - Best validation ce loss: 2.2084348897565587
2026-08-25 17:25:28,411 - INFO - Best model saved to ./ckpt/causal_tiger_Beauty_cos1_token.pth
2026-08-25 17:25:28,411 - INFO - Epoch 35/120
2026-08-25 17:25:40,739 - INFO - Training total loss: 2.171348220179517
2026-08-25 17:25:40,739 - INFO - Training CE loss: 2.1048396640250653
2026-08-25 17:25:40,739 - INFO - Training COS align loss: 0.0665085585896607
2026-08-25 17:25:40,739 - INFO - Training geometry effective rank: 38.49321252548277
2026-08-25 17:25:40,739 - INFO - Training geometry avg cosine: 0.6393058518027517
2026-08-25 17:25:42,816 - INFO - Validation total loss: 2.2779122151018725
2026-08-25 17:25:42,816 - INFO - Validation CE loss: 2.213123101021599
2026-08-25 17:25:42,816 - INFO - Validation COS align loss: 0.06478912891748126
2026-08-25 17:25:42,816 - INFO - Early stop metric (ce): 2.213123101021599
2026-08-25 17:25:42,817 - INFO - No improvement in validation loss. Early stop counter: 1
2026-08-25 17:25:42,817 - INFO - Epoch 36/120
2026-08-25 17:25:55,149 - INFO - Training total loss: 2.1672976072660215
2026-08-25 17:25:55,149 - INFO - Training CE loss: 2.1007756644185878
2026-08-25 17:25:55,149 - INFO - Training COS align loss: 0.06652193786105293
2026-08-25 17:25:55,150 - INFO - Training geometry effective rank: 37.97377475783055
2026-08-25 17:25:55,150 - INFO - Training geometry avg cosine: 0.6401778501295394
2026-08-25 17:25:57,183 - INFO - Validation total loss: 2.274403255896507
2026-08-25 17:25:57,183 - INFO - Validation CE loss: 2.2096532301841374
2026-08-25 17:25:57,183 - INFO - Validation COS align loss: 0.06475004234027454
2026-08-25 17:25:57,183 - INFO - Early stop metric (ce): 2.2096532301841374
2026-08-25 17:25:57,183 - INFO - No improvement in validation loss. Early stop counter: 2
2026-08-25 17:25:57,184 - INFO - Epoch 37/120
2026-08-25 17:26:09,542 - INFO - Training total loss: 2.16122414583362
2026-08-25 17:26:09,542 - INFO - Training CE loss: 2.0947118837545817
2026-08-25 17:26:09,542 - INFO - Training COS align loss: 0.06651226207903851
2026-08-25 17:26:09,542 - INFO - Training geometry effective rank: 37.41472253910762
2026-08-25 17:26:09,542 - INFO - Training geometry avg cosine: 0.6426266584878766
2026-08-25 17:26:11,615 - INFO - Validation total loss: 2.2685800192182155
2026-08-25 17:26:11,615 - INFO - Validation CE loss: 2.2037751966279977
2026-08-25 17:26:11,615 - INFO - Validation COS align loss: 0.06480484126463469
2026-08-25 17:26:11,616 - INFO - Early stop metric (ce): 2.2037751966279977
2026-08-25 17:26:11,650 - INFO - Best validation ce loss: 2.2037751966279977
2026-08-25 17:26:11,650 - INFO - Best model saved to ./ckpt/causal_tiger_Beauty_cos1_token.pth
2026-08-25 17:26:11,650 - INFO - Epoch 38/120
2026-08-25 17:26:23,971 - INFO - Training total loss: 2.1560327593918442
2026-08-25 17:26:23,972 - INFO - Training CE loss: 2.089575944243702
2026-08-25 17:26:23,972 - INFO - Training COS align loss: 0.06645681085753534
2026-08-25 17:26:23,972 - INFO - Training geometry effective rank: 36.96402466992924
2026-08-25 17:26:23,972 - INFO - Training geometry avg cosine: 0.6440603176443493
2026-08-25 17:26:26,081 - INFO - Validation total loss: 2.263440680094543
2026-08-25 17:26:26,081 - INFO - Validation CE loss: 2.1988015236261065
2026-08-25 17:26:26,081 - INFO - Validation COS align loss: 0.06463917923587587
2026-08-25 17:26:26,081 - INFO - Early stop metric (ce): 2.1988015236261065
2026-08-25 17:26:26,117 - INFO - Best validation ce loss: 2.1988015236261065
2026-08-25 17:26:26,118 - INFO - Best model saved to ./ckpt/causal_tiger_Beauty_cos1_token.pth
2026-08-25 17:26:26,118 - INFO - Epoch 39/120
2026-08-25 17:26:38,414 - INFO - Training total loss: 2.151423015947008
2026-08-25 17:26:38,414 - INFO - Training CE loss: 2.0850402272165054
2026-08-25 17:26:38,414 - INFO - Training COS align loss: 0.06638279070186244
2026-08-25 17:26:38,414 - INFO - Training geometry effective rank: 36.06169664627847
2026-08-25 17:26:38,414 - INFO - Training geometry avg cosine: 0.6459502953499672
2026-08-25 17:26:40,434 - INFO - Validation total loss: 2.266185959521281
2026-08-25 17:26:40,434 - INFO - Validation CE loss: 2.2015391567745946
2026-08-25 17:26:40,434 - INFO - Validation COS align loss: 0.06464680837459319
2026-08-25 17:26:40,434 - INFO - Early stop metric (ce): 2.2015391567745946
2026-08-25 17:26:40,435 - INFO - No improvement in validation loss. Early stop counter: 1
2026-08-25 17:26:40,435 - INFO - Epoch 40/120
2026-08-25 17:26:52,797 - INFO - Training total loss: 2.146306053673711
2026-08-25 17:26:52,797 - INFO - Training CE loss: 2.079903584509972
2026-08-25 17:26:52,797 - INFO - Training COS align loss: 0.06640246858392708
2026-08-25 17:26:52,797 - INFO - Training geometry effective rank: 35.54944987983555
2026-08-25 17:26:52,797 - INFO - Training geometry avg cosine: 0.6465280689154154
2026-08-25 17:26:54,805 - INFO - Validation total loss: 2.264815584784414
2026-08-25 17:26:54,805 - INFO - Validation CE loss: 2.200114498322614
2026-08-25 17:26:54,805 - INFO - Validation COS align loss: 0.06470110488040252
2026-08-25 17:26:54,805 - INFO - Early stop metric (ce): 2.200114498322614
2026-08-25 17:26:54,806 - INFO - No improvement in validation loss. Early stop counter: 2
2026-08-25 17:26:54,806 - INFO - Epoch 41/120
2026-08-25 17:27:07,098 - INFO - Training total loss: 2.1436838973820906
2026-08-25 17:27:07,098 - INFO - Training CE loss: 2.0773438150316825
2026-08-25 17:27:07,098 - INFO - Training COS align loss: 0.06634008316214446
2026-08-25 17:27:07,098 - INFO - Training geometry effective rank: 34.71139400942317
2026-08-25 17:27:07,098 - INFO - Training geometry avg cosine: 0.6504821355240819
2026-08-25 17:27:09,157 - INFO - Validation total loss: 2.2584494608154624
2026-08-25 17:27:09,157 - INFO - Validation CE loss: 2.1937214069612034
2026-08-25 17:27:09,158 - INFO - Validation COS align loss: 0.06472805948216516
2026-08-25 17:27:09,158 - INFO - Early stop metric (ce): 2.1937214069612034
2026-08-25 17:27:09,193 - INFO - Best validation ce loss: 2.1937214069612034
2026-08-25 17:27:09,193 - INFO - Best model saved to ./ckpt/causal_tiger_Beauty_cos1_token.pth
2026-08-25 17:27:09,193 - INFO - Epoch 42/120
2026-08-25 17:27:21,498 - INFO - Training total loss: 2.1371266776949516
2026-08-25 17:27:21,498 - INFO - Training CE loss: 2.070782486798698
2026-08-25 17:27:21,498 - INFO - Training COS align loss: 0.0663441922878013
2026-08-25 17:27:21,498 - INFO - Training geometry effective rank: 34.52517406671428
2026-08-25 17:27:21,498 - INFO - Training geometry avg cosine: 0.6495281884642427
2026-08-25 17:27:23,490 - INFO - Validation total loss: 2.261308525253263
2026-08-25 17:27:23,490 - INFO - Validation CE loss: 2.1966455791129573
2026-08-25 17:27:23,490 - INFO - Validation COS align loss: 0.06466295893100198
2026-08-25 17:27:23,490 - INFO - Early stop metric (ce): 2.1966455791129573
2026-08-25 17:27:23,491 - INFO - No improvement in validation loss. Early stop counter: 1
2026-08-25 17:27:23,491 - INFO - Epoch 43/120
2026-08-25 17:27:35,766 - INFO - Training total loss: 2.13293452578296
2026-08-25 17:27:35,766 - INFO - Training CE loss: 2.0666134519799675
2026-08-25 17:27:35,766 - INFO - Training COS align loss: 0.06632107391895486
2026-08-25 17:27:35,766 - INFO - Training geometry effective rank: 34.19180899000354
2026-08-25 17:27:35,766 - INFO - Training geometry avg cosine: 0.6514822320019689
2026-08-25 17:27:37,860 - INFO - Validation total loss: 2.253398261356763
2026-08-25 17:27:37,860 - INFO - Validation CE loss: 2.18883362399662
2026-08-25 17:27:37,860 - INFO - Validation COS align loss: 0.06456465296479254
2026-08-25 17:27:37,860 - INFO - Early stop metric (ce): 2.18883362399662
2026-08-25 17:27:37,894 - INFO - Best validation ce loss: 2.18883362399662
2026-08-25 17:27:37,894 - INFO - Best model saved to ./ckpt/causal_tiger_Beauty_cos1_token.pth
2026-08-25 17:27:37,895 - INFO - Epoch 44/120
2026-08-25 17:27:50,174 - INFO - Training total loss: 2.130269620669027
2026-08-25 17:27:50,174 - INFO - Training CE loss: 2.06393132831336
2026-08-25 17:27:50,174 - INFO - Training COS align loss: 0.06633829537068824
2026-08-25 17:27:50,174 - INFO - Training geometry effective rank: 33.663759632333246
2026-08-25 17:27:50,174 - INFO - Training geometry avg cosine: 0.6535326467413847
2026-08-25 17:27:52,178 - INFO - Validation total loss: 2.2615707938763205
2026-08-25 17:27:52,178 - INFO - Validation CE loss: 2.1970761743226275
2026-08-25 17:27:52,178 - INFO - Validation COS align loss: 0.06449462364671568
2026-08-25 17:27:52,178 - INFO - Early stop metric (ce): 2.1970761743226275
2026-08-25 17:27:52,179 - INFO - No improvement in validation loss. Early stop counter: 1
2026-08-25 17:27:52,179 - INFO - Epoch 45/120
2026-08-25 17:28:04,559 - INFO - Training total loss: 2.125887152285891
2026-08-25 17:28:04,559 - INFO - Training CE loss: 2.0596158520720813
2026-08-25 17:28:04,559 - INFO - Training COS align loss: 0.06627130125747116
2026-08-25 17:28:04,559 - INFO - Training geometry effective rank: 33.44186728288228
2026-08-25 17:28:04,559 - INFO - Training geometry avg cosine: 0.6538753370366671
2026-08-25 17:28:06,596 - INFO - Validation total loss: 2.2585897629864737
2026-08-25 17:28:06,596 - INFO - Validation CE loss: 2.194078117481117
2026-08-25 17:28:06,596 - INFO - Validation COS align loss: 0.06451165317977448
2026-08-25 17:28:06,596 - INFO - Early stop metric (ce): 2.194078117481117
2026-08-25 17:28:06,597 - INFO - No improvement in validation loss. Early stop counter: 2
2026-08-25 17:28:06,597 - INFO - Epoch 46/120
2026-08-25 17:28:18,951 - INFO - Training total loss: 2.1205413251071588
2026-08-25 17:28:18,951 - INFO - Training CE loss: 2.0542748633061865
2026-08-25 17:28:18,951 - INFO - Training COS align loss: 0.06626646875871295
2026-08-25 17:28:18,951 - INFO - Training geometry effective rank: 32.94871584821768
2026-08-25 17:28:18,951 - INFO - Training geometry avg cosine: 0.6563934639734053
2026-08-25 17:28:20,986 - INFO - Validation total loss: 2.252501849964453
2026-08-25 17:28:20,987 - INFO - Validation CE loss: 2.1880325728731607
2026-08-25 17:28:20,987 - INFO - Validation COS align loss: 0.06446929269594184
2026-08-25 17:28:20,987 - INFO - Early stop metric (ce): 2.1880325728731607
2026-08-25 17:28:21,024 - INFO - Best validation ce loss: 2.1880325728731607
2026-08-25 17:28:21,025 - INFO - Best model saved to ./ckpt/causal_tiger_Beauty_cos1_token.pth
2026-08-25 17:28:21,025 - INFO - Epoch 47/120
2026-08-25 17:28:33,399 - INFO - Training total loss: 2.1178674215472624
2026-08-25 17:28:33,399 - INFO - Training CE loss: 2.051609486921288
2026-08-25 17:28:33,399 - INFO - Training COS align loss: 0.06625793566963552
2026-08-25 17:28:33,399 - INFO - Training geometry effective rank: 32.48501359071249
2026-08-25 17:28:33,399 - INFO - Training geometry avg cosine: 0.6568588344271545
2026-08-25 17:28:35,545 - INFO - Validation total loss: 2.2554888541094735
2026-08-25 17:28:35,545 - INFO - Validation CE loss: 2.191050070038169
2026-08-25 17:28:35,545 - INFO - Validation COS align loss: 0.06443879251316381
2026-08-25 17:28:35,545 - INFO - Early stop metric (ce): 2.191050070038169
2026-08-25 17:28:35,546 - INFO - No improvement in validation loss. Early stop counter: 1
2026-08-25 17:28:35,546 - INFO - Epoch 48/120
2026-08-25 17:28:48,009 - INFO - Training total loss: 2.1139478143087156
2026-08-25 17:28:48,009 - INFO - Training CE loss: 2.0477009988480503
2026-08-25 17:28:48,009 - INFO - Training COS align loss: 0.06624681720010038
2026-08-25 17:28:48,009 - INFO - Training geometry effective rank: 32.41705473666061
2026-08-25 17:28:48,009 - INFO - Training geometry avg cosine: 0.6568144029912317
2026-08-25 17:28:50,011 - INFO - Validation total loss: 2.251071212117764
2026-08-25 17:28:50,011 - INFO - Validation CE loss: 2.1865250521975015
2026-08-25 17:28:50,011 - INFO - Validation COS align loss: 0.06454616810630831
2026-08-25 17:28:50,011 - INFO - Early stop metric (ce): 2.1865250521975015
2026-08-25 17:28:50,049 - INFO - Best validation ce loss: 2.1865250521975015
2026-08-25 17:28:50,049 - INFO - Best model saved to ./ckpt/causal_tiger_Beauty_cos1_token.pth
2026-08-25 17:28:50,049 - INFO - Epoch 49/120
2026-08-25 17:29:02,404 - INFO - Training total loss: 2.1106112441664076
2026-08-25 17:29:02,404 - INFO - Training CE loss: 2.0444071710341634
2026-08-25 17:29:02,404 - INFO - Training COS align loss: 0.06620407069703484
2026-08-25 17:29:02,404 - INFO - Training geometry effective rank: 31.98154939658911
2026-08-25 17:29:02,404 - INFO - Training geometry avg cosine: 0.6579626694263652
2026-08-25 17:29:04,511 - INFO - Validation total loss: 2.2491784310647858
2026-08-25 17:29:04,511 - INFO - Validation CE loss: 2.184696379649281
2026-08-25 17:29:04,511 - INFO - Validation COS align loss: 0.06448206471782897
2026-08-25 17:29:04,511 - INFO - Early stop metric (ce): 2.184696379649281
2026-08-25 17:29:04,551 - INFO - Best validation ce loss: 2.184696379649281
2026-08-25 17:29:04,551 - INFO - Best model saved to ./ckpt/causal_tiger_Beauty_cos1_token.pth
2026-08-25 17:29:04,552 - INFO - Epoch 50/120
2026-08-25 17:29:16,982 - INFO - Training total loss: 2.1082173674023106
2026-08-25 17:29:16,982 - INFO - Training CE loss: 2.042004567639837
2026-08-25 17:29:16,982 - INFO - Training COS align loss: 0.06621279790707599
2026-08-25 17:29:16,982 - INFO - Training geometry effective rank: 31.797992268425016
2026-08-25 17:29:16,982 - INFO - Training geometry avg cosine: 0.658702340223446
2026-08-25 17:29:19,016 - INFO - Validation total loss: 2.258251406604128
2026-08-25 17:29:19,016 - INFO - Validation CE loss: 2.193733910634282
2026-08-25 17:29:19,016 - INFO - Validation COS align loss: 0.06451751336519299
2026-08-25 17:29:19,016 - INFO - Early stop metric (ce): 2.193733910634282
2026-08-25 17:29:19,017 - INFO - No improvement in validation loss. Early stop counter: 1
2026-08-25 17:29:19,017 - INFO - Epoch 51/120
2026-08-25 17:29:31,270 - INFO - Training total loss: 2.103305332855492
2026-08-25 17:29:31,271 - INFO - Training CE loss: 2.0371310805996106
2026-08-25 17:29:31,271 - INFO - Training COS align loss: 0.06617425237184368
2026-08-25 17:29:31,271 - INFO - Training geometry effective rank: 31.6773544192778
2026-08-25 17:29:31,271 - INFO - Training geometry avg cosine: 0.6590173835884272
2026-08-25 17:29:33,310 - INFO - Validation total loss: 2.2493391942568604
2026-08-25 17:29:33,311 - INFO - Validation CE loss: 2.1848834937222525
2026-08-25 17:29:33,311 - INFO - Validation COS align loss: 0.06445570616251409
2026-08-25 17:29:33,311 - INFO - Early stop metric (ce): 2.1848834937222525
2026-08-25 17:29:33,311 - INFO - No improvement in validation loss. Early stop counter: 2
2026-08-25 17:29:33,311 - INFO - Epoch 52/120
2026-08-25 17:29:45,642 - INFO - Training total loss: 2.1004457510862835
2026-08-25 17:29:45,642 - INFO - Training CE loss: 2.034292385272015
2026-08-25 17:29:45,642 - INFO - Training COS align loss: 0.06615335885652772
2026-08-25 17:29:45,642 - INFO - Training geometry effective rank: 31.16877139867048
2026-08-25 17:29:45,642 - INFO - Training geometry avg cosine: 0.6605799075230551
2026-08-25 17:29:47,650 - INFO - Validation total loss: 2.252590212187542
2026-08-25 17:29:47,650 - INFO - Validation CE loss: 2.188170158811905
2026-08-25 17:29:47,650 - INFO - Validation COS align loss: 0.06442007511982079
2026-08-25 17:29:47,650 - INFO - Early stop metric (ce): 2.188170158811905
2026-08-25 17:29:47,651 - INFO - No improvement in validation loss. Early stop counter: 3
2026-08-25 17:29:47,651 - INFO - Epoch 53/120
2026-08-25 17:30:00,025 - INFO - Training total loss: 2.0969895634669737
2026-08-25 17:30:00,025 - INFO - Training CE loss: 2.030862034062931
2026-08-25 17:30:00,025 - INFO - Training COS align loss: 0.06612753021577916
2026-08-25 17:30:00,025 - INFO - Training geometry effective rank: 30.819296443508758
2026-08-25 17:30:00,025 - INFO - Training geometry avg cosine: 0.6619943702731151
2026-08-25 17:30:02,130 - INFO - Validation total loss: 2.2487565667844125
2026-08-25 17:30:02,130 - INFO - Validation CE loss: 2.184242429139788
2026-08-25 17:30:02,130 - INFO - Validation COS align loss: 0.06451414378415873
2026-08-25 17:30:02,130 - INFO - Early stop metric (ce): 2.184242429139788
2026-08-25 17:30:02,169 - INFO - Best validation ce loss: 2.184242429139788
2026-08-25 17:30:02,169 - INFO - Best model saved to ./ckpt/causal_tiger_Beauty_cos1_token.pth
2026-08-25 17:30:02,169 - INFO - Epoch 54/120
2026-08-25 17:30:14,494 - INFO - Training total loss: 2.092640204652274
2026-08-25 17:30:14,494 - INFO - Training CE loss: 2.026490111991125
2026-08-25 17:30:14,494 - INFO - Training COS align loss: 0.06615009590809447
2026-08-25 17:30:14,494 - INFO - Training geometry effective rank: 30.69242509700909
2026-08-25 17:30:14,494 - INFO - Training geometry avg cosine: 0.66273763404746
2026-08-25 17:30:16,491 - INFO - Validation total loss: 2.2457630404075326
2026-08-25 17:30:16,491 - INFO - Validation CE loss: 2.1813575326117323
2026-08-25 17:30:16,491 - INFO - Validation COS align loss: 0.064405512912079
2026-08-25 17:30:16,491 - INFO - Early stop metric (ce): 2.1813575326117323
2026-08-25 17:30:16,530 - INFO - Best validation ce loss: 2.1813575326117323
2026-08-25 17:30:16,530 - INFO - Best model saved to ./ckpt/causal_tiger_Beauty_cos1_token.pth
2026-08-25 17:30:16,530 - INFO - Epoch 55/120
2026-08-25 17:30:28,965 - INFO - Training total loss: 2.091221709891516
2026-08-25 17:30:28,966 - INFO - Training CE loss: 2.025112876168485
2026-08-25 17:30:28,966 - INFO - Training COS align loss: 0.06610882896857503
2026-08-25 17:30:28,966 - INFO - Training geometry effective rank: 30.085149694509543
2026-08-25 17:30:28,966 - INFO - Training geometry avg cosine: 0.663678779792229
2026-08-25 17:30:30,970 - INFO - Validation total loss: 2.251141309738159
2026-08-25 17:30:30,970 - INFO - Validation CE loss: 2.186811130957542
2026-08-25 17:30:30,970 - INFO - Validation COS align loss: 0.06433018287363994
2026-08-25 17:30:30,970 - INFO - Early stop metric (ce): 2.186811130957542
2026-08-25 17:30:30,970 - INFO - No improvement in validation loss. Early stop counter: 1
2026-08-25 17:30:30,971 - INFO - Epoch 56/120
2026-08-25 17:30:43,417 - INFO - Training total loss: 2.0866346157478453
2026-08-25 17:30:43,417 - INFO - Training CE loss: 2.0205263270478304
2026-08-25 17:30:43,417 - INFO - Training COS align loss: 0.06610828916386408
2026-08-25 17:30:43,417 - INFO - Training geometry effective rank: 29.91437219181877
2026-08-25 17:30:43,417 - INFO - Training geometry avg cosine: 0.6639781522379775
2026-08-25 17:30:45,526 - INFO - Validation total loss: 2.2466049716196346
2026-08-25 17:30:45,526 - INFO - Validation CE loss: 2.182235238889768
2026-08-25 17:30:45,526 - INFO - Validation COS align loss: 0.06436974859033019
2026-08-25 17:30:45,526 - INFO - Early stop metric (ce): 2.182235238889768
2026-08-25 17:30:45,526 - INFO - No improvement in validation loss. Early stop counter: 2
2026-08-25 17:30:45,527 - INFO - Epoch 57/120
2026-08-25 17:30:57,928 - INFO - Training total loss: 2.083712876770747
2026-08-25 17:30:57,929 - INFO - Training CE loss: 2.0176097351753293
2026-08-25 17:30:57,929 - INFO - Training COS align loss: 0.06610314136349274
2026-08-25 17:30:57,929 - INFO - Training geometry effective rank: 29.712425105766563
2026-08-25 17:30:57,929 - INFO - Training geometry avg cosine: 0.6648149598201425
2026-08-25 17:31:00,001 - INFO - Validation total loss: 2.2479745599844936
2026-08-25 17:31:00,001 - INFO - Validation CE loss: 2.18365271510996
2026-08-25 17:31:00,001 - INFO - Validation COS align loss: 0.06432185050243984
2026-08-25 17:31:00,001 - INFO - Early stop metric (ce): 2.18365271510996
2026-08-25 17:31:00,002 - INFO - No improvement in validation loss. Early stop counter: 3
2026-08-25 17:31:00,002 - INFO - Epoch 58/120
2026-08-25 17:31:12,738 - INFO - Training total loss: 2.0811875529790202
2026-08-25 17:31:12,738 - INFO - Training CE loss: 2.0151291702971847
2026-08-25 17:31:12,738 - INFO - Training COS align loss: 0.06605837862315345
2026-08-25 17:31:12,738 - INFO - Training geometry effective rank: 29.53330562457964
2026-08-25 17:31:12,738 - INFO - Training geometry avg cosine: 0.6656289602763922
2026-08-25 17:31:14,807 - INFO - Validation total loss: 2.241193209083295
2026-08-25 17:31:14,807 - INFO - Validation CE loss: 2.176705016087053
2026-08-25 17:31:14,807 - INFO - Validation COS align loss: 0.06448821218228647
2026-08-25 17:31:14,807 - INFO - Early stop metric (ce): 2.176705016087053
2026-08-25 17:31:14,845 - INFO - Best validation ce loss: 2.176705016087053
2026-08-25 17:31:14,846 - INFO - Best model saved to ./ckpt/causal_tiger_Beauty_cos1_token.pth
2026-08-25 17:31:14,846 - INFO - Epoch 59/120
2026-08-25 17:31:27,290 - INFO - Training total loss: 2.077697003629885
2026-08-25 17:31:27,290 - INFO - Training CE loss: 2.011615627702572
2026-08-25 17:31:27,290 - INFO - Training COS align loss: 0.06608137070900735
2026-08-25 17:31:27,290 - INFO - Training geometry effective rank: 29.563112422186112
2026-08-25 17:31:27,291 - INFO - Training geometry avg cosine: 0.6647491677725825
2026-08-25 17:31:29,333 - INFO - Validation total loss: 2.2470586806407815
2026-08-25 17:31:29,333 - INFO - Validation CE loss: 2.1827450924165257
2026-08-25 17:31:29,333 - INFO - Validation COS align loss: 0.0643136061312303
2026-08-25 17:31:29,333 - INFO - Early stop metric (ce): 2.1827450924165257
2026-08-25 17:31:29,334 - INFO - No improvement in validation loss. Early stop counter: 1
2026-08-25 17:31:29,334 - INFO - Epoch 60/120
2026-08-25 17:31:41,948 - INFO - Training total loss: 2.0744443357222737
2026-08-25 17:31:41,948 - INFO - Training CE loss: 2.008398312770903
2026-08-25 17:31:41,948 - INFO - Training COS align loss: 0.06604602376310742
2026-08-25 17:31:41,948 - INFO - Training geometry effective rank: 28.737077646218385
2026-08-25 17:31:41,948 - INFO - Training geometry avg cosine: 0.6683545644877021
2026-08-25 17:31:43,988 - INFO - Validation total loss: 2.24404149147574
2026-08-25 17:31:43,988 - INFO - Validation CE loss: 2.179728157018899
2026-08-25 17:31:43,988 - INFO - Validation COS align loss: 0.06431333854986362
2026-08-25 17:31:43,988 - INFO - Early stop metric (ce): 2.179728157018899
2026-08-25 17:31:43,989 - INFO - No improvement in validation loss. Early stop counter: 2
2026-08-25 17:31:43,989 - INFO - Epoch 61/120
2026-08-25 17:31:56,240 - INFO - Training total loss: 2.0716881557197424
2026-08-25 17:31:56,241 - INFO - Training CE loss: 2.005618469492471
2026-08-25 17:31:56,241 - INFO - Training COS align loss: 0.06606968344417527
2026-08-25 17:31:56,241 - INFO - Training geometry effective rank: 28.770164166906927
2026-08-25 17:31:56,241 - INFO - Training geometry avg cosine: 0.6673080882905522
2026-08-25 17:31:58,211 - INFO - Validation total loss: 2.239881875688938
2026-08-25 17:31:58,211 - INFO - Validation CE loss: 2.175451595384164
2026-08-25 17:31:58,211 - INFO - Validation COS align loss: 0.0644302902815168
2026-08-25 17:31:58,211 - INFO - Early stop metric (ce): 2.175451595384164
2026-08-25 17:31:58,247 - INFO - Best validation ce loss: 2.175451595384164
2026-08-25 17:31:58,247 - INFO - Best model saved to ./ckpt/causal_tiger_Beauty_cos1_token.pth
2026-08-25 17:31:58,247 - INFO - Epoch 62/120
2026-08-25 17:32:10,566 - INFO - Training total loss: 2.0707410200560603
2026-08-25 17:32:10,566 - INFO - Training CE loss: 2.004702118584154
2026-08-25 17:32:10,566 - INFO - Training COS align loss: 0.06603890100805676
2026-08-25 17:32:10,566 - INFO - Training geometry effective rank: 28.400575942102574
2026-08-25 17:32:10,566 - INFO - Training geometry avg cosine: 0.6675284894523917
2026-08-25 17:32:12,583 - INFO - Validation total loss: 2.2403340329428088
2026-08-25 17:32:12,583 - INFO - Validation CE loss: 2.1760195693232984
2026-08-25 17:32:12,583 - INFO - Validation COS align loss: 0.06431447947997392
2026-08-25 17:32:12,583 - INFO - Early stop metric (ce): 2.1760195693232984
2026-08-25 17:32:12,584 - INFO - No improvement in validation loss. Early stop counter: 1
2026-08-25 17:32:12,584 - INFO - Epoch 63/120
2026-08-25 17:32:24,851 - INFO - Training total loss: 2.0667195633227724
2026-08-25 17:32:24,851 - INFO - Training CE loss: 2.000643921037592
2026-08-25 17:32:24,851 - INFO - Training COS align loss: 0.06607564274902937
2026-08-25 17:32:24,851 - INFO - Training geometry effective rank: 28.14375381989238
2026-08-25 17:32:24,851 - INFO - Training geometry avg cosine: 0.6684681018270872
2026-08-25 17:32:26,847 - INFO - Validation total loss: 2.240651591652964
2026-08-25 17:32:26,847 - INFO - Validation CE loss: 2.176348031334611
2026-08-25 17:32:26,847 - INFO - Validation COS align loss: 0.0643035764346307
2026-08-25 17:32:26,847 - INFO - Early stop metric (ce): 2.176348031334611
2026-08-25 17:32:26,848 - INFO - No improvement in validation loss. Early stop counter: 2
2026-08-25 17:32:26,848 - INFO - Epoch 64/120
2026-08-25 17:32:39,232 - INFO - Training total loss: 2.063483401495195
2026-08-25 17:32:39,232 - INFO - Training CE loss: 1.9974578799904552
2026-08-25 17:32:39,233 - INFO - Training COS align loss: 0.06602551651835906
2026-08-25 17:32:39,233 - INFO - Training geometry effective rank: 28.053456284192748
2026-08-25 17:32:39,233 - INFO - Training geometry avg cosine: 0.6701968009601771
2026-08-25 17:32:41,261 - INFO - Validation total loss: 2.238402402452133
2026-08-25 17:32:41,261 - INFO - Validation CE loss: 2.1741838250549055
2026-08-25 17:32:41,261 - INFO - Validation COS align loss: 0.06421858788559877
2026-08-25 17:32:41,262 - INFO - Early stop metric (ce): 2.1741838250549055
2026-08-25 17:32:41,300 - INFO - Best validation ce loss: 2.1741838250549055
2026-08-25 17:32:41,300 - INFO - Best model saved to ./ckpt/causal_tiger_Beauty_cos1_token.pth
2026-08-25 17:32:41,300 - INFO - Epoch 65/120
2026-08-25 17:32:53,563 - INFO - Training total loss: 2.061018046933853
2026-08-25 17:32:53,564 - INFO - Training CE loss: 1.9949905693762962
2026-08-25 17:32:53,564 - INFO - Training COS align loss: 0.06602747558619726
2026-08-25 17:32:53,564 - INFO - Training geometry effective rank: 27.763052142547725
2026-08-25 17:32:53,564 - INFO - Training geometry avg cosine: 0.6713382685230864
2026-08-25 17:32:55,543 - INFO - Validation total loss: 2.2445913931842525
2026-08-25 17:32:55,543 - INFO - Validation CE loss: 2.180318240444036
2026-08-25 17:32:55,543 - INFO - Validation COS align loss: 0.06427315785649508
2026-08-25 17:32:55,543 - INFO - Early stop metric (ce): 2.180318240444036
2026-08-25 17:32:55,544 - INFO - No improvement in validation loss. Early stop counter: 1
2026-08-25 17:32:55,544 - INFO - Epoch 66/120
2026-08-25 17:33:07,914 - INFO - Training total loss: 2.0600465185911276
2026-08-25 17:33:07,914 - INFO - Training CE loss: 1.9940319828950013
2026-08-25 17:33:07,914 - INFO - Training COS align loss: 0.0660145395228835
2026-08-25 17:33:07,914 - INFO - Training geometry effective rank: 27.361613125188804
2026-08-25 17:33:07,914 - INFO - Training geometry avg cosine: 0.6711350602862436
2026-08-25 17:33:09,966 - INFO - Validation total loss: 2.241027240077825
2026-08-25 17:33:09,966 - INFO - Validation CE loss: 2.1767301712936598
2026-08-25 17:33:09,966 - INFO - Validation COS align loss: 0.06429707543532735
2026-08-25 17:33:09,966 - INFO - Early stop metric (ce): 2.1767301712936598
2026-08-25 17:33:09,967 - INFO - No improvement in validation loss. Early stop counter: 2
2026-08-25 17:33:09,967 - INFO - Epoch 67/120
2026-08-25 17:33:22,267 - INFO - Training total loss: 2.057524353845574
2026-08-25 17:33:22,268 - INFO - Training CE loss: 1.991505485796279
2026-08-25 17:33:22,268 - INFO - Training COS align loss: 0.0660188656140858
2026-08-25 17:33:22,268 - INFO - Training geometry effective rank: 27.268708470266617
2026-08-25 17:33:22,268 - INFO - Training geometry avg cosine: 0.6710865629786184
2026-08-25 17:33:24,276 - INFO - Validation total loss: 2.2371025167309675
2026-08-25 17:33:24,277 - INFO - Validation CE loss: 2.1726096776422
2026-08-25 17:33:24,277 - INFO - Validation COS align loss: 0.06449285750737006
2026-08-25 17:33:24,277 - INFO - Early stop metric (ce): 2.1726096776422
2026-08-25 17:33:24,314 - INFO - Best validation ce loss: 2.1726096776422
2026-08-25 17:33:24,314 - INFO - Best model saved to ./ckpt/causal_tiger_Beauty_cos1_token.pth
2026-08-25 17:33:24,314 - INFO - Epoch 68/120
2026-08-25 17:33:36,543 - INFO - Training total loss: 2.0531564957900734
2026-08-25 17:33:36,543 - INFO - Training CE loss: 1.9871443134337547
2026-08-25 17:33:36,543 - INFO - Training COS align loss: 0.06601218873424752
2026-08-25 17:33:36,543 - INFO - Training geometry effective rank: 27.39828984746673
2026-08-25 17:33:36,544 - INFO - Training geometry avg cosine: 0.6722828596250556
2026-08-25 17:33:38,642 - INFO - Validation total loss: 2.240965769526273
2026-08-25 17:33:38,642 - INFO - Validation CE loss: 2.1766646322774275
2026-08-25 17:33:38,642 - INFO - Validation COS align loss: 0.06430114722558869
2026-08-25 17:33:38,643 - INFO - Early stop metric (ce): 2.1766646322774275
2026-08-25 17:33:38,643 - INFO - No improvement in validation loss. Early stop counter: 1
2026-08-25 17:33:38,643 - INFO - Epoch 69/120
2026-08-25 17:33:51,127 - INFO - Training total loss: 2.0505858993715815
2026-08-25 17:33:51,127 - INFO - Training CE loss: 1.9846313514598148
2026-08-25 17:33:51,127 - INFO - Training COS align loss: 0.06595454837561582
2026-08-25 17:33:51,127 - INFO - Training geometry effective rank: 27.509885843625792
2026-08-25 17:33:51,127 - INFO - Training geometry avg cosine: 0.6720048087116345
2026-08-25 17:33:53,133 - INFO - Validation total loss: 2.2402080420260777
2026-08-25 17:33:53,133 - INFO - Validation CE loss: 2.175856895201196
2026-08-25 17:33:53,133 - INFO - Validation COS align loss: 0.06435116370860088
2026-08-25 17:33:53,133 - INFO - Early stop metric (ce): 2.175856895201196
2026-08-25 17:33:53,134 - INFO - No improvement in validation loss. Early stop counter: 2
2026-08-25 17:33:53,134 - INFO - Epoch 70/120
2026-08-25 17:34:05,498 - INFO - Training total loss: 2.049135887901143
2026-08-25 17:34:05,498 - INFO - Training CE loss: 1.9831768098044489
2026-08-25 17:34:05,498 - INFO - Training COS align loss: 0.06595908389481125
2026-08-25 17:34:05,498 - INFO - Training geometry effective rank: 27.38464179948146
2026-08-25 17:34:05,498 - INFO - Training geometry avg cosine: 0.673051881187157
2026-08-25 17:34:07,559 - INFO - Validation total loss: 2.241817059946674
2026-08-25 17:34:07,559 - INFO - Validation CE loss: 2.177578995156186
2026-08-25 17:34:07,559 - INFO - Validation COS align loss: 0.06423807272072002
2026-08-25 17:34:07,560 - INFO - Early stop metric (ce): 2.177578995156186
2026-08-25 17:34:07,560 - INFO - No improvement in validation loss. Early stop counter: 3
2026-08-25 17:34:07,560 - INFO - Epoch 71/120
2026-08-25 17:34:19,840 - INFO - Training total loss: 2.0444791150000308
2026-08-25 17:34:19,840 - INFO - Training CE loss: 1.97848945740132
2026-08-25 17:34:19,840 - INFO - Training COS align loss: 0.06598965875833415
2026-08-25 17:34:19,840 - INFO - Training geometry effective rank: 27.058360400366876
2026-08-25 17:34:19,840 - INFO - Training geometry avg cosine: 0.6730578853694381
2026-08-25 17:34:21,941 - INFO - Validation total loss: 2.235727299436479
2026-08-25 17:34:21,941 - INFO - Validation CE loss: 2.1713992372602866
2026-08-25 17:34:21,941 - INFO - Validation COS align loss: 0.06432807036223841
2026-08-25 17:34:21,941 - INFO - Early stop metric (ce): 2.1713992372602866
2026-08-25 17:34:21,978 - INFO - Best validation ce loss: 2.1713992372602866
2026-08-25 17:34:21,978 - INFO - Best model saved to ./ckpt/causal_tiger_Beauty_cos1_token.pth
2026-08-25 17:34:21,978 - INFO - Epoch 72/120
2026-08-25 17:34:34,242 - INFO - Training total loss: 2.045746830882729
2026-08-25 17:34:34,242 - INFO - Training CE loss: 1.9798037824927601
2026-08-25 17:34:34,242 - INFO - Training COS align loss: 0.06594304711438338
2026-08-25 17:34:34,242 - INFO - Training geometry effective rank: 26.426680538904805
2026-08-25 17:34:34,242 - INFO - Training geometry avg cosine: 0.674268108629531
2026-08-25 17:34:36,362 - INFO - Validation total loss: 2.236528629397118
2026-08-25 17:34:36,363 - INFO - Validation CE loss: 2.1722627407491464
2026-08-25 17:34:36,363 - INFO - Validation COS align loss: 0.06426589555494774
2026-08-25 17:34:36,363 - INFO - Early stop metric (ce): 2.1722627407491464
2026-08-25 17:34:36,363 - INFO - No improvement in validation loss. Early stop counter: 1
2026-08-25 17:34:36,363 - INFO - Epoch 73/120
2026-08-25 17:34:48,742 - INFO - Training total loss: 2.0431511522730963
2026-08-25 17:34:48,742 - INFO - Training CE loss: 1.9771830293455013
2026-08-25 17:34:48,742 - INFO - Training COS align loss: 0.06596812466703036
2026-08-25 17:34:48,742 - INFO - Training geometry effective rank: 26.670415288279493
2026-08-25 17:34:48,742 - INFO - Training geometry avg cosine: 0.6738883683653657
2026-08-25 17:34:50,838 - INFO - Validation total loss: 2.2348257410679766
2026-08-25 17:34:50,838 - INFO - Validation CE loss: 2.1704946817758257
2026-08-25 17:34:50,838 - INFO - Validation COS align loss: 0.06433106824563808
2026-08-25 17:34:50,838 - INFO - Early stop metric (ce): 2.1704946817758257
2026-08-25 17:34:50,875 - INFO - Best validation ce loss: 2.1704946817758257
2026-08-25 17:34:50,875 - INFO - Best model saved to ./ckpt/causal_tiger_Beauty_cos1_token.pth
2026-08-25 17:34:50,876 - INFO - Epoch 74/120
2026-08-25 17:35:03,152 - INFO - Training total loss: 2.039877147989978
2026-08-25 17:35:03,152 - INFO - Training CE loss: 1.9739462366827731
2026-08-25 17:35:03,152 - INFO - Training COS align loss: 0.06593091119124268
2026-08-25 17:35:03,152 - INFO - Training geometry effective rank: 26.59978956749467
2026-08-25 17:35:03,152 - INFO - Training geometry avg cosine: 0.6737169329990209
2026-08-25 17:35:05,213 - INFO - Validation total loss: 2.2392195406901476
2026-08-25 17:35:05,213 - INFO - Validation CE loss: 2.1749506017169216
2026-08-25 17:35:05,213 - INFO - Validation COS align loss: 0.06426896046159605
2026-08-25 17:35:05,213 - INFO - Early stop metric (ce): 2.1749506017169216
2026-08-25 17:35:05,214 - INFO - No improvement in validation loss. Early stop counter: 1
2026-08-25 17:35:05,214 - INFO - Epoch 75/120
2026-08-25 17:35:17,482 - INFO - Training total loss: 2.0381083333074814
2026-08-25 17:35:17,483 - INFO - Training CE loss: 1.9721435749113327
2026-08-25 17:35:17,483 - INFO - Training COS align loss: 0.0659647513224457
2026-08-25 17:35:17,483 - INFO - Training geometry effective rank: 26.172084377897388
2026-08-25 17:35:17,483 - INFO - Training geometry avg cosine: 0.6752118547139001
2026-08-25 17:35:19,665 - INFO - Validation total loss: 2.2378398164659097
2026-08-25 17:35:19,665 - INFO - Validation CE loss: 2.173607501860852
2026-08-25 17:35:19,665 - INFO - Validation COS align loss: 0.0642323194655226
2026-08-25 17:35:19,665 - INFO - Early stop metric (ce): 2.173607501860852
2026-08-25 17:35:19,666 - INFO - No improvement in validation loss. Early stop counter: 2
2026-08-25 17:35:19,666 - INFO - Epoch 76/120
2026-08-25 17:35:31,953 - INFO - Training total loss: 2.0359882341284696
2026-08-25 17:35:31,953 - INFO - Training CE loss: 1.970092454077205
2026-08-25 17:35:31,953 - INFO - Training COS align loss: 0.06589577738413087
2026-08-25 17:35:31,953 - INFO - Training geometry effective rank: 25.897330744257232
2026-08-25 17:35:31,953 - INFO - Training geometry avg cosine: 0.6770896170621716
2026-08-25 17:35:34,042 - INFO - Validation total loss: 2.2419624395124904
2026-08-25 17:35:34,042 - INFO - Validation CE loss: 2.1776941431438464
2026-08-25 17:35:34,042 - INFO - Validation COS align loss: 0.06426830941515418
2026-08-25 17:35:34,042 - INFO - Early stop metric (ce): 2.1776941431438464
2026-08-25 17:35:34,043 - INFO - No improvement in validation loss. Early stop counter: 3
2026-08-25 17:35:34,043 - INFO - Epoch 77/120
2026-08-25 17:35:46,364 - INFO - Training total loss: 2.033551890794405
2026-08-25 17:35:46,365 - INFO - Training CE loss: 1.967626820046614
2026-08-25 17:35:46,365 - INFO - Training COS align loss: 0.06592507619802127
2026-08-25 17:35:46,365 - INFO - Training geometry effective rank: 25.935811643934436
2026-08-25 17:35:46,365 - INFO - Training geometry avg cosine: 0.6767519115242049
2026-08-25 17:35:48,431 - INFO - Validation total loss: 2.242653241996601
2026-08-25 17:35:48,431 - INFO - Validation CE loss: 2.1783736166524275
2026-08-25 17:35:48,431 - INFO - Validation COS align loss: 0.06427963890231218
2026-08-25 17:35:48,431 - INFO - Early stop metric (ce): 2.1783736166524275
2026-08-25 17:35:48,432 - INFO - No improvement in validation loss. Early stop counter: 4
2026-08-25 17:35:48,432 - INFO - Epoch 78/120
2026-08-25 17:36:00,895 - INFO - Training total loss: 2.0325355425419045
2026-08-25 17:36:00,895 - INFO - Training CE loss: 1.9666176957842905
2026-08-25 17:36:00,895 - INFO - Training COS align loss: 0.06591784884493639
2026-08-25 17:36:00,895 - INFO - Training geometry effective rank: 25.81847330382826
2026-08-25 17:36:00,895 - INFO - Training geometry avg cosine: 0.6776294298904879
2026-08-25 17:36:03,119 - INFO - Validation total loss: 2.2413131837681126
2026-08-25 17:36:03,119 - INFO - Validation CE loss: 2.1770433632600974
2026-08-25 17:36:03,119 - INFO - Validation COS align loss: 0.0642698350894093
2026-08-25 17:36:03,119 - INFO - Early stop metric (ce): 2.1770433632600974
2026-08-25 17:36:03,120 - INFO - No improvement in validation loss. Early stop counter: 5
2026-08-25 17:36:03,120 - INFO - Epoch 79/120
2026-08-25 17:36:15,670 - INFO - Training total loss: 2.027936147808565
2026-08-25 17:36:15,670 - INFO - Training CE loss: 1.9620009236298646
2026-08-25 17:36:15,670 - INFO - Training COS align loss: 0.06593522557024827
2026-08-25 17:36:15,670 - INFO - Training geometry effective rank: 25.600335507077467
2026-08-25 17:36:15,670 - INFO - Training geometry avg cosine: 0.6783856533844648
2026-08-25 17:36:17,763 - INFO - Validation total loss: 2.238998487271976
2026-08-25 17:36:17,764 - INFO - Validation CE loss: 2.1747247190434535
2026-08-25 17:36:17,764 - INFO - Validation COS align loss: 0.0642737869029393
2026-08-25 17:36:17,764 - INFO - Early stop metric (ce): 2.1747247190434535
2026-08-25 17:36:17,764 - INFO - No improvement in validation loss. Early stop counter: 6
2026-08-25 17:36:17,764 - INFO - Epoch 80/120
2026-08-25 17:36:30,216 - INFO - Training total loss: 2.0253102707491775
2026-08-25 17:36:30,216 - INFO - Training CE loss: 1.959415778807629
2026-08-25 17:36:30,216 - INFO - Training COS align loss: 0.06589448973826398
2026-08-25 17:36:30,217 - INFO - Training geometry effective rank: 25.4156155345041
2026-08-25 17:36:30,217 - INFO - Training geometry avg cosine: 0.6794429387795786
2026-08-25 17:36:32,341 - INFO - Validation total loss: 2.244630306575431
2026-08-25 17:36:32,342 - INFO - Validation CE loss: 2.180349297277917
2026-08-25 17:36:32,342 - INFO - Validation COS align loss: 0.06428101876262943
2026-08-25 17:36:32,342 - INFO - Early stop metric (ce): 2.180349297277917
2026-08-25 17:36:32,342 - INFO - No improvement in validation loss. Early stop counter: 7
2026-08-25 17:36:32,343 - INFO - Epoch 81/120
2026-08-25 17:36:44,989 - INFO - Training total loss: 2.0241314803579904
2026-08-25 17:36:44,989 - INFO - Training CE loss: 1.9581941182975175
2026-08-25 17:36:44,989 - INFO - Training COS align loss: 0.06593735904545171
2026-08-25 17:36:44,989 - INFO - Training geometry effective rank: 25.085321585955786
2026-08-25 17:36:44,989 - INFO - Training geometry avg cosine: 0.6787945763842141
2026-08-25 17:36:47,104 - INFO - Validation total loss: 2.23979116202424
2026-08-25 17:36:47,104 - INFO - Validation CE loss: 2.175608030716237
2026-08-25 17:36:47,104 - INFO - Validation COS align loss: 0.06418313693590942
2026-08-25 17:36:47,104 - INFO - Early stop metric (ce): 2.175608030716237
2026-08-25 17:36:47,105 - INFO - No improvement in validation loss. Early stop counter: 8
2026-08-25 17:36:47,105 - INFO - Epoch 82/120
2026-08-25 17:36:59,617 - INFO - Training total loss: 2.0218152067540687
2026-08-25 17:36:59,618 - INFO - Training CE loss: 1.9558525168942107
2026-08-25 17:36:59,618 - INFO - Training COS align loss: 0.06596268904812141
2026-08-25 17:36:59,618 - INFO - Training geometry effective rank: 25.152198375894866
2026-08-25 17:36:59,618 - INFO - Training geometry avg cosine: 0.6790480418891758
2026-08-25 17:37:01,761 - INFO - Validation total loss: 2.242131708005979
2026-08-25 17:37:01,761 - INFO - Validation CE loss: 2.1777745700189484
2026-08-25 17:37:01,761 - INFO - Validation COS align loss: 0.06435714335912288
2026-08-25 17:37:01,761 - INFO - Early stop metric (ce): 2.1777745700189484
2026-08-25 17:37:01,761 - INFO - No improvement in validation loss. Early stop counter: 9
2026-08-25 17:37:01,762 - INFO - Epoch 83/120
2026-08-25 17:37:14,430 - INFO - Training total loss: 2.018828266325628
2026-08-25 17:37:14,430 - INFO - Training CE loss: 1.9528924291699776
2026-08-25 17:37:14,430 - INFO - Training COS align loss: 0.06593583622795135
2026-08-25 17:37:14,430 - INFO - Training geometry effective rank: 24.849156168184393
2026-08-25 17:37:14,431 - INFO - Training geometry avg cosine: 0.6787272191928982
2026-08-25 17:37:16,482 - INFO - Validation total loss: 2.247294341034132
2026-08-25 17:37:16,483 - INFO - Validation CE loss: 2.1830598417781455
2026-08-25 17:37:16,483 - INFO - Validation COS align loss: 0.06423451102342728
2026-08-25 17:37:16,483 - INFO - Early stop metric (ce): 2.1830598417781455
2026-08-25 17:37:16,483 - INFO - No improvement in validation loss. Early stop counter: 10
2026-08-25 17:37:16,483 - INFO - Early stopping triggered.
2026-08-25 17:37:16,498 - INFO - Loading best model for final testing...
2026-08-25 17:45:43,578 - INFO - Final Epoch: 73
2026-08-25 17:45:43,579 - INFO - Final Test Recalls: {'Recall@5': 0.038891902389284624, 'Recall@10': 0.06047002017865749, 'Recall@20': 0.090847993281554}
2026-08-25 17:45:43,580 - INFO - Final Test NDCGs: {'NDCG@5': 0.02638530279929418, 'NDCG@10': 0.03330473434639687, 'NDCG@20': 0.04095287199427929}
