2026-08-24 19:59:20,383 - INFO - Configuration: {'batch_size': 256, 'infer_size': 96, 'num_epochs': 200, 'lr': 0.0001, 'device': 'cuda', 'num_layers': 4, 'num_decoder_layers': 4, 'd_model': 128, 'd_ff': 1024, 'num_heads': 6, 'd_kv': 64, 'dropout_rate': 0.1, 'vocab_size': 1025, 'pad_token_id': 0, 'eos_token_id': 0, 'feed_forward_proj': 'relu', 'max_len': 20, 'dataset_path': '../data/Beauty', 'code_path': '../data/Beauty/Beauty_t5_rqvae.npy', 'item_emb_path': '../data/Beauty/item_emb.parquet', 'item_emb_dim': 768, 'mse_loss_weight': 5.0, 'mse_loss_mode': 'token', 'align_loss_type': 'mse', 'early_stop_metric': 'ce', 'mode': 'train', 'model_type': 'causal', 'log_path': './logs/causal_tiger_Beauty_mse5_token.log', 'seed': 2025, 'save_path': './ckpt/causal_tiger_Beauty_mse5_token.pth', 'early_stop': 10, 'topk_list': [5, 10, 20], 'beam_size': 30}
2026-08-24 19:59:20,410 - INFO - #Embedding parameters: 131200
#Non-embedding parameters: 4557952
#Total trainable parameters: 4689152

2026-08-24 19:59:24,420 - INFO - Epoch 1/200
2026-08-24 19:59:52,352 - INFO - Training loss: 5.3933259745052355
2026-08-24 19:59:54,668 - INFO - Validation total loss: 4.621851742011795
2026-08-24 19:59:54,668 - INFO - Validation CE loss: 4.6022440026246425
2026-08-24 19:59:54,668 - INFO - Validation MSE align loss: 0.003921545846107948
2026-08-24 19:59:54,668 - INFO - Early stop metric (ce): 4.6022440026246425
2026-08-24 19:59:54,720 - INFO - Best validation ce loss: 4.6022440026246425
2026-08-24 19:59:54,720 - INFO - Best model saved to ./ckpt/causal_tiger_Beauty_mse5_token.pth
2026-08-24 19:59:54,720 - INFO - Epoch 2/200
2026-08-24 20:00:17,801 - INFO - Training loss: 4.628704025587683
2026-08-24 20:00:20,176 - INFO - Validation total loss: 4.3209706069062195
2026-08-24 20:00:20,176 - INFO - Validation CE loss: 4.2990565965104
2026-08-24 20:00:20,176 - INFO - Validation MSE align loss: 0.004382802062575973
2026-08-24 20:00:20,176 - INFO - Early stop metric (ce): 4.2990565965104
2026-08-24 20:00:20,236 - INFO - Best validation ce loss: 4.2990565965104
2026-08-24 20:00:20,236 - INFO - Best model saved to ./ckpt/causal_tiger_Beauty_mse5_token.pth
2026-08-24 20:00:20,236 - INFO - Epoch 3/200
2026-08-24 20:00:55,537 - INFO - Training loss: 4.280672885100666
2026-08-24 20:01:00,322 - INFO - Validation total loss: 4.039305881369267
2026-08-24 20:01:00,322 - INFO - Validation CE loss: 4.012857056482667
2026-08-24 20:01:00,322 - INFO - Validation MSE align loss: 0.005289763398068785
2026-08-24 20:01:00,322 - INFO - Early stop metric (ce): 4.012857056482667
2026-08-24 20:01:00,384 - INFO - Best validation ce loss: 4.012857056482667
2026-08-24 20:01:00,384 - INFO - Best model saved to ./ckpt/causal_tiger_Beauty_mse5_token.pth
2026-08-24 20:01:00,384 - INFO - Epoch 4/200
2026-08-24 20:01:45,072 - INFO - Training loss: 3.9350916824452145
2026-08-24 20:01:49,866 - INFO - Validation total loss: 3.7827015260770085
2026-08-24 20:01:49,867 - INFO - Validation CE loss: 3.763010866140603
2026-08-24 20:01:49,867 - INFO - Validation MSE align loss: 0.003938132092604502
2026-08-24 20:01:49,867 - INFO - Early stop metric (ce): 3.763010866140603
2026-08-24 20:01:49,926 - INFO - Best validation ce loss: 3.763010866140603
2026-08-24 20:01:49,926 - INFO - Best model saved to ./ckpt/causal_tiger_Beauty_mse5_token.pth
2026-08-24 20:01:49,926 - INFO - Epoch 5/200
2026-08-24 20:02:34,629 - INFO - Training loss: 3.649811927446595
2026-08-24 20:02:39,387 - INFO - Validation total loss: 3.5637076954984868
2026-08-24 20:02:39,387 - INFO - Validation CE loss: 3.5522294566355037
2026-08-24 20:02:39,387 - INFO - Validation MSE align loss: 0.0022956484882760584
2026-08-24 20:02:39,387 - INFO - Early stop metric (ce): 3.5522294566355037
2026-08-24 20:02:39,459 - INFO - Best validation ce loss: 3.5522294566355037
2026-08-24 20:02:39,459 - INFO - Best model saved to ./ckpt/causal_tiger_Beauty_mse5_token.pth
2026-08-24 20:02:39,459 - INFO - Epoch 6/200
2026-08-24 20:03:24,346 - INFO - Training loss: 3.4300864489625864
2026-08-24 20:03:29,310 - INFO - Validation total loss: 3.3917311762535522
2026-08-24 20:03:29,310 - INFO - Validation CE loss: 3.3853685006563246
2026-08-24 20:03:29,310 - INFO - Validation MSE align loss: 0.0012725349500687401
2026-08-24 20:03:29,310 - INFO - Early stop metric (ce): 3.3853685006563246
2026-08-24 20:03:29,382 - INFO - Best validation ce loss: 3.3853685006563246
2026-08-24 20:03:29,382 - INFO - Best model saved to ./ckpt/causal_tiger_Beauty_mse5_token.pth
2026-08-24 20:03:29,383 - INFO - Epoch 7/200
2026-08-24 20:04:14,257 - INFO - Training loss: 3.26312038917022
2026-08-24 20:04:19,207 - INFO - Validation total loss: 3.2447488573999363
2026-08-24 20:04:19,207 - INFO - Validation CE loss: 3.241467726588761
2026-08-24 20:04:19,207 - INFO - Validation MSE align loss: 0.000656227034100935
2026-08-24 20:04:19,207 - INFO - Early stop metric (ce): 3.241467726588761
2026-08-24 20:04:19,276 - INFO - Best validation ce loss: 3.241467726588761
2026-08-24 20:04:19,276 - INFO - Best model saved to ./ckpt/causal_tiger_Beauty_mse5_token.pth
2026-08-24 20:04:19,276 - INFO - Epoch 8/200
2026-08-24 20:05:04,179 - INFO - Training loss: 3.130590075184863
2026-08-24 20:05:09,108 - INFO - Validation total loss: 3.129657732059004
2026-08-24 20:05:09,109 - INFO - Validation CE loss: 3.127871597273667
2026-08-24 20:05:09,109 - INFO - Validation MSE align loss: 0.000357225874055161
2026-08-24 20:05:09,109 - INFO - Early stop metric (ce): 3.127871597273667
2026-08-24 20:05:09,175 - INFO - Best validation ce loss: 3.127871597273667
2026-08-24 20:05:09,175 - INFO - Best model saved to ./ckpt/causal_tiger_Beauty_mse5_token.pth
2026-08-24 20:05:09,175 - INFO - Epoch 9/200
2026-08-24 20:05:53,890 - INFO - Training loss: 3.0270161345775026
2026-08-24 20:05:58,837 - INFO - Validation total loss: 3.0328251430405055
2026-08-24 20:05:58,837 - INFO - Validation CE loss: 3.031609062984778
2026-08-24 20:05:58,838 - INFO - Validation MSE align loss: 0.00024321547043889506
2026-08-24 20:05:58,838 - INFO - Early stop metric (ce): 3.031609062984778
2026-08-24 20:05:58,905 - INFO - Best validation ce loss: 3.031609062984778
2026-08-24 20:05:58,906 - INFO - Best model saved to ./ckpt/causal_tiger_Beauty_mse5_token.pth
2026-08-24 20:05:58,906 - INFO - Epoch 10/200
2026-08-24 20:06:43,719 - INFO - Training loss: 2.938677717739506
2026-08-24 20:06:48,615 - INFO - Validation total loss: 2.9516873707587115
2026-08-24 20:06:48,615 - INFO - Validation CE loss: 2.9506437445914795
2026-08-24 20:06:48,615 - INFO - Validation MSE align loss: 0.00020872504183574872
2026-08-24 20:06:48,615 - INFO - Early stop metric (ce): 2.9506437445914795
2026-08-24 20:06:48,682 - INFO - Best validation ce loss: 2.9506437445914795
2026-08-24 20:06:48,682 - INFO - Best model saved to ./ckpt/causal_tiger_Beauty_mse5_token.pth
2026-08-24 20:06:48,682 - INFO - Epoch 11/200
2026-08-24 20:07:33,542 - INFO - Training loss: 2.8671639308855226
2026-08-24 20:07:38,412 - INFO - Validation total loss: 2.8843740710884718
2026-08-24 20:07:38,412 - INFO - Validation CE loss: 2.8833864528222146
2026-08-24 20:07:38,412 - INFO - Validation MSE align loss: 0.00019752342804023286
2026-08-24 20:07:38,412 - INFO - Early stop metric (ce): 2.8833864528222146
2026-08-24 20:07:38,479 - INFO - Best validation ce loss: 2.8833864528222146
2026-08-24 20:07:38,479 - INFO - Best model saved to ./ckpt/causal_tiger_Beauty_mse5_token.pth
2026-08-24 20:07:38,479 - INFO - Epoch 12/200
2026-08-24 20:08:23,482 - INFO - Training loss: 2.8028242527742795
2026-08-24 20:08:28,496 - INFO - Validation total loss: 2.8226686879800624
2026-08-24 20:08:28,496 - INFO - Validation CE loss: 2.8216906678523115
2026-08-24 20:08:28,496 - INFO - Validation MSE align loss: 0.0001956053974897333
2026-08-24 20:08:28,496 - INFO - Early stop metric (ce): 2.8216906678523115
2026-08-24 20:08:28,557 - INFO - Best validation ce loss: 2.8216906678523115
2026-08-24 20:08:28,557 - INFO - Best model saved to ./ckpt/causal_tiger_Beauty_mse5_token.pth
2026-08-24 20:08:28,557 - INFO - Epoch 13/200
2026-08-24 20:09:13,409 - INFO - Training loss: 2.7486254723619394
2026-08-24 20:09:18,305 - INFO - Validation total loss: 2.770309377637544
2026-08-24 20:09:18,305 - INFO - Validation CE loss: 2.7693338972304513
2026-08-24 20:09:18,305 - INFO - Validation MSE align loss: 0.0001950980077423715
2026-08-24 20:09:18,305 - INFO - Early stop metric (ce): 2.7693338972304513
2026-08-24 20:09:18,372 - INFO - Best validation ce loss: 2.7693338972304513
2026-08-24 20:09:18,372 - INFO - Best model saved to ./ckpt/causal_tiger_Beauty_mse5_token.pth
2026-08-24 20:09:18,372 - INFO - Epoch 14/200
2026-08-24 20:10:03,131 - INFO - Training loss: 2.7008298705060194
2026-08-24 20:10:07,987 - INFO - Validation total loss: 2.722595806797175
2026-08-24 20:10:07,987 - INFO - Validation CE loss: 2.721624801598905
2026-08-24 20:10:07,987 - INFO - Validation MSE align loss: 0.00019420086974008288
2026-08-24 20:10:07,987 - INFO - Early stop metric (ce): 2.721624801598905
2026-08-24 20:10:08,053 - INFO - Best validation ce loss: 2.721624801598905
2026-08-24 20:10:08,054 - INFO - Best model saved to ./ckpt/causal_tiger_Beauty_mse5_token.pth
2026-08-24 20:10:08,054 - INFO - Epoch 15/200
2026-08-24 20:10:52,908 - INFO - Training loss: 2.6596331800468236
2026-08-24 20:10:57,834 - INFO - Validation total loss: 2.6837195628702384
2026-08-24 20:10:57,834 - INFO - Validation CE loss: 2.682744367951487
2026-08-24 20:10:57,834 - INFO - Validation MSE align loss: 0.0001950397338796119
2026-08-24 20:10:57,834 - INFO - Early stop metric (ce): 2.682744367951487
2026-08-24 20:10:57,908 - INFO - Best validation ce loss: 2.682744367951487
2026-08-24 20:10:57,908 - INFO - Best model saved to ./ckpt/causal_tiger_Beauty_mse5_token.pth
2026-08-24 20:10:57,909 - INFO - Epoch 16/200
2026-08-24 20:11:42,804 - INFO - Training loss: 2.619529286247283
2026-08-24 20:11:47,717 - INFO - Validation total loss: 2.650130106144197
2026-08-24 20:11:47,717 - INFO - Validation CE loss: 2.6491529527140276
2026-08-24 20:11:47,717 - INFO - Validation MSE align loss: 0.00019543094869279364
2026-08-24 20:11:47,717 - INFO - Early stop metric (ce): 2.6491529527140276
2026-08-24 20:11:47,793 - INFO - Best validation ce loss: 2.6491529527140276
2026-08-24 20:11:47,793 - INFO - Best model saved to ./ckpt/causal_tiger_Beauty_mse5_token.pth
2026-08-24 20:11:47,793 - INFO - Epoch 17/200
2026-08-24 20:12:32,786 - INFO - Training loss: 2.585918136607812
2026-08-24 20:12:37,716 - INFO - Validation total loss: 2.6190534569163177
2026-08-24 20:12:37,716 - INFO - Validation CE loss: 2.618072360370292
2026-08-24 20:12:37,716 - INFO - Validation MSE align loss: 0.0001962183177263312
2026-08-24 20:12:37,716 - INFO - Early stop metric (ce): 2.618072360370292
2026-08-24 20:12:37,786 - INFO - Best validation ce loss: 2.618072360370292
2026-08-24 20:12:37,786 - INFO - Best model saved to ./ckpt/causal_tiger_Beauty_mse5_token.pth
2026-08-24 20:12:37,786 - INFO - Epoch 18/200
2026-08-24 20:13:23,091 - INFO - Training loss: 2.555705888725904
2026-08-24 20:13:28,008 - INFO - Validation total loss: 2.5868862033401947
2026-08-24 20:13:28,008 - INFO - Validation CE loss: 2.5859078644682922
2026-08-24 20:13:28,008 - INFO - Validation MSE align loss: 0.00019566675485961155
2026-08-24 20:13:28,008 - INFO - Early stop metric (ce): 2.5859078644682922
2026-08-24 20:13:28,070 - INFO - Best validation ce loss: 2.5859078644682922
2026-08-24 20:13:28,071 - INFO - Best model saved to ./ckpt/causal_tiger_Beauty_mse5_token.pth
2026-08-24 20:13:28,071 - INFO - Epoch 19/200
2026-08-24 20:14:12,891 - INFO - Training loss: 2.526986730237879
2026-08-24 20:14:17,716 - INFO - Validation total loss: 2.562948957533284
2026-08-24 20:14:17,716 - INFO - Validation CE loss: 2.561960636801986
2026-08-24 20:14:17,716 - INFO - Validation MSE align loss: 0.00019766464038770007
2026-08-24 20:14:17,716 - INFO - Early stop metric (ce): 2.561960636801986
2026-08-24 20:14:17,774 - INFO - Best validation ce loss: 2.561960636801986
2026-08-24 20:14:17,774 - INFO - Best model saved to ./ckpt/causal_tiger_Beauty_mse5_token.pth
2026-08-24 20:14:17,774 - INFO - Epoch 20/200
2026-08-24 20:15:02,445 - INFO - Training loss: 2.5002649136554407
2026-08-24 20:15:07,203 - INFO - Validation total loss: 2.538954852476652
2026-08-24 20:15:07,203 - INFO - Validation CE loss: 2.5379639976526023
2026-08-24 20:15:07,203 - INFO - Validation MSE align loss: 0.00019816996694828259
2026-08-24 20:15:07,203 - INFO - Early stop metric (ce): 2.5379639976526023
2026-08-24 20:15:07,263 - INFO - Best validation ce loss: 2.5379639976526023
2026-08-24 20:15:07,263 - INFO - Best model saved to ./ckpt/causal_tiger_Beauty_mse5_token.pth
2026-08-24 20:15:07,264 - INFO - Epoch 21/200
2026-08-24 20:15:51,883 - INFO - Training loss: 2.4760651542055006
2026-08-24 20:15:56,692 - INFO - Validation total loss: 2.5160081007961552
2026-08-24 20:15:56,692 - INFO - Validation CE loss: 2.5150194597858215
2026-08-24 20:15:56,692 - INFO - Validation MSE align loss: 0.00019772794321748976
2026-08-24 20:15:56,692 - INFO - Early stop metric (ce): 2.5150194597858215
2026-08-24 20:15:56,753 - INFO - Best validation ce loss: 2.5150194597858215
2026-08-24 20:15:56,753 - INFO - Best model saved to ./ckpt/causal_tiger_Beauty_mse5_token.pth
2026-08-24 20:15:56,753 - INFO - Epoch 22/200
2026-08-24 20:16:41,536 - INFO - Training loss: 2.4543536391239686
2026-08-24 20:16:46,379 - INFO - Validation total loss: 2.4955225077821463
2026-08-24 20:16:46,379 - INFO - Validation CE loss: 2.4945222584474753
2026-08-24 20:16:46,379 - INFO - Validation MSE align loss: 0.00020005141417126177
2026-08-24 20:16:46,379 - INFO - Early stop metric (ce): 2.4945222584474753
2026-08-24 20:16:46,438 - INFO - Best validation ce loss: 2.4945222584474753
2026-08-24 20:16:46,438 - INFO - Best model saved to ./ckpt/causal_tiger_Beauty_mse5_token.pth
2026-08-24 20:16:46,438 - INFO - Epoch 23/200
2026-08-24 20:17:31,251 - INFO - Training loss: 2.433265224968877
2026-08-24 20:17:36,019 - INFO - Validation total loss: 2.478999927320194
2026-08-24 20:17:36,019 - INFO - Validation CE loss: 2.478008501519461
2026-08-24 20:17:36,019 - INFO - Validation MSE align loss: 0.00019828480804017285
2026-08-24 20:17:36,019 - INFO - Early stop metric (ce): 2.478008501519461
2026-08-24 20:17:36,079 - INFO - Best validation ce loss: 2.478008501519461
2026-08-24 20:17:36,079 - INFO - Best model saved to ./ckpt/causal_tiger_Beauty_mse5_token.pth
2026-08-24 20:17:36,079 - INFO - Epoch 24/200
2026-08-24 20:18:20,757 - INFO - Training loss: 2.4155634279844826
2026-08-24 20:18:25,733 - INFO - Validation total loss: 2.4603395630873326
2026-08-24 20:18:25,733 - INFO - Validation CE loss: 2.4593356412879386
2026-08-24 20:18:25,733 - INFO - Validation MSE align loss: 0.00020078375535595428
2026-08-24 20:18:25,733 - INFO - Early stop metric (ce): 2.4593356412879386
2026-08-24 20:18:25,800 - INFO - Best validation ce loss: 2.4593356412879386
2026-08-24 20:18:25,800 - INFO - Best model saved to ./ckpt/causal_tiger_Beauty_mse5_token.pth
2026-08-24 20:18:25,800 - INFO - Epoch 25/200
2026-08-24 20:19:10,750 - INFO - Training loss: 2.3989535537675195
2026-08-24 20:19:15,723 - INFO - Validation total loss: 2.45049344930526
2026-08-24 20:19:15,724 - INFO - Validation CE loss: 2.4494828272275146
2026-08-24 20:19:15,724 - INFO - Validation MSE align loss: 0.0002021254544933786
2026-08-24 20:19:15,724 - INFO - Early stop metric (ce): 2.4494828272275146
2026-08-24 20:19:15,789 - INFO - Best validation ce loss: 2.4494828272275146
2026-08-24 20:19:15,789 - INFO - Best model saved to ./ckpt/causal_tiger_Beauty_mse5_token.pth
2026-08-24 20:19:15,789 - INFO - Epoch 26/200
2026-08-24 20:20:00,634 - INFO - Training loss: 2.383404295268226
2026-08-24 20:20:05,573 - INFO - Validation total loss: 2.433624281392077
2026-08-24 20:20:05,573 - INFO - Validation CE loss: 2.43261200419823
2026-08-24 20:20:05,573 - INFO - Validation MSE align loss: 0.00020245602579243769
2026-08-24 20:20:05,573 - INFO - Early stop metric (ce): 2.43261200419823
2026-08-24 20:20:05,641 - INFO - Best validation ce loss: 2.43261200419823
2026-08-24 20:20:05,641 - INFO - Best model saved to ./ckpt/causal_tiger_Beauty_mse5_token.pth
2026-08-24 20:20:05,641 - INFO - Epoch 27/200
2026-08-24 20:20:50,394 - INFO - Training loss: 2.368576659302767
2026-08-24 20:20:55,284 - INFO - Validation total loss: 2.419988994434668
2026-08-24 20:20:55,284 - INFO - Validation CE loss: 2.418979048217315
2026-08-24 20:20:55,284 - INFO - Validation MSE align loss: 0.00020198905096057595
2026-08-24 20:20:55,284 - INFO - Early stop metric (ce): 2.418979048217315
2026-08-24 20:20:55,353 - INFO - Best validation ce loss: 2.418979048217315
2026-08-24 20:20:55,353 - INFO - Best model saved to ./ckpt/causal_tiger_Beauty_mse5_token.pth
2026-08-24 20:20:55,353 - INFO - Epoch 28/200
2026-08-24 20:21:40,141 - INFO - Training loss: 2.353540370436494
2026-08-24 20:21:45,016 - INFO - Validation total loss: 2.410245422129979
2026-08-24 20:21:45,017 - INFO - Validation CE loss: 2.4092365365171635
2026-08-24 20:21:45,017 - INFO - Validation MSE align loss: 0.00020177634986259378
2026-08-24 20:21:45,017 - INFO - Early stop metric (ce): 2.4092365365171635
2026-08-24 20:21:45,084 - INFO - Best validation ce loss: 2.4092365365171635
2026-08-24 20:21:45,084 - INFO - Best model saved to ./ckpt/causal_tiger_Beauty_mse5_token.pth
2026-08-24 20:21:45,084 - INFO - Epoch 29/200
2026-08-24 20:22:29,762 - INFO - Training loss: 2.3379206397654015
2026-08-24 20:22:34,664 - INFO - Validation total loss: 2.3975341821433136
2026-08-24 20:22:34,664 - INFO - Validation CE loss: 2.39651941485671
2026-08-24 20:22:34,664 - INFO - Validation MSE align loss: 0.00020295260277978453
2026-08-24 20:22:34,664 - INFO - Early stop metric (ce): 2.39651941485671
2026-08-24 20:22:34,731 - INFO - Best validation ce loss: 2.39651941485671
2026-08-24 20:22:34,731 - INFO - Best model saved to ./ckpt/causal_tiger_Beauty_mse5_token.pth
2026-08-24 20:22:34,731 - INFO - Epoch 30/200
2026-08-24 20:23:19,770 - INFO - Training loss: 2.326429618471791
2026-08-24 20:23:24,684 - INFO - Validation total loss: 2.3904538594602003
2026-08-24 20:23:24,684 - INFO - Validation CE loss: 2.3894414415686938
2026-08-24 20:23:24,684 - INFO - Validation MSE align loss: 0.0002024829252887829
2026-08-24 20:23:24,684 - INFO - Early stop metric (ce): 2.3894414415686938
2026-08-24 20:23:24,746 - INFO - Best validation ce loss: 2.3894414415686938
2026-08-24 20:23:24,746 - INFO - Best model saved to ./ckpt/causal_tiger_Beauty_mse5_token.pth
2026-08-24 20:23:24,747 - INFO - Epoch 31/200
2026-08-24 20:24:09,739 - INFO - Training loss: 2.3123326375790607
2026-08-24 20:24:14,686 - INFO - Validation total loss: 2.3768272870599967
2026-08-24 20:24:14,686 - INFO - Validation CE loss: 2.3758109347503074
2026-08-24 20:24:14,686 - INFO - Validation MSE align loss: 0.00020327010777051451
2026-08-24 20:24:14,686 - INFO - Early stop metric (ce): 2.3758109347503074
2026-08-24 20:24:14,750 - INFO - Best validation ce loss: 2.3758109347503074
2026-08-24 20:24:14,750 - INFO - Best model saved to ./ckpt/causal_tiger_Beauty_mse5_token.pth
2026-08-24 20:24:14,750 - INFO - Epoch 32/200
2026-08-24 20:24:59,698 - INFO - Training loss: 2.3016749221527157
2026-08-24 20:25:04,654 - INFO - Validation total loss: 2.370224145860631
2026-08-24 20:25:04,654 - INFO - Validation CE loss: 2.3692002956447684
2026-08-24 20:25:04,654 - INFO - Validation MSE align loss: 0.00020476985588377988
2026-08-24 20:25:04,654 - INFO - Early stop metric (ce): 2.3692002956447684
2026-08-24 20:25:04,721 - INFO - Best validation ce loss: 2.3692002956447684
2026-08-24 20:25:04,721 - INFO - Best model saved to ./ckpt/causal_tiger_Beauty_mse5_token.pth
2026-08-24 20:25:04,722 - INFO - Epoch 33/200
2026-08-24 20:25:49,708 - INFO - Training loss: 2.291009055037443
2026-08-24 20:25:54,578 - INFO - Validation total loss: 2.35949597696378
2026-08-24 20:25:54,578 - INFO - Validation CE loss: 2.358483262839747
2026-08-24 20:25:54,578 - INFO - Validation MSE align loss: 0.00020254293632545697
2026-08-24 20:25:54,578 - INFO - Early stop metric (ce): 2.358483262839747
2026-08-24 20:25:54,642 - INFO - Best validation ce loss: 2.358483262839747
2026-08-24 20:25:54,642 - INFO - Best model saved to ./ckpt/causal_tiger_Beauty_mse5_token.pth
2026-08-24 20:25:54,643 - INFO - Epoch 34/200
2026-08-24 20:26:39,553 - INFO - Training loss: 2.2828967483127163
2026-08-24 20:26:44,490 - INFO - Validation total loss: 2.355645021143901
2026-08-24 20:26:44,490 - INFO - Validation CE loss: 2.354605498743671
2026-08-24 20:26:44,490 - INFO - Validation MSE align loss: 0.0002079049521025926
2026-08-24 20:26:44,490 - INFO - Early stop metric (ce): 2.354605498743671
2026-08-24 20:26:44,558 - INFO - Best validation ce loss: 2.354605498743671
2026-08-24 20:26:44,558 - INFO - Best model saved to ./ckpt/causal_tiger_Beauty_mse5_token.pth
2026-08-24 20:26:44,559 - INFO - Epoch 35/200
2026-08-24 20:27:29,278 - INFO - Training loss: 2.2708626772179215
2026-08-24 20:27:34,171 - INFO - Validation total loss: 2.348276557840503
2026-08-24 20:27:34,171 - INFO - Validation CE loss: 2.347247988369332
2026-08-24 20:27:34,171 - INFO - Validation MSE align loss: 0.00020571446947827376
2026-08-24 20:27:34,171 - INFO - Early stop metric (ce): 2.347247988369332
2026-08-24 20:27:34,233 - INFO - Best validation ce loss: 2.347247988369332
2026-08-24 20:27:34,233 - INFO - Best model saved to ./ckpt/causal_tiger_Beauty_mse5_token.pth
2026-08-24 20:27:34,234 - INFO - Epoch 36/200
2026-08-24 20:28:19,143 - INFO - Training loss: 2.2603239192109164
2026-08-24 20:28:24,020 - INFO - Validation total loss: 2.34553181306487
2026-08-24 20:28:24,021 - INFO - Validation CE loss: 2.344499893454523
2026-08-24 20:28:24,021 - INFO - Validation MSE align loss: 0.00020638356810183836
2026-08-24 20:28:24,021 - INFO - Early stop metric (ce): 2.344499893454523
2026-08-24 20:28:24,090 - INFO - Best validation ce loss: 2.344499893454523
2026-08-24 20:28:24,090 - INFO - Best model saved to ./ckpt/causal_tiger_Beauty_mse5_token.pth
2026-08-24 20:28:24,090 - INFO - Epoch 37/200
2026-08-24 20:29:08,893 - INFO - Training loss: 2.2537624056701064
2026-08-24 20:29:13,649 - INFO - Validation total loss: 2.3313654395132106
2026-08-24 20:29:13,649 - INFO - Validation CE loss: 2.3303323917634495
2026-08-24 20:29:13,649 - INFO - Validation MSE align loss: 0.00020660988779392796
2026-08-24 20:29:13,649 - INFO - Early stop metric (ce): 2.3303323917634495
2026-08-24 20:29:13,718 - INFO - Best validation ce loss: 2.3303323917634495
2026-08-24 20:29:13,718 - INFO - Best model saved to ./ckpt/causal_tiger_Beauty_mse5_token.pth
2026-08-24 20:29:13,718 - INFO - Epoch 38/200
2026-08-24 20:29:58,287 - INFO - Training loss: 2.242071674491645
2026-08-24 20:30:03,076 - INFO - Validation total loss: 2.329848704931562
2026-08-24 20:30:03,076 - INFO - Validation CE loss: 2.3288199814604074
2026-08-24 20:30:03,076 - INFO - Validation MSE align loss: 0.00020574471778875863
2026-08-24 20:30:03,076 - INFO - Early stop metric (ce): 2.3288199814604074
2026-08-24 20:30:03,148 - INFO - Best validation ce loss: 2.3288199814604074
2026-08-24 20:30:03,148 - INFO - Best model saved to ./ckpt/causal_tiger_Beauty_mse5_token.pth
2026-08-24 20:30:03,148 - INFO - Epoch 39/200
2026-08-24 20:30:47,841 - INFO - Training loss: 2.2350238802831925
2026-08-24 20:30:52,629 - INFO - Validation total loss: 2.319074625109398
2026-08-24 20:30:52,629 - INFO - Validation CE loss: 2.3180306842910374
2026-08-24 20:30:52,629 - INFO - Validation MSE align loss: 0.00020878909586912795
2026-08-24 20:30:52,629 - INFO - Early stop metric (ce): 2.3180306842910374
2026-08-24 20:30:52,700 - INFO - Best validation ce loss: 2.3180306842910374
2026-08-24 20:30:52,700 - INFO - Best model saved to ./ckpt/causal_tiger_Beauty_mse5_token.pth
2026-08-24 20:30:52,700 - INFO - Epoch 40/200
2026-08-24 20:31:37,443 - INFO - Training loss: 2.225901170927263
2026-08-24 20:31:42,231 - INFO - Validation total loss: 2.314343066174585
2026-08-24 20:31:42,231 - INFO - Validation CE loss: 2.3133052526113813
2026-08-24 20:31:42,231 - INFO - Validation MSE align loss: 0.00020756267207023155
2026-08-24 20:31:42,231 - INFO - Early stop metric (ce): 2.3133052526113813
2026-08-24 20:31:42,299 - INFO - Best validation ce loss: 2.3133052526113813
2026-08-24 20:31:42,300 - INFO - Best model saved to ./ckpt/causal_tiger_Beauty_mse5_token.pth
2026-08-24 20:31:42,300 - INFO - Epoch 41/200
2026-08-24 20:32:27,079 - INFO - Training loss: 2.2187238588407348
2026-08-24 20:32:31,940 - INFO - Validation total loss: 2.308344386677885
2026-08-24 20:32:31,940 - INFO - Validation CE loss: 2.3072875441399767
2026-08-24 20:32:31,940 - INFO - Validation MSE align loss: 0.00021136880444078967
2026-08-24 20:32:31,940 - INFO - Early stop metric (ce): 2.3072875441399767
2026-08-24 20:32:32,012 - INFO - Best validation ce loss: 2.3072875441399767
2026-08-24 20:32:32,012 - INFO - Best model saved to ./ckpt/causal_tiger_Beauty_mse5_token.pth
2026-08-24 20:32:32,012 - INFO - Epoch 42/200
2026-08-24 20:33:16,675 - INFO - Training loss: 2.2108212607380016
2026-08-24 20:33:21,440 - INFO - Validation total loss: 2.303962289519576
2026-08-24 20:33:21,440 - INFO - Validation CE loss: 2.3029336151646955
2026-08-24 20:33:21,440 - INFO - Validation MSE align loss: 0.00020573544453393844
2026-08-24 20:33:21,440 - INFO - Early stop metric (ce): 2.3029336151646955
2026-08-24 20:33:21,505 - INFO - Best validation ce loss: 2.3029336151646955
2026-08-24 20:33:21,505 - INFO - Best model saved to ./ckpt/causal_tiger_Beauty_mse5_token.pth
2026-08-24 20:33:21,505 - INFO - Epoch 43/200
2026-08-24 20:34:06,315 - INFO - Training loss: 2.203037428948666
2026-08-24 20:34:11,099 - INFO - Validation total loss: 2.301245449950255
2026-08-24 20:34:11,099 - INFO - Validation CE loss: 2.3001885419239816
2026-08-24 20:34:11,099 - INFO - Validation MSE align loss: 0.00021138155360480315
2026-08-24 20:34:11,099 - INFO - Early stop metric (ce): 2.3001885419239816
2026-08-24 20:34:11,167 - INFO - Best validation ce loss: 2.3001885419239816
2026-08-24 20:34:11,167 - INFO - Best model saved to ./ckpt/causal_tiger_Beauty_mse5_token.pth
2026-08-24 20:34:11,167 - INFO - Epoch 44/200
2026-08-24 20:34:55,885 - INFO - Training loss: 2.19810692206431
2026-08-24 20:35:00,675 - INFO - Validation total loss: 2.297264796981484
2026-08-24 20:35:00,675 - INFO - Validation CE loss: 2.2962195341167533
2026-08-24 20:35:00,675 - INFO - Validation MSE align loss: 0.00020905274178586948
2026-08-24 20:35:00,675 - INFO - Early stop metric (ce): 2.2962195341167533
2026-08-24 20:35:00,748 - INFO - Best validation ce loss: 2.2962195341167533
2026-08-24 20:35:00,748 - INFO - Best model saved to ./ckpt/causal_tiger_Beauty_mse5_token.pth
2026-08-24 20:35:00,749 - INFO - Epoch 45/200
2026-08-24 20:35:45,343 - INFO - Training loss: 2.1910772203007562
2026-08-24 20:35:50,155 - INFO - Validation total loss: 2.2974215188251543
2026-08-24 20:35:50,156 - INFO - Validation CE loss: 2.2963717193562587
2026-08-24 20:35:50,156 - INFO - Validation MSE align loss: 0.0002099593538968812
2026-08-24 20:35:50,156 - INFO - Early stop metric (ce): 2.2963717193562587
2026-08-24 20:35:50,156 - INFO - No improvement in validation loss. Early stop counter: 1
2026-08-24 20:35:50,156 - INFO - Epoch 46/200
2026-08-24 20:36:34,895 - INFO - Training loss: 2.1847420485567026
2026-08-24 20:36:39,703 - INFO - Validation total loss: 2.288299322639924
2026-08-24 20:36:39,703 - INFO - Validation CE loss: 2.2872336156378488
2026-08-24 20:36:39,703 - INFO - Validation MSE align loss: 0.00021314107120444783
2026-08-24 20:36:39,703 - INFO - Early stop metric (ce): 2.2872336156378488
2026-08-24 20:36:39,767 - INFO - Best validation ce loss: 2.2872336156378488
2026-08-24 20:36:39,768 - INFO - Best model saved to ./ckpt/causal_tiger_Beauty_mse5_token.pth
2026-08-24 20:36:39,768 - INFO - Epoch 47/200
2026-08-24 20:37:24,678 - INFO - Training loss: 2.1779469710843573
2026-08-24 20:37:29,471 - INFO - Validation total loss: 2.2870149658473267
2026-08-24 20:37:29,471 - INFO - Validation CE loss: 2.2859421886599627
2026-08-24 20:37:29,471 - INFO - Validation MSE align loss: 0.00021455575825192848
2026-08-24 20:37:29,471 - INFO - Early stop metric (ce): 2.2859421886599627
2026-08-24 20:37:29,538 - INFO - Best validation ce loss: 2.2859421886599627
2026-08-24 20:37:29,538 - INFO - Best model saved to ./ckpt/causal_tiger_Beauty_mse5_token.pth
2026-08-24 20:37:29,538 - INFO - Epoch 48/200
2026-08-24 20:38:14,496 - INFO - Training loss: 2.171845775170085
2026-08-24 20:38:19,307 - INFO - Validation total loss: 2.28518699269438
2026-08-24 20:38:19,307 - INFO - Validation CE loss: 2.284136446760448
2026-08-24 20:38:19,307 - INFO - Validation MSE align loss: 0.000210109419679537
2026-08-24 20:38:19,307 - INFO - Early stop metric (ce): 2.284136446760448
2026-08-24 20:38:19,376 - INFO - Best validation ce loss: 2.284136446760448
2026-08-24 20:38:19,376 - INFO - Best model saved to ./ckpt/causal_tiger_Beauty_mse5_token.pth
2026-08-24 20:38:19,376 - INFO - Epoch 49/200
2026-08-24 20:39:04,329 - INFO - Training loss: 2.1651504248496622
2026-08-24 20:39:09,189 - INFO - Validation total loss: 2.2849187620719613
2026-08-24 20:39:09,189 - INFO - Validation CE loss: 2.2838765428813232
2026-08-24 20:39:09,189 - INFO - Validation MSE align loss: 0.00020844358868413312
2026-08-24 20:39:09,189 - INFO - Early stop metric (ce): 2.2838765428813232
2026-08-24 20:39:09,251 - INFO - Best validation ce loss: 2.2838765428813232
2026-08-24 20:39:09,251 - INFO - Best model saved to ./ckpt/causal_tiger_Beauty_mse5_token.pth
2026-08-24 20:39:09,251 - INFO - Epoch 50/200
2026-08-24 20:39:54,321 - INFO - Training loss: 2.1584218102670367
2026-08-24 20:39:59,161 - INFO - Validation total loss: 2.277010491989201
2026-08-24 20:39:59,161 - INFO - Validation CE loss: 2.275949439777325
2026-08-24 20:39:59,161 - INFO - Validation MSE align loss: 0.00021221075533507512
2026-08-24 20:39:59,161 - INFO - Early stop metric (ce): 2.275949439777325
2026-08-24 20:39:59,224 - INFO - Best validation ce loss: 2.275949439777325
2026-08-24 20:39:59,224 - INFO - Best model saved to ./ckpt/causal_tiger_Beauty_mse5_token.pth
2026-08-24 20:39:59,224 - INFO - Epoch 51/200
2026-08-24 20:40:44,091 - INFO - Training loss: 2.1523951672394452
2026-08-24 20:40:48,900 - INFO - Validation total loss: 2.273729755131472
2026-08-24 20:40:48,900 - INFO - Validation CE loss: 2.2726611359436624
2026-08-24 20:40:48,900 - INFO - Validation MSE align loss: 0.00021372471117642368
2026-08-24 20:40:48,900 - INFO - Early stop metric (ce): 2.2726611359436624
2026-08-24 20:40:48,959 - INFO - Best validation ce loss: 2.2726611359436624
2026-08-24 20:40:48,959 - INFO - Best model saved to ./ckpt/causal_tiger_Beauty_mse5_token.pth
2026-08-24 20:40:48,959 - INFO - Epoch 52/200
2026-08-24 20:41:33,787 - INFO - Training loss: 2.14641524891909
2026-08-24 20:41:38,635 - INFO - Validation total loss: 2.2683967300750667
2026-08-24 20:41:38,635 - INFO - Validation CE loss: 2.2673313008869154
2026-08-24 20:41:38,635 - INFO - Validation MSE align loss: 0.00021308590139636107
2026-08-24 20:41:38,635 - INFO - Early stop metric (ce): 2.2673313008869154
2026-08-24 20:41:38,699 - INFO - Best validation ce loss: 2.2673313008869154
2026-08-24 20:41:38,699 - INFO - Best model saved to ./ckpt/causal_tiger_Beauty_mse5_token.pth
2026-08-24 20:41:38,700 - INFO - Epoch 53/200
2026-08-24 20:42:23,560 - INFO - Training loss: 2.142535140078355
2026-08-24 20:42:28,388 - INFO - Validation total loss: 2.270948383941159
2026-08-24 20:42:28,389 - INFO - Validation CE loss: 2.2698900469382943
2026-08-24 20:42:28,389 - INFO - Validation MSE align loss: 0.0002116662650114293
2026-08-24 20:42:28,389 - INFO - Early stop metric (ce): 2.2698900469382943
2026-08-24 20:42:28,389 - INFO - No improvement in validation loss. Early stop counter: 1
2026-08-24 20:42:28,389 - INFO - Epoch 54/200
2026-08-24 20:43:13,180 - INFO - Training loss: 2.1366496318045294
2026-08-24 20:43:18,073 - INFO - Validation total loss: 2.2647741674865265
2026-08-24 20:43:18,073 - INFO - Validation CE loss: 2.2636970209973053
2026-08-24 20:43:18,073 - INFO - Validation MSE align loss: 0.0002154271714034582
2026-08-24 20:43:18,073 - INFO - Early stop metric (ce): 2.2636970209973053
2026-08-24 20:43:18,134 - INFO - Best validation ce loss: 2.2636970209973053
2026-08-24 20:43:18,134 - INFO - Best model saved to ./ckpt/causal_tiger_Beauty_mse5_token.pth
2026-08-24 20:43:18,135 - INFO - Epoch 55/200
2026-08-24 20:44:03,065 - INFO - Training loss: 2.1309789342639047
2026-08-24 20:44:07,910 - INFO - Validation total loss: 2.2587092761829686
2026-08-24 20:44:07,910 - INFO - Validation CE loss: 2.2576461969015424
2026-08-24 20:44:07,910 - INFO - Validation MSE align loss: 0.0002126161307231383
2026-08-24 20:44:07,910 - INFO - Early stop metric (ce): 2.2576461969015424
2026-08-24 20:44:07,971 - INFO - Best validation ce loss: 2.2576461969015424
2026-08-24 20:44:07,971 - INFO - Best model saved to ./ckpt/causal_tiger_Beauty_mse5_token.pth
2026-08-24 20:44:07,972 - INFO - Epoch 56/200
2026-08-24 20:44:52,807 - INFO - Training loss: 2.126322319303505
2026-08-24 20:44:57,635 - INFO - Validation total loss: 2.2589318015544713
2026-08-24 20:44:57,635 - INFO - Validation CE loss: 2.257872320551729
2026-08-24 20:44:57,635 - INFO - Validation MSE align loss: 0.00021189633135328093
2026-08-24 20:44:57,635 - INFO - Early stop metric (ce): 2.257872320551729
2026-08-24 20:44:57,635 - INFO - No improvement in validation loss. Early stop counter: 1
2026-08-24 20:44:57,636 - INFO - Epoch 57/200
2026-08-24 20:45:42,657 - INFO - Training loss: 2.1202748452643014
2026-08-24 20:45:47,543 - INFO - Validation total loss: 2.2556252116297446
2026-08-24 20:45:47,544 - INFO - Validation CE loss: 2.254539382304245
2026-08-24 20:45:47,544 - INFO - Validation MSE align loss: 0.0002171649095325535
2026-08-24 20:45:47,544 - INFO - Early stop metric (ce): 2.254539382304245
2026-08-24 20:45:47,608 - INFO - Best validation ce loss: 2.254539382304245
2026-08-24 20:45:47,608 - INFO - Best model saved to ./ckpt/causal_tiger_Beauty_mse5_token.pth
2026-08-24 20:45:47,608 - INFO - Epoch 58/200
2026-08-24 20:46:32,377 - INFO - Training loss: 2.116026122978225
2026-08-24 20:46:37,303 - INFO - Validation total loss: 2.254010277244666
2026-08-24 20:46:37,303 - INFO - Validation CE loss: 2.252938481359523
2026-08-24 20:46:37,303 - INFO - Validation MSE align loss: 0.00021435865330961512
2026-08-24 20:46:37,303 - INFO - Early stop metric (ce): 2.252938481359523
2026-08-24 20:46:37,367 - INFO - Best validation ce loss: 2.252938481359523
2026-08-24 20:46:37,367 - INFO - Best model saved to ./ckpt/causal_tiger_Beauty_mse5_token.pth
2026-08-24 20:46:37,367 - INFO - Epoch 59/200
2026-08-24 20:47:22,147 - INFO - Training loss: 2.110359544188132
2026-08-24 20:47:27,040 - INFO - Validation total loss: 2.2520172232722007
2026-08-24 20:47:27,040 - INFO - Validation CE loss: 2.2509571477578945
2026-08-24 20:47:27,040 - INFO - Validation MSE align loss: 0.00021201417413680082
2026-08-24 20:47:27,040 - INFO - Early stop metric (ce): 2.2509571477578945
2026-08-24 20:47:27,099 - INFO - Best validation ce loss: 2.2509571477578945
2026-08-24 20:47:27,099 - INFO - Best model saved to ./ckpt/causal_tiger_Beauty_mse5_token.pth
2026-08-24 20:47:27,100 - INFO - Epoch 60/200
2026-08-24 20:48:11,952 - INFO - Training loss: 2.106173201757646
2026-08-24 20:48:16,856 - INFO - Validation total loss: 2.247941732406616
2026-08-24 20:48:16,856 - INFO - Validation CE loss: 2.2468523170815007
2026-08-24 20:48:16,856 - INFO - Validation MSE align loss: 0.00021788239314934327
2026-08-24 20:48:16,856 - INFO - Early stop metric (ce): 2.2468523170815007
2026-08-24 20:48:16,917 - INFO - Best validation ce loss: 2.2468523170815007
2026-08-24 20:48:16,917 - INFO - Best model saved to ./ckpt/causal_tiger_Beauty_mse5_token.pth
2026-08-24 20:48:16,917 - INFO - Epoch 61/200
2026-08-24 20:49:01,680 - INFO - Training loss: 2.1018308173821594
2026-08-24 20:49:06,459 - INFO - Validation total loss: 2.2461018004642535
2026-08-24 20:49:06,459 - INFO - Validation CE loss: 2.2450087213720886
2026-08-24 20:49:06,459 - INFO - Validation MSE align loss: 0.00021861531110200632
2026-08-24 20:49:06,459 - INFO - Early stop metric (ce): 2.2450087213720886
2026-08-24 20:49:06,526 - INFO - Best validation ce loss: 2.2450087213720886
2026-08-24 20:49:06,526 - INFO - Best model saved to ./ckpt/causal_tiger_Beauty_mse5_token.pth
2026-08-24 20:49:06,527 - INFO - Epoch 62/200
2026-08-24 20:49:51,146 - INFO - Training loss: 2.097422215493273
2026-08-24 20:49:55,983 - INFO - Validation total loss: 2.247841283487148
2026-08-24 20:49:55,983 - INFO - Validation CE loss: 2.246769452299683
2026-08-24 20:49:55,983 - INFO - Validation MSE align loss: 0.00021436548053113097
2026-08-24 20:49:55,983 - INFO - Early stop metric (ce): 2.246769452299683
2026-08-24 20:49:55,983 - INFO - No improvement in validation loss. Early stop counter: 1
2026-08-24 20:49:55,983 - INFO - Epoch 63/200
2026-08-24 20:50:41,261 - INFO - Training loss: 2.092129560064249
2026-08-24 20:50:46,099 - INFO - Validation total loss: 2.2413696874364764
2026-08-24 20:50:46,099 - INFO - Validation CE loss: 2.2402905210404946
2026-08-24 20:50:46,099 - INFO - Validation MSE align loss: 0.00021583213046934583
2026-08-24 20:50:46,099 - INFO - Early stop metric (ce): 2.2402905210404946
2026-08-24 20:50:46,169 - INFO - Best validation ce loss: 2.2402905210404946
2026-08-24 20:50:46,169 - INFO - Best model saved to ./ckpt/causal_tiger_Beauty_mse5_token.pth
2026-08-24 20:50:46,169 - INFO - Epoch 64/200
2026-08-24 20:51:31,155 - INFO - Training loss: 2.088075088851647
2026-08-24 20:51:35,993 - INFO - Validation total loss: 2.2405275024569598
2026-08-24 20:51:35,993 - INFO - Validation CE loss: 2.2394478858284685
2026-08-24 20:51:35,994 - INFO - Validation MSE align loss: 0.0002159227731002119
2026-08-24 20:51:35,994 - INFO - Early stop metric (ce): 2.2394478858284685
2026-08-24 20:51:36,064 - INFO - Best validation ce loss: 2.2394478858284685
2026-08-24 20:51:36,064 - INFO - Best model saved to ./ckpt/causal_tiger_Beauty_mse5_token.pth
2026-08-24 20:51:36,064 - INFO - Epoch 65/200
2026-08-24 20:52:21,645 - INFO - Training loss: 2.084955604391803
2026-08-24 20:52:26,496 - INFO - Validation total loss: 2.242358617516546
2026-08-24 20:52:26,496 - INFO - Validation CE loss: 2.2412590995878623
2026-08-24 20:52:26,496 - INFO - Validation MSE align loss: 0.00021990365030237998
2026-08-24 20:52:26,496 - INFO - Early stop metric (ce): 2.2412590995878623
2026-08-24 20:52:26,496 - INFO - No improvement in validation loss. Early stop counter: 1
2026-08-24 20:52:26,497 - INFO - Epoch 66/200
2026-08-24 20:53:11,491 - INFO - Training loss: 2.079100706697902
2026-08-24 20:53:16,336 - INFO - Validation total loss: 2.238229730610172
2026-08-24 20:53:16,336 - INFO - Validation CE loss: 2.237149853051476
2026-08-24 20:53:16,336 - INFO - Validation MSE align loss: 0.0002159753675315761
2026-08-24 20:53:16,337 - INFO - Early stop metric (ce): 2.237149853051476
2026-08-24 20:53:16,403 - INFO - Best validation ce loss: 2.237149853051476
2026-08-24 20:53:16,403 - INFO - Best model saved to ./ckpt/causal_tiger_Beauty_mse5_token.pth
2026-08-24 20:53:16,403 - INFO - Epoch 67/200
2026-08-24 20:54:01,069 - INFO - Training loss: 2.0757291720535043
2026-08-24 20:54:05,948 - INFO - Validation total loss: 2.2388722113785313
2026-08-24 20:54:05,948 - INFO - Validation CE loss: 2.237781809123289
2026-08-24 20:54:05,948 - INFO - Validation MSE align loss: 0.0002180811228473419
2026-08-24 20:54:05,948 - INFO - Early stop metric (ce): 2.237781809123289
2026-08-24 20:54:05,948 - INFO - No improvement in validation loss. Early stop counter: 1
2026-08-24 20:54:05,948 - INFO - Epoch 68/200
2026-08-24 20:54:51,460 - INFO - Training loss: 2.0718660612050663
2026-08-24 20:54:56,260 - INFO - Validation total loss: 2.2359292645311153
2026-08-24 20:54:56,261 - INFO - Validation CE loss: 2.2348381710666443
2026-08-24 20:54:56,261 - INFO - Validation MSE align loss: 0.00021821884161097202
2026-08-24 20:54:56,261 - INFO - Early stop metric (ce): 2.2348381710666443
2026-08-24 20:54:56,331 - INFO - Best validation ce loss: 2.2348381710666443
2026-08-24 20:54:56,332 - INFO - Best model saved to ./ckpt/causal_tiger_Beauty_mse5_token.pth
2026-08-24 20:54:56,332 - INFO - Epoch 69/200
2026-08-24 20:55:41,211 - INFO - Training loss: 2.066539438318186
2026-08-24 20:55:45,985 - INFO - Validation total loss: 2.23317951552346
2026-08-24 20:55:45,985 - INFO - Validation CE loss: 2.232103720243397
2026-08-24 20:55:45,985 - INFO - Validation MSE align loss: 0.0002151585368028854
2026-08-24 20:55:45,985 - INFO - Early stop metric (ce): 2.232103720243397
2026-08-24 20:55:46,052 - INFO - Best validation ce loss: 2.232103720243397
2026-08-24 20:55:46,052 - INFO - Best model saved to ./ckpt/causal_tiger_Beauty_mse5_token.pth
2026-08-24 20:55:46,052 - INFO - Epoch 70/200
2026-08-24 20:56:30,885 - INFO - Training loss: 2.0620974759183506
2026-08-24 20:56:35,601 - INFO - Validation total loss: 2.234529180076501
2026-08-24 20:56:35,601 - INFO - Validation CE loss: 2.2334450089368696
2026-08-24 20:56:35,601 - INFO - Validation MSE align loss: 0.00021683568937570064
2026-08-24 20:56:35,601 - INFO - Early stop metric (ce): 2.2334450089368696
2026-08-24 20:56:35,601 - INFO - No improvement in validation loss. Early stop counter: 1
2026-08-24 20:56:35,601 - INFO - Epoch 71/200
2026-08-24 20:57:20,213 - INFO - Training loss: 2.0603408143214215
2026-08-24 20:57:24,963 - INFO - Validation total loss: 2.2354136198886985
2026-08-24 20:57:24,963 - INFO - Validation CE loss: 2.2343162942853607
2026-08-24 20:57:24,963 - INFO - Validation MSE align loss: 0.00021946511740742307
2026-08-24 20:57:24,963 - INFO - Early stop metric (ce): 2.2343162942853607
2026-08-24 20:57:24,963 - INFO - No improvement in validation loss. Early stop counter: 2
2026-08-24 20:57:24,963 - INFO - Epoch 72/200
2026-08-24 20:58:09,599 - INFO - Training loss: 2.0530349468442717
2026-08-24 20:58:14,330 - INFO - Validation total loss: 2.2311529417406337
2026-08-24 20:58:14,330 - INFO - Validation CE loss: 2.2300546077187993
2026-08-24 20:58:14,330 - INFO - Validation MSE align loss: 0.00021966613843875173
2026-08-24 20:58:14,330 - INFO - Early stop metric (ce): 2.2300546077187993
2026-08-24 20:58:14,393 - INFO - Best validation ce loss: 2.2300546077187993
2026-08-24 20:58:14,394 - INFO - Best model saved to ./ckpt/causal_tiger_Beauty_mse5_token.pth
2026-08-24 20:58:14,394 - INFO - Epoch 73/200
2026-08-24 20:58:59,224 - INFO - Training loss: 2.0523694354736386
2026-08-24 20:59:03,974 - INFO - Validation total loss: 2.2323216870107365
2026-08-24 20:59:03,974 - INFO - Validation CE loss: 2.2312399051731746
2026-08-24 20:59:03,974 - INFO - Validation MSE align loss: 0.0002163559337778121
2026-08-24 20:59:03,974 - INFO - Early stop metric (ce): 2.2312399051731746
2026-08-24 20:59:03,974 - INFO - No improvement in validation loss. Early stop counter: 1
2026-08-24 20:59:03,974 - INFO - Epoch 74/200
2026-08-24 20:59:48,678 - INFO - Training loss: 2.047490751233082
2026-08-24 20:59:53,489 - INFO - Validation total loss: 2.226572653766354
2026-08-24 20:59:53,489 - INFO - Validation CE loss: 2.225476729511703
2026-08-24 20:59:53,489 - INFO - Validation MSE align loss: 0.000219184553733819
2026-08-24 20:59:53,489 - INFO - Early stop metric (ce): 2.225476729511703
2026-08-24 20:59:53,550 - INFO - Best validation ce loss: 2.225476729511703
2026-08-24 20:59:53,550 - INFO - Best model saved to ./ckpt/causal_tiger_Beauty_mse5_token.pth
2026-08-24 20:59:53,550 - INFO - Epoch 75/200
2026-08-24 21:00:38,245 - INFO - Training loss: 2.041822811276996
2026-08-24 21:00:42,982 - INFO - Validation total loss: 2.228239277913335
2026-08-24 21:00:42,982 - INFO - Validation CE loss: 2.2271394560777065
2026-08-24 21:00:42,982 - INFO - Validation MSE align loss: 0.00021996324570387873
2026-08-24 21:00:42,982 - INFO - Early stop metric (ce): 2.2271394560777065
2026-08-24 21:00:42,982 - INFO - No improvement in validation loss. Early stop counter: 1
2026-08-24 21:00:42,983 - INFO - Epoch 76/200
2026-08-24 21:01:27,657 - INFO - Training loss: 2.0389082339023337
2026-08-24 21:01:32,336 - INFO - Validation total loss: 2.224405338324191
2026-08-24 21:01:32,336 - INFO - Validation CE loss: 2.2233125605808306
2026-08-24 21:01:32,336 - INFO - Validation MSE align loss: 0.00021855406315253784
2026-08-24 21:01:32,336 - INFO - Early stop metric (ce): 2.2233125605808306
2026-08-24 21:01:32,399 - INFO - Best validation ce loss: 2.2233125605808306
2026-08-24 21:01:32,399 - INFO - Best model saved to ./ckpt/causal_tiger_Beauty_mse5_token.pth
2026-08-24 21:01:32,400 - INFO - Epoch 77/200
2026-08-24 21:02:16,775 - INFO - Training loss: 2.0354587500661263
2026-08-24 21:02:21,567 - INFO - Validation total loss: 2.2261559559040314
2026-08-24 21:02:21,567 - INFO - Validation CE loss: 2.225065536253442
2026-08-24 21:02:21,567 - INFO - Validation MSE align loss: 0.00021808390282524167
2026-08-24 21:02:21,567 - INFO - Early stop metric (ce): 2.225065536253442
2026-08-24 21:02:21,567 - INFO - No improvement in validation loss. Early stop counter: 1
2026-08-24 21:02:21,567 - INFO - Epoch 78/200
2026-08-24 21:03:06,294 - INFO - Training loss: 2.032793003761351
2026-08-24 21:03:11,090 - INFO - Validation total loss: 2.2270301472987226
2026-08-24 21:03:11,090 - INFO - Validation CE loss: 2.2259351250439754
2026-08-24 21:03:11,090 - INFO - Validation MSE align loss: 0.00021900521649263576
2026-08-24 21:03:11,090 - INFO - Early stop metric (ce): 2.2259351250439754
2026-08-24 21:03:11,090 - INFO - No improvement in validation loss. Early stop counter: 2
2026-08-24 21:03:11,090 - INFO - Epoch 79/200
2026-08-24 21:03:55,686 - INFO - Training loss: 2.0273149774232264
2026-08-24 21:04:00,425 - INFO - Validation total loss: 2.226199848457467
2026-08-24 21:04:00,425 - INFO - Validation CE loss: 2.2251007075985103
2026-08-24 21:04:00,425 - INFO - Validation MSE align loss: 0.0002198286279346474
2026-08-24 21:04:00,425 - INFO - Early stop metric (ce): 2.2251007075985103
2026-08-24 21:04:00,425 - INFO - No improvement in validation loss. Early stop counter: 3
2026-08-24 21:04:00,425 - INFO - Epoch 80/200
2026-08-24 21:04:45,176 - INFO - Training loss: 2.024243946669167
2026-08-24 21:04:49,838 - INFO - Validation total loss: 2.225400576775678
2026-08-24 21:04:49,838 - INFO - Validation CE loss: 2.224325972053626
2026-08-24 21:04:49,838 - INFO - Validation MSE align loss: 0.0002149215478713868
2026-08-24 21:04:49,838 - INFO - Early stop metric (ce): 2.224325972053626
2026-08-24 21:04:49,838 - INFO - No improvement in validation loss. Early stop counter: 4
2026-08-24 21:04:49,838 - INFO - Epoch 81/200
2026-08-24 21:05:34,702 - INFO - Training loss: 2.0208906679765724
2026-08-24 21:05:39,569 - INFO - Validation total loss: 2.2262175385020835
2026-08-24 21:05:39,569 - INFO - Validation CE loss: 2.2251301175023355
2026-08-24 21:05:39,569 - INFO - Validation MSE align loss: 0.00021748292415258935
2026-08-24 21:05:39,569 - INFO - Early stop metric (ce): 2.2251301175023355
2026-08-24 21:05:39,569 - INFO - No improvement in validation loss. Early stop counter: 5
2026-08-24 21:05:39,570 - INFO - Epoch 82/200
2026-08-24 21:06:24,519 - INFO - Training loss: 2.0171924769182614
2026-08-24 21:06:29,365 - INFO - Validation total loss: 2.2254028473800855
2026-08-24 21:06:29,365 - INFO - Validation CE loss: 2.224310411915759
2026-08-24 21:06:29,365 - INFO - Validation MSE align loss: 0.00021848641573291575
2026-08-24 21:06:29,365 - INFO - Early stop metric (ce): 2.224310411915759
2026-08-24 21:06:29,365 - INFO - No improvement in validation loss. Early stop counter: 6
2026-08-24 21:06:29,365 - INFO - Epoch 83/200
2026-08-24 21:07:14,417 - INFO - Training loss: 2.01402141379939
2026-08-24 21:07:19,083 - INFO - Validation total loss: 2.2232451346810795
2026-08-24 21:07:19,083 - INFO - Validation CE loss: 2.222118801825036
2026-08-24 21:07:19,083 - INFO - Validation MSE align loss: 0.00022526586655869103
2026-08-24 21:07:19,083 - INFO - Early stop metric (ce): 2.222118801825036
2026-08-24 21:07:19,144 - INFO - Best validation ce loss: 2.222118801825036
2026-08-24 21:07:19,144 - INFO - Best model saved to ./ckpt/causal_tiger_Beauty_mse5_token.pth
2026-08-24 21:07:19,145 - INFO - Epoch 84/200
2026-08-24 21:08:03,709 - INFO - Training loss: 2.0104018820862826
2026-08-24 21:08:08,408 - INFO - Validation total loss: 2.218649188336385
2026-08-24 21:08:08,408 - INFO - Validation CE loss: 2.2175554630582424
2026-08-24 21:08:08,408 - INFO - Validation MSE align loss: 0.0002187445983110803
2026-08-24 21:08:08,408 - INFO - Early stop metric (ce): 2.2175554630582424
2026-08-24 21:08:08,467 - INFO - Best validation ce loss: 2.2175554630582424
2026-08-24 21:08:08,467 - INFO - Best model saved to ./ckpt/causal_tiger_Beauty_mse5_token.pth
2026-08-24 21:08:08,467 - INFO - Epoch 85/200
2026-08-24 21:08:53,221 - INFO - Training loss: 2.006062392826674
2026-08-24 21:08:57,958 - INFO - Validation total loss: 2.2253396122240714
2026-08-24 21:08:57,959 - INFO - Validation CE loss: 2.224257521363287
2026-08-24 21:08:57,959 - INFO - Validation MSE align loss: 0.00021641734979253326
2026-08-24 21:08:57,959 - INFO - Early stop metric (ce): 2.224257521363287
2026-08-24 21:08:57,959 - INFO - No improvement in validation loss. Early stop counter: 1
2026-08-24 21:08:57,959 - INFO - Epoch 86/200
2026-08-24 21:09:42,669 - INFO - Training loss: 2.004452931973721
2026-08-24 21:09:47,452 - INFO - Validation total loss: 2.219884901599311
2026-08-24 21:09:47,453 - INFO - Validation CE loss: 2.21880678557531
2026-08-24 21:09:47,453 - INFO - Validation MSE align loss: 0.00021562294081720832
2026-08-24 21:09:47,453 - INFO - Early stop metric (ce): 2.21880678557531
2026-08-24 21:09:47,453 - INFO - No improvement in validation loss. Early stop counter: 2
2026-08-24 21:09:47,453 - INFO - Epoch 87/200
2026-08-24 21:10:32,145 - INFO - Training loss: 1.9985539419177905
2026-08-24 21:10:36,873 - INFO - Validation total loss: 2.2198046108172176
2026-08-24 21:10:36,873 - INFO - Validation CE loss: 2.218714962701429
2026-08-24 21:10:36,873 - INFO - Validation MSE align loss: 0.00021793061588559092
2026-08-24 21:10:36,873 - INFO - Early stop metric (ce): 2.218714962701429
2026-08-24 21:10:36,873 - INFO - No improvement in validation loss. Early stop counter: 3
2026-08-24 21:10:36,874 - INFO - Epoch 88/200
2026-08-24 21:11:21,407 - INFO - Training loss: 1.9956211960269319
2026-08-24 21:11:26,150 - INFO - Validation total loss: 2.2192706729209473
2026-08-24 21:11:26,150 - INFO - Validation CE loss: 2.2181646788069105
2026-08-24 21:11:26,150 - INFO - Validation MSE align loss: 0.00022119769341634115
2026-08-24 21:11:26,150 - INFO - Early stop metric (ce): 2.2181646788069105
2026-08-24 21:11:26,150 - INFO - No improvement in validation loss. Early stop counter: 4
2026-08-24 21:11:26,150 - INFO - Epoch 89/200
2026-08-24 21:12:11,022 - INFO - Training loss: 1.9924277640038428
2026-08-24 21:12:15,717 - INFO - Validation total loss: 2.220455970375323
2026-08-24 21:12:15,717 - INFO - Validation CE loss: 2.219359842492787
2026-08-24 21:12:15,717 - INFO - Validation MSE align loss: 0.00021922435009924
2026-08-24 21:12:15,717 - INFO - Early stop metric (ce): 2.219359842492787
2026-08-24 21:12:15,717 - INFO - No improvement in validation loss. Early stop counter: 5
2026-08-24 21:12:15,717 - INFO - Epoch 90/200
2026-08-24 21:13:00,392 - INFO - Training loss: 1.9906566560500327
2026-08-24 21:13:05,140 - INFO - Validation total loss: 2.223356775971441
2026-08-24 21:13:05,141 - INFO - Validation CE loss: 2.2222541632058794
2026-08-24 21:13:05,141 - INFO - Validation MSE align loss: 0.00022052296495031118
2026-08-24 21:13:05,141 - INFO - Early stop metric (ce): 2.2222541632058794
2026-08-24 21:13:05,141 - INFO - No improvement in validation loss. Early stop counter: 6
2026-08-24 21:13:05,141 - INFO - Epoch 91/200
2026-08-24 21:13:49,854 - INFO - Training loss: 1.9866242494564577
2026-08-24 21:13:54,624 - INFO - Validation total loss: 2.2186120436426906
2026-08-24 21:13:54,624 - INFO - Validation CE loss: 2.217524988456857
2026-08-24 21:13:54,624 - INFO - Validation MSE align loss: 0.00021741052294078046
2026-08-24 21:13:54,624 - INFO - Early stop metric (ce): 2.217524988456857
2026-08-24 21:13:54,682 - INFO - Best validation ce loss: 2.217524988456857
2026-08-24 21:13:54,682 - INFO - Best model saved to ./ckpt/causal_tiger_Beauty_mse5_token.pth
2026-08-24 21:13:54,683 - INFO - Epoch 92/200
2026-08-24 21:14:39,227 - INFO - Training loss: 1.9830020065437495
2026-08-24 21:14:43,985 - INFO - Validation total loss: 2.2290656213596654
2026-08-24 21:14:43,985 - INFO - Validation CE loss: 2.2279707807328055
2026-08-24 21:14:43,985 - INFO - Validation MSE align loss: 0.0002189698527779934
2026-08-24 21:14:43,985 - INFO - Early stop metric (ce): 2.2279707807328055
2026-08-24 21:14:43,985 - INFO - No improvement in validation loss. Early stop counter: 1
2026-08-24 21:14:43,985 - INFO - Epoch 93/200
2026-08-24 21:15:29,175 - INFO - Training loss: 1.9812221932967813
2026-08-24 21:15:34,014 - INFO - Validation total loss: 2.2214261922713514
2026-08-24 21:15:34,014 - INFO - Validation CE loss: 2.2203467470381906
2026-08-24 21:15:34,014 - INFO - Validation MSE align loss: 0.00021588965924906387
2026-08-24 21:15:34,015 - INFO - Early stop metric (ce): 2.2203467470381906
2026-08-24 21:15:34,015 - INFO - No improvement in validation loss. Early stop counter: 2
2026-08-24 21:15:34,015 - INFO - Epoch 94/200
2026-08-24 21:16:19,007 - INFO - Training loss: 1.9771919616929288
2026-08-24 21:16:23,880 - INFO - Validation total loss: 2.218415480314918
2026-08-24 21:16:23,880 - INFO - Validation CE loss: 2.2172983843881173
2026-08-24 21:16:23,880 - INFO - Validation MSE align loss: 0.00022342037874206007
2026-08-24 21:16:23,880 - INFO - Early stop metric (ce): 2.2172983843881173
2026-08-24 21:16:23,947 - INFO - Best validation ce loss: 2.2172983843881173
2026-08-24 21:16:23,947 - INFO - Best model saved to ./ckpt/causal_tiger_Beauty_mse5_token.pth
2026-08-24 21:16:23,947 - INFO - Epoch 95/200
2026-08-24 21:17:09,087 - INFO - Training loss: 1.973163899048757
2026-08-24 21:17:13,940 - INFO - Validation total loss: 2.221496634728919
2026-08-24 21:17:13,940 - INFO - Validation CE loss: 2.220389547266162
2026-08-24 21:17:13,940 - INFO - Validation MSE align loss: 0.0002214182656640067
2026-08-24 21:17:13,940 - INFO - Early stop metric (ce): 2.220389547266162
2026-08-24 21:17:13,940 - INFO - No improvement in validation loss. Early stop counter: 1
2026-08-24 21:17:13,940 - INFO - Epoch 96/200
2026-08-24 21:17:58,847 - INFO - Training loss: 1.9692920618020142
2026-08-24 21:18:03,603 - INFO - Validation total loss: 2.2197698441697806
2026-08-24 21:18:03,603 - INFO - Validation CE loss: 2.2186496462433123
2026-08-24 21:18:03,603 - INFO - Validation MSE align loss: 0.00022403976115320165
2026-08-24 21:18:03,603 - INFO - Early stop metric (ce): 2.2186496462433123
2026-08-24 21:18:03,603 - INFO - No improvement in validation loss. Early stop counter: 2
2026-08-24 21:18:03,603 - INFO - Epoch 97/200
2026-08-24 21:18:35,601 - INFO - Training loss: 1.966293759615041
2026-08-24 21:18:38,371 - INFO - Validation total loss: 2.2220726980160235
2026-08-24 21:18:38,371 - INFO - Validation CE loss: 2.2209728367850503
2026-08-24 21:18:38,371 - INFO - Validation MSE align loss: 0.00021997232072788807
2026-08-24 21:18:38,371 - INFO - Early stop metric (ce): 2.2209728367850503
2026-08-24 21:18:38,371 - INFO - No improvement in validation loss. Early stop counter: 3
2026-08-24 21:18:38,371 - INFO - Epoch 98/200
2026-08-24 21:19:05,845 - INFO - Training loss: 1.964019700247026
2026-08-24 21:19:08,612 - INFO - Validation total loss: 2.2250769435080335
2026-08-24 21:19:08,612 - INFO - Validation CE loss: 2.223984794043676
2026-08-24 21:19:08,612 - INFO - Validation MSE align loss: 0.00021842934031093437
2026-08-24 21:19:08,612 - INFO - Early stop metric (ce): 2.223984794043676
2026-08-24 21:19:08,612 - INFO - No improvement in validation loss. Early stop counter: 4
2026-08-24 21:19:08,612 - INFO - Epoch 99/200
2026-08-24 21:19:36,191 - INFO - Training loss: 1.9615368905698278
2026-08-24 21:19:38,913 - INFO - Validation total loss: 2.2182448928448264
2026-08-24 21:19:38,913 - INFO - Validation CE loss: 2.217147666497292
2026-08-24 21:19:38,913 - INFO - Validation MSE align loss: 0.00021944426838508427
2026-08-24 21:19:38,913 - INFO - Early stop metric (ce): 2.217147666497292
2026-08-24 21:19:38,973 - INFO - Best validation ce loss: 2.217147666497292
2026-08-24 21:19:38,973 - INFO - Best model saved to ./ckpt/causal_tiger_Beauty_mse5_token.pth
2026-08-24 21:19:38,974 - INFO - Epoch 100/200
2026-08-24 21:20:06,538 - INFO - Training loss: 1.957940436754709
2026-08-24 21:20:09,323 - INFO - Validation total loss: 2.216580550558066
2026-08-24 21:20:09,323 - INFO - Validation CE loss: 2.2154751801183807
2026-08-24 21:20:09,323 - INFO - Validation MSE align loss: 0.00022107358356635986
2026-08-24 21:20:09,323 - INFO - Early stop metric (ce): 2.2154751801183807
2026-08-24 21:20:09,380 - INFO - Best validation ce loss: 2.2154751801183807
2026-08-24 21:20:09,380 - INFO - Best model saved to ./ckpt/causal_tiger_Beauty_mse5_token.pth
2026-08-24 21:20:09,381 - INFO - Epoch 101/200
2026-08-24 21:20:36,964 - INFO - Training loss: 1.9544795341064958
2026-08-24 21:20:39,736 - INFO - Validation total loss: 2.2188730403589076
2026-08-24 21:20:39,736 - INFO - Validation CE loss: 2.217771529639739
2026-08-24 21:20:39,736 - INFO - Validation MSE align loss: 0.0002203018409165038
2026-08-24 21:20:39,736 - INFO - Early stop metric (ce): 2.217771529639739
2026-08-24 21:20:39,736 - INFO - No improvement in validation loss. Early stop counter: 1
2026-08-24 21:20:39,737 - INFO - Epoch 102/200
2026-08-24 21:21:07,346 - INFO - Training loss: 1.952746877642457
2026-08-24 21:21:10,025 - INFO - Validation total loss: 2.225986950387259
2026-08-24 21:21:10,025 - INFO - Validation CE loss: 2.2248794326454786
2026-08-24 21:21:10,025 - INFO - Validation MSE align loss: 0.00022150281366548408
2026-08-24 21:21:10,025 - INFO - Early stop metric (ce): 2.2248794326454786
2026-08-24 21:21:10,025 - INFO - No improvement in validation loss. Early stop counter: 2
2026-08-24 21:21:10,026 - INFO - Epoch 103/200
2026-08-24 21:21:37,654 - INFO - Training loss: 1.947802603708631
2026-08-24 21:21:40,398 - INFO - Validation total loss: 2.2193410647273577
2026-08-24 21:21:40,398 - INFO - Validation CE loss: 2.218223925823817
2026-08-24 21:21:40,398 - INFO - Validation MSE align loss: 0.00022343008362042593
2026-08-24 21:21:40,398 - INFO - Early stop metric (ce): 2.218223925823817
2026-08-24 21:21:40,398 - INFO - No improvement in validation loss. Early stop counter: 3
2026-08-24 21:21:40,399 - INFO - Epoch 104/200
2026-08-24 21:22:07,874 - INFO - Training loss: 1.9439914029395997
2026-08-24 21:22:10,820 - INFO - Validation total loss: 2.2198409123482112
2026-08-24 21:22:10,820 - INFO - Validation CE loss: 2.2187413366055795
2026-08-24 21:22:10,820 - INFO - Validation MSE align loss: 0.00021991487563729621
2026-08-24 21:22:10,820 - INFO - Early stop metric (ce): 2.2187413366055795
2026-08-24 21:22:10,820 - INFO - No improvement in validation loss. Early stop counter: 4
2026-08-24 21:22:10,821 - INFO - Epoch 105/200
2026-08-24 21:22:38,485 - INFO - Training loss: 1.9412325834021957
2026-08-24 21:22:41,159 - INFO - Validation total loss: 2.2151667805700344
2026-08-24 21:22:41,159 - INFO - Validation CE loss: 2.2140477895736694
2026-08-24 21:22:41,159 - INFO - Validation MSE align loss: 0.0002237992637112233
2026-08-24 21:22:41,159 - INFO - Early stop metric (ce): 2.2140477895736694
2026-08-24 21:22:41,225 - INFO - Best validation ce loss: 2.2140477895736694
2026-08-24 21:22:41,225 - INFO - Best model saved to ./ckpt/causal_tiger_Beauty_mse5_token.pth
2026-08-24 21:22:41,225 - INFO - Epoch 106/200
2026-08-24 21:23:08,730 - INFO - Training loss: 1.9385078062343226
2026-08-24 21:23:11,395 - INFO - Validation total loss: 2.223031038890069
2026-08-24 21:23:11,395 - INFO - Validation CE loss: 2.2219190577069066
2026-08-24 21:23:11,395 - INFO - Validation MSE align loss: 0.00022239653908751522
2026-08-24 21:23:11,396 - INFO - Early stop metric (ce): 2.2219190577069066
2026-08-24 21:23:11,396 - INFO - No improvement in validation loss. Early stop counter: 1
2026-08-24 21:23:11,396 - INFO - Epoch 107/200
2026-08-24 21:23:38,896 - INFO - Training loss: 1.9350786285641592
2026-08-24 21:23:41,550 - INFO - Validation total loss: 2.2228307258417677
2026-08-24 21:23:41,550 - INFO - Validation CE loss: 2.2217058219623156
2026-08-24 21:23:41,550 - INFO - Validation MSE align loss: 0.00022498147673065505
2026-08-24 21:23:41,550 - INFO - Early stop metric (ce): 2.2217058219623156
2026-08-24 21:23:41,550 - INFO - No improvement in validation loss. Early stop counter: 2
2026-08-24 21:23:41,550 - INFO - Epoch 108/200
2026-08-24 21:24:09,105 - INFO - Training loss: 1.932917169095941
2026-08-24 21:24:11,791 - INFO - Validation total loss: 2.2251299368977033
2026-08-24 21:24:11,791 - INFO - Validation CE loss: 2.22402198631876
2026-08-24 21:24:11,791 - INFO - Validation MSE align loss: 0.0002215904293730735
2026-08-24 21:24:11,791 - INFO - Early stop metric (ce): 2.22402198631876
2026-08-24 21:24:11,791 - INFO - No improvement in validation loss. Early stop counter: 3
2026-08-24 21:24:11,791 - INFO - Epoch 109/200
2026-08-24 21:24:39,278 - INFO - Training loss: 1.9299577309927587
2026-08-24 21:24:41,973 - INFO - Validation total loss: 2.2265390193513537
2026-08-24 21:24:41,973 - INFO - Validation CE loss: 2.225425643470666
2026-08-24 21:24:41,973 - INFO - Validation MSE align loss: 0.0002226749729977665
2026-08-24 21:24:41,973 - INFO - Early stop metric (ce): 2.225425643470666
2026-08-24 21:24:41,973 - INFO - No improvement in validation loss. Early stop counter: 4
2026-08-24 21:24:41,973 - INFO - Epoch 110/200
2026-08-24 21:25:09,492 - INFO - Training loss: 1.9251302819307676
2026-08-24 21:25:12,178 - INFO - Validation total loss: 2.224665928296265
2026-08-24 21:25:12,178 - INFO - Validation CE loss: 2.2235534068340908
2026-08-24 21:25:12,178 - INFO - Validation MSE align loss: 0.00022250480084008508
2026-08-24 21:25:12,178 - INFO - Early stop metric (ce): 2.2235534068340908
2026-08-24 21:25:12,178 - INFO - No improvement in validation loss. Early stop counter: 5
2026-08-24 21:25:12,179 - INFO - Epoch 111/200
2026-08-24 21:25:39,724 - INFO - Training loss: 1.9231088873477298
2026-08-24 21:25:42,440 - INFO - Validation total loss: 2.2275411739881457
2026-08-24 21:25:42,440 - INFO - Validation CE loss: 2.226429145223593
2026-08-24 21:25:42,440 - INFO - Validation MSE align loss: 0.00022240600095514224
2026-08-24 21:25:42,440 - INFO - Early stop metric (ce): 2.226429145223593
2026-08-24 21:25:42,440 - INFO - No improvement in validation loss. Early stop counter: 6
2026-08-24 21:25:42,441 - INFO - Epoch 112/200
2026-08-24 21:26:09,986 - INFO - Training loss: 1.9220599708390143
2026-08-24 21:26:12,678 - INFO - Validation total loss: 2.224062636686497
2026-08-24 21:26:12,679 - INFO - Validation CE loss: 2.2229376156442666
2026-08-24 21:26:12,679 - INFO - Validation MSE align loss: 0.00022500277324000078
2026-08-24 21:26:12,679 - INFO - Early stop metric (ce): 2.2229376156442666
2026-08-24 21:26:12,679 - INFO - No improvement in validation loss. Early stop counter: 7
2026-08-24 21:26:12,679 - INFO - Epoch 113/200
2026-08-24 21:26:40,212 - INFO - Training loss: 1.9198115157246125
2026-08-24 21:26:42,894 - INFO - Validation total loss: 2.227050578133743
2026-08-24 21:26:42,894 - INFO - Validation CE loss: 2.2259318040675873
2026-08-24 21:26:42,894 - INFO - Validation MSE align loss: 0.00022375538063089688
2026-08-24 21:26:42,894 - INFO - Early stop metric (ce): 2.2259318040675873
2026-08-24 21:26:42,894 - INFO - No improvement in validation loss. Early stop counter: 8
2026-08-24 21:26:42,894 - INFO - Epoch 114/200
2026-08-24 21:27:10,421 - INFO - Training loss: 1.9161157851553148
2026-08-24 21:27:13,074 - INFO - Validation total loss: 2.222167107168697
2026-08-24 21:27:13,074 - INFO - Validation CE loss: 2.2210458476144357
2026-08-24 21:27:13,074 - INFO - Validation MSE align loss: 0.0002242509751453748
2026-08-24 21:27:13,074 - INFO - Early stop metric (ce): 2.2210458476144357
2026-08-24 21:27:13,074 - INFO - No improvement in validation loss. Early stop counter: 9
2026-08-24 21:27:13,075 - INFO - Epoch 115/200
2026-08-24 21:27:40,639 - INFO - Training loss: 1.9119282149155317
2026-08-24 21:27:43,376 - INFO - Validation total loss: 2.2275680318922446
2026-08-24 21:27:43,376 - INFO - Validation CE loss: 2.2264520554071843
2026-08-24 21:27:43,376 - INFO - Validation MSE align loss: 0.0002231944829916038
2026-08-24 21:27:43,376 - INFO - Early stop metric (ce): 2.2264520554071843
2026-08-24 21:27:43,376 - INFO - No improvement in validation loss. Early stop counter: 10
2026-08-24 21:27:43,376 - INFO - Early stopping triggered.
2026-08-24 21:27:43,377 - INFO - Loading best model for final testing...
2026-08-24 22:03:01,455 - INFO - Final Epoch: 105
2026-08-24 22:03:01,457 - INFO - Final Test Recalls: {'Recall@5': 0.03556100566883456, 'Recall@10': 0.05516220182340288, 'Recall@20': 0.08459642118586491}
2026-08-24 22:03:01,457 - INFO - Final Test NDCGs: {'NDCG@5': 0.023178597534467094, 'NDCG@10': 0.029432070724338358, 'NDCG@20': 0.03685388984278548}
2026-08-25 20:43:15,773 - INFO - Configuration: {'batch_size': 256, 'infer_size': 96, 'num_epochs': 120, 'lr': 0.001, 'device': 'cuda', 'num_layers': 4, 'num_decoder_layers': 0, 'd_model': 128, 'd_ff': 1024, 'num_heads': 6, 'd_kv': 64, 'dropout_rate': 0.1, 'vocab_size': 1025, 'pad_token_id': 0, 'eos_token_id': 0, 'feed_forward_proj': 'relu', 'max_len': 20, 'dataset_path': '../data/Beauty', 'code_path': '../data/Beauty/Beauty_t5_rqvae.npy', 'item_emb_path': '../data/Beauty/item_emb.parquet', 'item_emb_dim': 768, 'mse_loss_weight': 5.0, 'mse_loss_mode': 'token', 'align_loss_type': 'mse', 'early_stop_metric': 'ce', 'mode': 'train', 'model_type': 'causal', 'log_path': './logs/causal_tiger_Beauty_mse5_token.log', 'tensorboard_dir': None, 'seed': 2025, 'save_path': './ckpt/causal_tiger_Beauty_mse5_token.pth', 'early_stop': 10, 'topk_list': [5, 10, 20], 'beam_size': 30}
2026-08-25 20:43:15,782 - INFO - TensorBoard dir: ./runs/causal_tiger_Beauty_mse5_token
2026-08-25 20:43:16,207 - INFO - #Embedding parameters: 131200
#Non-embedding parameters: 1934784
#Total trainable parameters: 2065984

2026-08-25 20:43:20,483 - INFO - Epoch 1/120
2026-08-25 20:43:33,286 - INFO - Training total loss: 4.43308223592632
2026-08-25 20:43:33,286 - INFO - Training CE loss: 4.316652644469117
2026-08-25 20:43:33,286 - INFO - Training MSE align loss: 0.02328591861586351
2026-08-25 20:43:33,286 - INFO - Training geometry effective rank: 56.113523446168415
2026-08-25 20:43:33,286 - INFO - Training geometry avg cosine: 0.7344599244427589
2026-08-25 20:43:35,272 - INFO - Validation total loss: 3.530923857709369
2026-08-25 20:43:35,272 - INFO - Validation CE loss: 3.526549327015365
2026-08-25 20:43:35,272 - INFO - Validation MSE align loss: 0.0008749075889959132
2026-08-25 20:43:35,272 - INFO - Early stop metric (ce): 3.526549327015365
2026-08-25 20:43:35,309 - INFO - Best validation ce loss: 3.526549327015365
2026-08-25 20:43:35,309 - INFO - Best model saved to ./ckpt/causal_tiger_Beauty_mse5_token.pth
2026-08-25 20:43:35,309 - INFO - Epoch 2/120
2026-08-25 20:43:47,531 - INFO - Training total loss: 3.327761777180178
2026-08-25 20:43:47,531 - INFO - Training CE loss: 3.3245920402066718
2026-08-25 20:43:47,531 - INFO - Training MSE align loss: 0.000633948685705312
2026-08-25 20:43:47,531 - INFO - Training geometry effective rank: 57.279545965825534
2026-08-25 20:43:47,531 - INFO - Training geometry avg cosine: 0.6971086409769169
2026-08-25 20:43:49,516 - INFO - Validation total loss: 3.1418894590737994
2026-08-25 20:43:49,516 - INFO - Validation CE loss: 3.140921871549582
2026-08-25 20:43:49,516 - INFO - Validation MSE align loss: 0.0001935180122494426
2026-08-25 20:43:49,516 - INFO - Early stop metric (ce): 3.140921871549582
2026-08-25 20:43:49,549 - INFO - Best validation ce loss: 3.140921871549582
2026-08-25 20:43:49,549 - INFO - Best model saved to ./ckpt/causal_tiger_Beauty_mse5_token.pth
2026-08-25 20:43:49,550 - INFO - Epoch 3/120
2026-08-25 20:44:01,785 - INFO - Training total loss: 3.0340451586571184
2026-08-25 20:44:01,785 - INFO - Training CE loss: 3.0329261758448083
2026-08-25 20:44:01,785 - INFO - Training MSE align loss: 0.00022379602471494264
2026-08-25 20:44:01,785 - INFO - Training geometry effective rank: 57.4044523053596
2026-08-25 20:44:01,785 - INFO - Training geometry avg cosine: 0.6889093754820322
2026-08-25 20:44:03,924 - INFO - Validation total loss: 2.9179016714955606
2026-08-25 20:44:03,924 - INFO - Validation CE loss: 2.916948952899982
2026-08-25 20:44:03,924 - INFO - Validation MSE align loss: 0.00019054522240972106
2026-08-25 20:44:03,924 - INFO - Early stop metric (ce): 2.916948952899982
2026-08-25 20:44:03,960 - INFO - Best validation ce loss: 2.916948952899982
2026-08-25 20:44:03,960 - INFO - Best model saved to ./ckpt/causal_tiger_Beauty_mse5_token.pth
2026-08-25 20:44:03,960 - INFO - Epoch 4/120
2026-08-25 20:44:16,218 - INFO - Training total loss: 2.855151442238329
2026-08-25 20:44:16,218 - INFO - Training CE loss: 2.8539967193677733
2026-08-25 20:44:16,218 - INFO - Training MSE align loss: 0.00023094398456042204
2026-08-25 20:44:16,219 - INFO - Training geometry effective rank: 55.7925731198797
2026-08-25 20:44:16,219 - INFO - Training geometry avg cosine: 0.6816809911440319
2026-08-25 20:44:18,167 - INFO - Validation total loss: 2.7747765508332476
2026-08-25 20:44:18,167 - INFO - Validation CE loss: 2.7737910297295567
2026-08-25 20:44:18,167 - INFO - Validation MSE align loss: 0.0001971053171032528
2026-08-25 20:44:18,167 - INFO - Early stop metric (ce): 2.7737910297295567
2026-08-25 20:44:18,199 - INFO - Best validation ce loss: 2.7737910297295567
2026-08-25 20:44:18,199 - INFO - Best model saved to ./ckpt/causal_tiger_Beauty_mse5_token.pth
2026-08-25 20:44:18,199 - INFO - Epoch 5/120
2026-08-25 20:44:30,386 - INFO - Training total loss: 2.726599873735747
2026-08-25 20:44:30,387 - INFO - Training CE loss: 2.7254087419361457
2026-08-25 20:44:30,387 - INFO - Training MSE align loss: 0.00023822623055545135
2026-08-25 20:44:30,387 - INFO - Training geometry effective rank: 53.527842028131744
2026-08-25 20:44:30,387 - INFO - Training geometry avg cosine: 0.678226576936848
2026-08-25 20:44:32,389 - INFO - Validation total loss: 2.6589622364535352
2026-08-25 20:44:32,389 - INFO - Validation CE loss: 2.6579167587051065
2026-08-25 20:44:32,389 - INFO - Validation MSE align loss: 0.00020909624507994484
2026-08-25 20:44:32,389 - INFO - Early stop metric (ce): 2.6579167587051065
2026-08-25 20:44:32,422 - INFO - Best validation ce loss: 2.6579167587051065
2026-08-25 20:44:32,422 - INFO - Best model saved to ./ckpt/causal_tiger_Beauty_mse5_token.pth
2026-08-25 20:44:32,422 - INFO - Epoch 6/120
2026-08-25 20:44:44,672 - INFO - Training total loss: 2.6319825245712516
2026-08-25 20:44:44,672 - INFO - Training CE loss: 2.630759978108833
2026-08-25 20:44:44,672 - INFO - Training MSE align loss: 0.00024450883298866806
2026-08-25 20:44:44,672 - INFO - Training geometry effective rank: 51.739979302372916
2026-08-25 20:44:44,672 - INFO - Training geometry avg cosine: 0.6723836523549566
2026-08-25 20:44:46,728 - INFO - Validation total loss: 2.585149693898377
2026-08-25 20:44:46,728 - INFO - Validation CE loss: 2.5840876081982396
2026-08-25 20:44:46,728 - INFO - Validation MSE align loss: 0.00021241529018552216
2026-08-25 20:44:46,728 - INFO - Early stop metric (ce): 2.5840876081982396
2026-08-25 20:44:46,761 - INFO - Best validation ce loss: 2.5840876081982396
2026-08-25 20:44:46,761 - INFO - Best model saved to ./ckpt/causal_tiger_Beauty_mse5_token.pth
2026-08-25 20:44:46,761 - INFO - Epoch 7/120
2026-08-25 20:44:58,981 - INFO - Training total loss: 2.560269735202715
2026-08-25 20:44:58,982 - INFO - Training CE loss: 2.5590212711564297
2026-08-25 20:44:58,982 - INFO - Training MSE align loss: 0.0002496930551334694
2026-08-25 20:44:58,982 - INFO - Training geometry effective rank: 50.958756116577625
2026-08-25 20:44:58,982 - INFO - Training geometry avg cosine: 0.6643183107274052
2026-08-25 20:45:00,954 - INFO - Validation total loss: 2.5183018384573286
2026-08-25 20:45:00,954 - INFO - Validation CE loss: 2.5172331588974326
2026-08-25 20:45:00,954 - INFO - Validation MSE align loss: 0.00021373775300256062
2026-08-25 20:45:00,954 - INFO - Early stop metric (ce): 2.5172331588974326
2026-08-25 20:45:00,987 - INFO - Best validation ce loss: 2.5172331588974326
2026-08-25 20:45:00,987 - INFO - Best model saved to ./ckpt/causal_tiger_Beauty_mse5_token.pth
2026-08-25 20:45:00,988 - INFO - Epoch 8/120
2026-08-25 20:45:13,194 - INFO - Training total loss: 2.5012669210767933
2026-08-25 20:45:13,195 - INFO - Training CE loss: 2.4999930468978584
2026-08-25 20:45:13,195 - INFO - Training MSE align loss: 0.00025477577260186253
2026-08-25 20:45:13,195 - INFO - Training geometry effective rank: 50.46887673849262
2026-08-25 20:45:13,195 - INFO - Training geometry avg cosine: 0.6573568025915539
2026-08-25 20:45:15,246 - INFO - Validation total loss: 2.477310366896601
2026-08-25 20:45:15,247 - INFO - Validation CE loss: 2.4762360128721967
2026-08-25 20:45:15,247 - INFO - Validation MSE align loss: 0.00021486991018160794
2026-08-25 20:45:15,247 - INFO - Early stop metric (ce): 2.4762360128721967
2026-08-25 20:45:15,279 - INFO - Best validation ce loss: 2.4762360128721967
2026-08-25 20:45:15,279 - INFO - Best model saved to ./ckpt/causal_tiger_Beauty_mse5_token.pth
2026-08-25 20:45:15,280 - INFO - Epoch 9/120
2026-08-25 20:45:27,455 - INFO - Training total loss: 2.4549827626707024
2026-08-25 20:45:27,455 - INFO - Training CE loss: 2.4536929696450436
2026-08-25 20:45:27,455 - INFO - Training MSE align loss: 0.00025795881414708067
2026-08-25 20:45:27,455 - INFO - Training geometry effective rank: 49.836619143356145
2026-08-25 20:45:27,455 - INFO - Training geometry avg cosine: 0.6498768082620568
2026-08-25 20:45:29,554 - INFO - Validation total loss: 2.4415241403129477
2026-08-25 20:45:29,554 - INFO - Validation CE loss: 2.4404200755475416
2026-08-25 20:45:29,554 - INFO - Validation MSE align loss: 0.00022081272830724988
2026-08-25 20:45:29,554 - INFO - Early stop metric (ce): 2.4404200755475416
2026-08-25 20:45:29,589 - INFO - Best validation ce loss: 2.4404200755475416
2026-08-25 20:45:29,589 - INFO - Best model saved to ./ckpt/causal_tiger_Beauty_mse5_token.pth
2026-08-25 20:45:29,589 - INFO - Epoch 10/120
2026-08-25 20:45:41,812 - INFO - Training total loss: 2.4165773767441627
2026-08-25 20:45:41,813 - INFO - Training CE loss: 2.415255845288822
2026-08-25 20:45:41,813 - INFO - Training MSE align loss: 0.0002643062514778415
2026-08-25 20:45:41,813 - INFO - Training geometry effective rank: 49.810491873596426
2026-08-25 20:45:41,813 - INFO - Training geometry avg cosine: 0.6455335261061034
2026-08-25 20:45:43,846 - INFO - Validation total loss: 2.4132340619492427
2026-08-25 20:45:43,846 - INFO - Validation CE loss: 2.4120883000255144
2026-08-25 20:45:43,846 - INFO - Validation MSE align loss: 0.00022915210803449074
2026-08-25 20:45:43,846 - INFO - Early stop metric (ce): 2.4120883000255144
2026-08-25 20:45:43,880 - INFO - Best validation ce loss: 2.4120883000255144
2026-08-25 20:45:43,880 - INFO - Best model saved to ./ckpt/causal_tiger_Beauty_mse5_token.pth
2026-08-25 20:45:43,880 - INFO - Epoch 11/120
2026-08-25 20:45:56,111 - INFO - Training total loss: 2.3882452778315266
2026-08-25 20:45:56,111 - INFO - Training CE loss: 2.386909679680019
2026-08-25 20:45:56,111 - INFO - Training MSE align loss: 0.00026712035684409673
2026-08-25 20:45:56,111 - INFO - Training geometry effective rank: 49.34342538707451
2026-08-25 20:45:56,111 - INFO - Training geometry avg cosine: 0.6426078070694371
2026-08-25 20:45:58,048 - INFO - Validation total loss: 2.385866476230867
2026-08-25 20:45:58,048 - INFO - Validation CE loss: 2.3847207583071337
2026-08-25 20:45:58,048 - INFO - Validation MSE align loss: 0.00022914251370071694
2026-08-25 20:45:58,049 - INFO - Early stop metric (ce): 2.3847207583071337
2026-08-25 20:45:58,083 - INFO - Best validation ce loss: 2.3847207583071337
2026-08-25 20:45:58,083 - INFO - Best model saved to ./ckpt/causal_tiger_Beauty_mse5_token.pth
2026-08-25 20:45:58,083 - INFO - Epoch 12/120
2026-08-25 20:46:10,360 - INFO - Training total loss: 2.3593255638612383
2026-08-25 20:46:10,360 - INFO - Training CE loss: 2.3579722647537054
2026-08-25 20:46:10,360 - INFO - Training MSE align loss: 0.00027066067972986917
2026-08-25 20:46:10,360 - INFO - Training geometry effective rank: 48.85815367346144
2026-08-25 20:46:10,360 - INFO - Training geometry avg cosine: 0.6389369305933496
2026-08-25 20:46:12,340 - INFO - Validation total loss: 2.3749608993530273
2026-08-25 20:46:12,340 - INFO - Validation CE loss: 2.373811346778542
2026-08-25 20:46:12,340 - INFO - Validation MSE align loss: 0.00022991035256510832
2026-08-25 20:46:12,340 - INFO - Early stop metric (ce): 2.373811346778542
2026-08-25 20:46:12,373 - INFO - Best validation ce loss: 2.373811346778542
2026-08-25 20:46:12,373 - INFO - Best model saved to ./ckpt/causal_tiger_Beauty_mse5_token.pth
2026-08-25 20:46:12,374 - INFO - Epoch 13/120
2026-08-25 20:46:24,584 - INFO - Training total loss: 2.334958236041236
2026-08-25 20:46:24,584 - INFO - Training CE loss: 2.333585772069048
2026-08-25 20:46:24,584 - INFO - Training MSE align loss: 0.0002744917349902558
2026-08-25 20:46:24,584 - INFO - Training geometry effective rank: 48.545337009058855
2026-08-25 20:46:24,584 - INFO - Training geometry avg cosine: 0.6348177632932996
2026-08-25 20:46:26,618 - INFO - Validation total loss: 2.350346306362889
2026-08-25 20:46:26,619 - INFO - Validation CE loss: 2.3491821447667136
2026-08-25 20:46:26,619 - INFO - Validation MSE align loss: 0.0002328318416574658
2026-08-25 20:46:26,619 - INFO - Early stop metric (ce): 2.3491821447667136
2026-08-25 20:46:26,651 - INFO - Best validation ce loss: 2.3491821447667136
2026-08-25 20:46:26,651 - INFO - Best model saved to ./ckpt/causal_tiger_Beauty_mse5_token.pth
2026-08-25 20:46:26,652 - INFO - Epoch 14/120
2026-08-25 20:46:38,927 - INFO - Training total loss: 2.3121563061665933
2026-08-25 20:46:38,927 - INFO - Training CE loss: 2.310767402444832
2026-08-25 20:46:38,927 - INFO - Training MSE align loss: 0.0002777822149110277
2026-08-25 20:46:38,927 - INFO - Training geometry effective rank: 48.729799790141186
2026-08-25 20:46:38,927 - INFO - Training geometry avg cosine: 0.631490697308737
2026-08-25 20:46:40,936 - INFO - Validation total loss: 2.333487418588139
2026-08-25 20:46:40,936 - INFO - Validation CE loss: 2.332329438991301
2026-08-25 20:46:40,936 - INFO - Validation MSE align loss: 0.00023159580360178719
2026-08-25 20:46:40,936 - INFO - Early stop metric (ce): 2.332329438991301
2026-08-25 20:46:40,968 - INFO - Best validation ce loss: 2.332329438991301
2026-08-25 20:46:40,968 - INFO - Best model saved to ./ckpt/causal_tiger_Beauty_mse5_token.pth
2026-08-25 20:46:40,968 - INFO - Epoch 15/120
2026-08-25 20:46:53,413 - INFO - Training total loss: 2.2962900451185173
2026-08-25 20:46:53,413 - INFO - Training CE loss: 2.2949043452043942
2026-08-25 20:46:53,413 - INFO - Training MSE align loss: 0.0002771407009758316
2026-08-25 20:46:53,413 - INFO - Training geometry effective rank: 48.22082722140657
2026-08-25 20:46:53,413 - INFO - Training geometry avg cosine: 0.6291719815378523
2026-08-25 20:46:55,342 - INFO - Validation total loss: 2.3249843801039995
2026-08-25 20:46:55,342 - INFO - Validation CE loss: 2.323800996137791
2026-08-25 20:46:55,342 - INFO - Validation MSE align loss: 0.0002366777407275233
2026-08-25 20:46:55,342 - INFO - Early stop metric (ce): 2.323800996137791
2026-08-25 20:46:55,376 - INFO - Best validation ce loss: 2.323800996137791
2026-08-25 20:46:55,376 - INFO - Best model saved to ./ckpt/causal_tiger_Beauty_mse5_token.pth
2026-08-25 20:46:55,376 - INFO - Epoch 16/120
2026-08-25 20:47:07,739 - INFO - Training total loss: 2.2793419959480197
2026-08-25 20:47:07,739 - INFO - Training CE loss: 2.2779412738080156
2026-08-25 20:47:07,739 - INFO - Training MSE align loss: 0.0002801435904899895
2026-08-25 20:47:07,739 - INFO - Training geometry effective rank: 47.83396366876387
2026-08-25 20:47:07,739 - INFO - Training geometry avg cosine: 0.6266953026738148
2026-08-25 20:47:09,760 - INFO - Validation total loss: 2.3170890173686933
2026-08-25 20:47:09,761 - INFO - Validation CE loss: 2.3159058140071167
2026-08-25 20:47:09,761 - INFO - Validation MSE align loss: 0.00023664126594604868
2026-08-25 20:47:09,761 - INFO - Early stop metric (ce): 2.3159058140071167
2026-08-25 20:47:09,799 - INFO - Best validation ce loss: 2.3159058140071167
2026-08-25 20:47:09,799 - INFO - Best model saved to ./ckpt/causal_tiger_Beauty_mse5_token.pth
2026-08-25 20:47:09,799 - INFO - Epoch 17/120
2026-08-25 20:47:22,009 - INFO - Training total loss: 2.264573357912353
2026-08-25 20:47:22,010 - INFO - Training CE loss: 2.2631666766994196
2026-08-25 20:47:22,010 - INFO - Training MSE align loss: 0.0002813356990698573
2026-08-25 20:47:22,010 - INFO - Training geometry effective rank: 47.68763895442977
2026-08-25 20:47:22,010 - INFO - Training geometry avg cosine: 0.6259575421244253
2026-08-25 20:47:24,001 - INFO - Validation total loss: 2.303418476182504
2026-08-25 20:47:24,001 - INFO - Validation CE loss: 2.302208610870296
2026-08-25 20:47:24,001 - INFO - Validation MSE align loss: 0.00024197331833045594
2026-08-25 20:47:24,001 - INFO - Early stop metric (ce): 2.302208610870296
2026-08-25 20:47:24,034 - INFO - Best validation ce loss: 2.302208610870296
2026-08-25 20:47:24,034 - INFO - Best model saved to ./ckpt/causal_tiger_Beauty_mse5_token.pth
2026-08-25 20:47:24,034 - INFO - Epoch 18/120
2026-08-25 20:47:36,375 - INFO - Training total loss: 2.249416369408485
2026-08-25 20:47:36,376 - INFO - Training CE loss: 2.247997388765506
2026-08-25 20:47:36,376 - INFO - Training MSE align loss: 0.00028379499595856895
2026-08-25 20:47:36,376 - INFO - Training geometry effective rank: 47.23440199232287
2026-08-25 20:47:36,376 - INFO - Training geometry avg cosine: 0.6231954445634834
2026-08-25 20:47:38,322 - INFO - Validation total loss: 2.287668802707492
2026-08-25 20:47:38,323 - INFO - Validation CE loss: 2.2864912958104213
2026-08-25 20:47:38,323 - INFO - Validation MSE align loss: 0.0002355008508986094
2026-08-25 20:47:38,323 - INFO - Early stop metric (ce): 2.2864912958104213
2026-08-25 20:47:38,356 - INFO - Best validation ce loss: 2.2864912958104213
2026-08-25 20:47:38,356 - INFO - Best model saved to ./ckpt/causal_tiger_Beauty_mse5_token.pth
2026-08-25 20:47:38,356 - INFO - Epoch 19/120
2026-08-25 20:47:50,596 - INFO - Training total loss: 2.2354480594048702
2026-08-25 20:47:50,596 - INFO - Training CE loss: 2.2340264311096547
2026-08-25 20:47:50,596 - INFO - Training MSE align loss: 0.00028432585894228013
2026-08-25 20:47:50,597 - INFO - Training geometry effective rank: 46.88051361054298
2026-08-25 20:47:50,597 - INFO - Training geometry avg cosine: 0.6241461197457888
2026-08-25 20:47:52,545 - INFO - Validation total loss: 2.2804874115235814
2026-08-25 20:47:52,545 - INFO - Validation CE loss: 2.279291077744807
2026-08-25 20:47:52,545 - INFO - Validation MSE align loss: 0.00023926576250232756
2026-08-25 20:47:52,546 - INFO - Early stop metric (ce): 2.279291077744807
2026-08-25 20:47:52,578 - INFO - Best validation ce loss: 2.279291077744807
2026-08-25 20:47:52,578 - INFO - Best model saved to ./ckpt/causal_tiger_Beauty_mse5_token.pth
2026-08-25 20:47:52,578 - INFO - Epoch 20/120
2026-08-25 20:48:04,779 - INFO - Training total loss: 2.2244783983156373
2026-08-25 20:48:04,779 - INFO - Training CE loss: 2.2230486735295694
2026-08-25 20:48:04,779 - INFO - Training MSE align loss: 0.00028594454927306534
2026-08-25 20:48:04,779 - INFO - Training geometry effective rank: 46.191190393054534
2026-08-25 20:48:04,779 - INFO - Training geometry avg cosine: 0.6234990267902033
2026-08-25 20:48:06,847 - INFO - Validation total loss: 2.273858485815351
2026-08-25 20:48:06,848 - INFO - Validation CE loss: 2.272677423104708
2026-08-25 20:48:06,848 - INFO - Validation MSE align loss: 0.0002362136313738701
2026-08-25 20:48:06,848 - INFO - Early stop metric (ce): 2.272677423104708
2026-08-25 20:48:06,880 - INFO - Best validation ce loss: 2.272677423104708
2026-08-25 20:48:06,881 - INFO - Best model saved to ./ckpt/causal_tiger_Beauty_mse5_token.pth
2026-08-25 20:48:06,881 - INFO - Epoch 21/120
2026-08-25 20:48:19,129 - INFO - Training total loss: 2.216163701584367
2026-08-25 20:48:19,130 - INFO - Training CE loss: 2.2147361281317033
2026-08-25 20:48:19,130 - INFO - Training MSE align loss: 0.0002855158802565796
2026-08-25 20:48:19,130 - INFO - Training geometry effective rank: 45.92448458690124
2026-08-25 20:48:19,130 - INFO - Training geometry avg cosine: 0.6235843104843036
2026-08-25 20:48:21,081 - INFO - Validation total loss: 2.272919427683425
2026-08-25 20:48:21,081 - INFO - Validation CE loss: 2.2717084388364537
2026-08-25 20:48:21,081 - INFO - Validation MSE align loss: 0.00024219806397997258
2026-08-25 20:48:21,082 - INFO - Early stop metric (ce): 2.2717084388364537
2026-08-25 20:48:21,114 - INFO - Best validation ce loss: 2.2717084388364537
2026-08-25 20:48:21,114 - INFO - Best model saved to ./ckpt/causal_tiger_Beauty_mse5_token.pth
2026-08-25 20:48:21,114 - INFO - Epoch 22/120
2026-08-25 20:48:33,277 - INFO - Training total loss: 2.2046738844437357
2026-08-25 20:48:33,278 - INFO - Training CE loss: 2.2032330833984255
2026-08-25 20:48:33,278 - INFO - Training MSE align loss: 0.00028816106982197583
2026-08-25 20:48:33,278 - INFO - Training geometry effective rank: 45.36384706460085
2026-08-25 20:48:33,278 - INFO - Training geometry avg cosine: 0.6250961540042195
2026-08-25 20:48:35,233 - INFO - Validation total loss: 2.2666550772384513
2026-08-25 20:48:35,233 - INFO - Validation CE loss: 2.265402006489013
2026-08-25 20:48:35,233 - INFO - Validation MSE align loss: 0.0002506141024471816
2026-08-25 20:48:35,233 - INFO - Early stop metric (ce): 2.265402006489013
2026-08-25 20:48:35,266 - INFO - Best validation ce loss: 2.265402006489013
2026-08-25 20:48:35,266 - INFO - Best model saved to ./ckpt/causal_tiger_Beauty_mse5_token.pth
2026-08-25 20:48:35,266 - INFO - Epoch 23/120
2026-08-25 20:48:47,458 - INFO - Training total loss: 2.1965147423836973
2026-08-25 20:48:47,458 - INFO - Training CE loss: 2.195076009642753
2026-08-25 20:48:47,458 - INFO - Training MSE align loss: 0.0002877462192928665
2026-08-25 20:48:47,458 - INFO - Training geometry effective rank: 45.143559296307394
2026-08-25 20:48:47,458 - INFO - Training geometry avg cosine: 0.6223139457897453
2026-08-25 20:48:49,480 - INFO - Validation total loss: 2.2560918556262495
2026-08-25 20:48:49,480 - INFO - Validation CE loss: 2.2548854765462263
2026-08-25 20:48:49,480 - INFO - Validation MSE align loss: 0.00024127658949205612
2026-08-25 20:48:49,480 - INFO - Early stop metric (ce): 2.2548854765462263
2026-08-25 20:48:49,514 - INFO - Best validation ce loss: 2.2548854765462263
2026-08-25 20:48:49,514 - INFO - Best model saved to ./ckpt/causal_tiger_Beauty_mse5_token.pth
2026-08-25 20:48:49,514 - INFO - Epoch 24/120
2026-08-25 20:49:01,843 - INFO - Training total loss: 2.187145932175306
2026-08-25 20:49:01,844 - INFO - Training CE loss: 2.185706452173018
2026-08-25 20:49:01,844 - INFO - Training MSE align loss: 0.00028789575930353225
2026-08-25 20:49:01,844 - INFO - Training geometry effective rank: 44.67726792435702
2026-08-25 20:49:01,844 - INFO - Training geometry avg cosine: 0.6251092978720535
2026-08-25 20:49:03,879 - INFO - Validation total loss: 2.250456981392889
2026-08-25 20:49:03,879 - INFO - Validation CE loss: 2.2492417020347495
2026-08-25 20:49:03,879 - INFO - Validation MSE align loss: 0.0002430541593983146
2026-08-25 20:49:03,879 - INFO - Early stop metric (ce): 2.2492417020347495
2026-08-25 20:49:03,911 - INFO - Best validation ce loss: 2.2492417020347495
2026-08-25 20:49:03,911 - INFO - Best model saved to ./ckpt/causal_tiger_Beauty_mse5_token.pth
2026-08-25 20:49:03,911 - INFO - Epoch 25/120
2026-08-25 20:49:16,115 - INFO - Training total loss: 2.1775301462945307
2026-08-25 20:49:16,115 - INFO - Training CE loss: 2.1760790988165115
2026-08-25 20:49:16,115 - INFO - Training MSE align loss: 0.0002902090401798197
2026-08-25 20:49:16,115 - INFO - Training geometry effective rank: 44.0730203376206
2026-08-25 20:49:16,115 - INFO - Training geometry avg cosine: 0.6264504589691237
2026-08-25 20:49:18,051 - INFO - Validation total loss: 2.2496114191579206
2026-08-25 20:49:18,051 - INFO - Validation CE loss: 2.248424351982804
2026-08-25 20:49:18,051 - INFO - Validation MSE align loss: 0.00023741334660004729
2026-08-25 20:49:18,051 - INFO - Early stop metric (ce): 2.248424351982804
2026-08-25 20:49:18,083 - INFO - Best validation ce loss: 2.248424351982804
2026-08-25 20:49:18,083 - INFO - Best model saved to ./ckpt/causal_tiger_Beauty_mse5_token.pth
2026-08-25 20:49:18,083 - INFO - Epoch 26/120
2026-08-25 20:49:30,314 - INFO - Training total loss: 2.169062614440918
2026-08-25 20:49:30,314 - INFO - Training CE loss: 2.167613268362409
2026-08-25 20:49:30,315 - INFO - Training MSE align loss: 0.00028987000841313994
2026-08-25 20:49:30,315 - INFO - Training geometry effective rank: 43.47435259540721
2026-08-25 20:49:30,315 - INFO - Training geometry avg cosine: 0.6270637477418328
2026-08-25 20:49:32,338 - INFO - Validation total loss: 2.239344493002339
2026-08-25 20:49:32,338 - INFO - Validation CE loss: 2.2381653448031185
2026-08-25 20:49:32,338 - INFO - Validation MSE align loss: 0.00023582954194033
2026-08-25 20:49:32,338 - INFO - Early stop metric (ce): 2.2381653448031185
2026-08-25 20:49:32,372 - INFO - Best validation ce loss: 2.2381653448031185
2026-08-25 20:49:32,372 - INFO - Best model saved to ./ckpt/causal_tiger_Beauty_mse5_token.pth
2026-08-25 20:49:32,372 - INFO - Epoch 27/120
2026-08-25 20:49:44,647 - INFO - Training total loss: 2.1632675943671495
2026-08-25 20:49:44,647 - INFO - Training CE loss: 2.161822851993694
2026-08-25 20:49:44,647 - INFO - Training MSE align loss: 0.000288949036327053
2026-08-25 20:49:44,647 - INFO - Training geometry effective rank: 43.15717658922366
2026-08-25 20:49:44,647 - INFO - Training geometry avg cosine: 0.6263445010444997
2026-08-25 20:49:46,610 - INFO - Validation total loss: 2.2346272187171574
2026-08-25 20:49:46,611 - INFO - Validation CE loss: 2.233397130802466
2026-08-25 20:49:46,611 - INFO - Validation MSE align loss: 0.00024601690972807455
2026-08-25 20:49:46,611 - INFO - Early stop metric (ce): 2.233397130802466
2026-08-25 20:49:46,644 - INFO - Best validation ce loss: 2.233397130802466
2026-08-25 20:49:46,644 - INFO - Best model saved to ./ckpt/causal_tiger_Beauty_mse5_token.pth
2026-08-25 20:49:46,644 - INFO - Epoch 28/120
2026-08-25 20:49:58,901 - INFO - Training total loss: 2.155903254037701
2026-08-25 20:49:58,901 - INFO - Training CE loss: 2.1544579828759574
2026-08-25 20:49:58,901 - INFO - Training MSE align loss: 0.00028905371731284877
2026-08-25 20:49:58,901 - INFO - Training geometry effective rank: 42.4236999615621
2026-08-25 20:49:58,901 - INFO - Training geometry avg cosine: 0.6292224230701358
2026-08-25 20:50:00,858 - INFO - Validation total loss: 2.2320323077394217
2026-08-25 20:50:00,858 - INFO - Validation CE loss: 2.230810550661046
2026-08-25 20:50:00,858 - INFO - Validation MSE align loss: 0.0002443514920570268
2026-08-25 20:50:00,858 - INFO - Early stop metric (ce): 2.230810550661046
2026-08-25 20:50:00,890 - INFO - Best validation ce loss: 2.230810550661046
2026-08-25 20:50:00,890 - INFO - Best model saved to ./ckpt/causal_tiger_Beauty_mse5_token.pth
2026-08-25 20:50:00,890 - INFO - Epoch 29/120
2026-08-25 20:50:13,138 - INFO - Training total loss: 2.148142745058824
2026-08-25 20:50:13,139 - INFO - Training CE loss: 2.1467011895625046
2026-08-25 20:50:13,139 - INFO - Training MSE align loss: 0.0002883101540236237
2026-08-25 20:50:13,139 - INFO - Training geometry effective rank: 42.01510891376302
2026-08-25 20:50:13,139 - INFO - Training geometry avg cosine: 0.6306558272254142
2026-08-25 20:50:15,073 - INFO - Validation total loss: 2.2294689176420284
2026-08-25 20:50:15,073 - INFO - Validation CE loss: 2.2282318772164538
2026-08-25 20:50:15,074 - INFO - Validation MSE align loss: 0.00024740902119657914
2026-08-25 20:50:15,074 - INFO - Early stop metric (ce): 2.2282318772164538
2026-08-25 20:50:15,106 - INFO - Best validation ce loss: 2.2282318772164538
2026-08-25 20:50:15,106 - INFO - Best model saved to ./ckpt/causal_tiger_Beauty_mse5_token.pth
2026-08-25 20:50:15,107 - INFO - Epoch 30/120
2026-08-25 20:50:27,348 - INFO - Training total loss: 2.142323051445215
2026-08-25 20:50:27,348 - INFO - Training CE loss: 2.140874655794077
2026-08-25 20:50:27,348 - INFO - Training MSE align loss: 0.0002896791642915878
2026-08-25 20:50:27,348 - INFO - Training geometry effective rank: 41.21990460644436
2026-08-25 20:50:27,348 - INFO - Training geometry avg cosine: 0.631130213635441
2026-08-25 20:50:29,335 - INFO - Validation total loss: 2.22342198242957
2026-08-25 20:50:29,336 - INFO - Validation CE loss: 2.222204334746103
2026-08-25 20:50:29,336 - INFO - Validation MSE align loss: 0.00024353131251419642
2026-08-25 20:50:29,336 - INFO - Early stop metric (ce): 2.222204334746103
2026-08-25 20:50:29,367 - INFO - Best validation ce loss: 2.222204334746103
2026-08-25 20:50:29,367 - INFO - Best model saved to ./ckpt/causal_tiger_Beauty_mse5_token.pth
2026-08-25 20:50:29,368 - INFO - Epoch 31/120
2026-08-25 20:50:41,633 - INFO - Training total loss: 2.1350078907458236
2026-08-25 20:50:41,633 - INFO - Training CE loss: 2.133548794089588
2026-08-25 20:50:41,633 - INFO - Training MSE align loss: 0.0002918185765632149
2026-08-25 20:50:41,633 - INFO - Training geometry effective rank: 40.85190675416345
2026-08-25 20:50:41,633 - INFO - Training geometry avg cosine: 0.6311582920616239
2026-08-25 20:50:43,647 - INFO - Validation total loss: 2.223520318326009
2026-08-25 20:50:43,647 - INFO - Validation CE loss: 2.2222958987362906
2026-08-25 20:50:43,648 - INFO - Validation MSE align loss: 0.0002448837895619847
2026-08-25 20:50:43,648 - INFO - Early stop metric (ce): 2.2222958987362906
2026-08-25 20:50:43,648 - INFO - No improvement in validation loss. Early stop counter: 1
2026-08-25 20:50:43,648 - INFO - Epoch 32/120
2026-08-25 20:50:55,891 - INFO - Training total loss: 2.131794686215397
2026-08-25 20:50:55,891 - INFO - Training CE loss: 2.1303417689605446
2026-08-25 20:50:55,891 - INFO - Training MSE align loss: 0.00029058230869609733
2026-08-25 20:50:55,891 - INFO - Training geometry effective rank: 40.337844117606195
2026-08-25 20:50:55,891 - INFO - Training geometry avg cosine: 0.6324409118886124
2026-08-25 20:50:57,796 - INFO - Validation total loss: 2.2255303000175903
2026-08-25 20:50:57,796 - INFO - Validation CE loss: 2.224331069913545
2026-08-25 20:50:57,797 - INFO - Validation MSE align loss: 0.0002398464456875109
2026-08-25 20:50:57,797 - INFO - Early stop metric (ce): 2.224331069913545
2026-08-25 20:50:57,797 - INFO - No improvement in validation loss. Early stop counter: 2
2026-08-25 20:50:57,797 - INFO - Epoch 33/120
2026-08-25 20:51:09,961 - INFO - Training total loss: 2.124008196337214
2026-08-25 20:51:09,961 - INFO - Training CE loss: 2.122551714631834
2026-08-25 20:51:09,961 - INFO - Training MSE align loss: 0.0002912959890328674
2026-08-25 20:51:09,961 - INFO - Training geometry effective rank: 39.789282572408595
2026-08-25 20:51:09,961 - INFO - Training geometry avg cosine: 0.634567413000745
2026-08-25 20:51:11,890 - INFO - Validation total loss: 2.219260981666172
2026-08-25 20:51:11,891 - INFO - Validation CE loss: 2.2180358677974588
2026-08-25 20:51:11,891 - INFO - Validation MSE align loss: 0.0002450236232872341
2026-08-25 20:51:11,891 - INFO - Early stop metric (ce): 2.2180358677974588
2026-08-25 20:51:11,926 - INFO - Best validation ce loss: 2.2180358677974588
2026-08-25 20:51:11,926 - INFO - Best model saved to ./ckpt/causal_tiger_Beauty_mse5_token.pth
2026-08-25 20:51:11,926 - INFO - Epoch 34/120
2026-08-25 20:51:24,242 - INFO - Training total loss: 2.118806924569468
2026-08-25 20:51:24,242 - INFO - Training CE loss: 2.1173494451240806
2026-08-25 20:51:24,242 - INFO - Training MSE align loss: 0.0002914958962797394
2026-08-25 20:51:24,242 - INFO - Training geometry effective rank: 39.620518717784364
2026-08-25 20:51:24,242 - INFO - Training geometry avg cosine: 0.6367536075848086
2026-08-25 20:51:26,258 - INFO - Validation total loss: 2.215719524371266
2026-08-25 20:51:26,258 - INFO - Validation CE loss: 2.2145074549662707
2026-08-25 20:51:26,259 - INFO - Validation MSE align loss: 0.0002424129232581377
2026-08-25 20:51:26,259 - INFO - Early stop metric (ce): 2.2145074549662707
2026-08-25 20:51:26,292 - INFO - Best validation ce loss: 2.2145074549662707
2026-08-25 20:51:26,292 - INFO - Best model saved to ./ckpt/causal_tiger_Beauty_mse5_token.pth
2026-08-25 20:51:26,293 - INFO - Epoch 35/120
2026-08-25 20:51:38,515 - INFO - Training total loss: 2.1121183638442815
2026-08-25 20:51:38,515 - INFO - Training CE loss: 2.1106611534315323
2026-08-25 20:51:38,515 - INFO - Training MSE align loss: 0.00029144363921970956
2026-08-25 20:51:38,515 - INFO - Training geometry effective rank: 38.636963892539654
2026-08-25 20:51:38,515 - INFO - Training geometry avg cosine: 0.6383754373292515
2026-08-25 20:51:40,541 - INFO - Validation total loss: 2.2175671491500135
2026-08-25 20:51:40,541 - INFO - Validation CE loss: 2.216359310395728
2026-08-25 20:51:40,541 - INFO - Validation MSE align loss: 0.00024156804280725302
2026-08-25 20:51:40,541 - INFO - Early stop metric (ce): 2.216359310395728
2026-08-25 20:51:40,541 - INFO - No improvement in validation loss. Early stop counter: 1
2026-08-25 20:51:40,542 - INFO - Epoch 36/120
2026-08-25 20:51:52,868 - INFO - Training total loss: 2.107098735723978
2026-08-25 20:51:52,868 - INFO - Training CE loss: 2.1056394066792055
2026-08-25 20:51:52,868 - INFO - Training MSE align loss: 0.0002918657898841288
2026-08-25 20:51:52,868 - INFO - Training geometry effective rank: 38.202163154512995
2026-08-25 20:51:52,868 - INFO - Training geometry avg cosine: 0.6395587594128769
2026-08-25 20:51:54,879 - INFO - Validation total loss: 2.211768903957416
2026-08-25 20:51:54,879 - INFO - Validation CE loss: 2.2105142410221017
2026-08-25 20:51:54,879 - INFO - Validation MSE align loss: 0.00025093183433537095
2026-08-25 20:51:54,879 - INFO - Early stop metric (ce): 2.2105142410221017
2026-08-25 20:51:54,915 - INFO - Best validation ce loss: 2.2105142410221017
2026-08-25 20:51:54,915 - INFO - Best model saved to ./ckpt/causal_tiger_Beauty_mse5_token.pth
2026-08-25 20:51:54,915 - INFO - Epoch 37/120
2026-08-25 20:52:07,183 - INFO - Training total loss: 2.103544715545521
2026-08-25 20:52:07,184 - INFO - Training CE loss: 2.1020883947958744
2026-08-25 20:52:07,184 - INFO - Training MSE align loss: 0.0002912641314930982
2026-08-25 20:52:07,184 - INFO - Training geometry effective rank: 37.91634149588499
2026-08-25 20:52:07,184 - INFO - Training geometry avg cosine: 0.6402854824344472
2026-08-25 20:52:09,181 - INFO - Validation total loss: 2.2071061436198813
2026-08-25 20:52:09,181 - INFO - Validation CE loss: 2.205911280771182
2026-08-25 20:52:09,181 - INFO - Validation MSE align loss: 0.00023897379175100332
2026-08-25 20:52:09,181 - INFO - Early stop metric (ce): 2.205911280771182
2026-08-25 20:52:09,214 - INFO - Best validation ce loss: 2.205911280771182
2026-08-25 20:52:09,214 - INFO - Best model saved to ./ckpt/causal_tiger_Beauty_mse5_token.pth
2026-08-25 20:52:09,214 - INFO - Epoch 38/120
2026-08-25 20:52:21,439 - INFO - Training total loss: 2.097043520049826
2026-08-25 20:52:21,439 - INFO - Training CE loss: 2.095581894950644
2026-08-25 20:52:21,439 - INFO - Training MSE align loss: 0.0002923247495898071
2026-08-25 20:52:21,439 - INFO - Training geometry effective rank: 37.381958954065226
2026-08-25 20:52:21,440 - INFO - Training geometry avg cosine: 0.6417525313243791
2026-08-25 20:52:23,523 - INFO - Validation total loss: 2.204809806377591
2026-08-25 20:52:23,523 - INFO - Validation CE loss: 2.2035914306476903
2026-08-25 20:52:23,523 - INFO - Validation MSE align loss: 0.00024367396924854557
2026-08-25 20:52:23,523 - INFO - Early stop metric (ce): 2.2035914306476903
2026-08-25 20:52:23,555 - INFO - Best validation ce loss: 2.2035914306476903
2026-08-25 20:52:23,555 - INFO - Best model saved to ./ckpt/causal_tiger_Beauty_mse5_token.pth
2026-08-25 20:52:23,556 - INFO - Epoch 39/120
2026-08-25 20:52:35,839 - INFO - Training total loss: 2.0945960788875237
2026-08-25 20:52:35,839 - INFO - Training CE loss: 2.09313345581641
2026-08-25 20:52:35,839 - INFO - Training MSE align loss: 0.00029252530663348517
2026-08-25 20:52:35,839 - INFO - Training geometry effective rank: 36.312220937083204
2026-08-25 20:52:35,839 - INFO - Training geometry avg cosine: 0.6456403986257337
2026-08-25 20:52:37,820 - INFO - Validation total loss: 2.207281885228955
2026-08-25 20:52:37,820 - INFO - Validation CE loss: 2.2060454019661115
2026-08-25 20:52:37,821 - INFO - Validation MSE align loss: 0.0002472975472180181
2026-08-25 20:52:37,821 - INFO - Early stop metric (ce): 2.2060454019661115
2026-08-25 20:52:37,821 - INFO - No improvement in validation loss. Early stop counter: 1
2026-08-25 20:52:37,821 - INFO - Epoch 40/120
2026-08-25 20:52:50,044 - INFO - Training total loss: 2.0881186904610365
2026-08-25 20:52:50,045 - INFO - Training CE loss: 2.0866565546636915
2026-08-25 20:52:50,045 - INFO - Training MSE align loss: 0.00029242757432876656
2026-08-25 20:52:50,045 - INFO - Training geometry effective rank: 36.37830608456979
2026-08-25 20:52:50,045 - INFO - Training geometry avg cosine: 0.6436112738768878
2026-08-25 20:52:52,061 - INFO - Validation total loss: 2.2035329106539616
2026-08-25 20:52:52,061 - INFO - Validation CE loss: 2.2023353300381117
2026-08-25 20:52:52,061 - INFO - Validation MSE align loss: 0.00023951576215758632
2026-08-25 20:52:52,061 - INFO - Early stop metric (ce): 2.2023353300381117
2026-08-25 20:52:52,093 - INFO - Best validation ce loss: 2.2023353300381117
2026-08-25 20:52:52,093 - INFO - Best model saved to ./ckpt/causal_tiger_Beauty_mse5_token.pth
2026-08-25 20:52:52,093 - INFO - Epoch 41/120
2026-08-25 20:53:04,273 - INFO - Training total loss: 2.0855226020404802
2026-08-25 20:53:04,273 - INFO - Training CE loss: 2.084067952540134
2026-08-25 20:53:04,273 - INFO - Training MSE align loss: 0.0002909294163227509
2026-08-25 20:53:04,273 - INFO - Training geometry effective rank: 35.50735399787992
2026-08-25 20:53:04,273 - INFO - Training geometry avg cosine: 0.6466659126578602
2026-08-25 20:53:06,247 - INFO - Validation total loss: 2.19990908587951
2026-08-25 20:53:06,247 - INFO - Validation CE loss: 2.198705082287604
2026-08-25 20:53:06,247 - INFO - Validation MSE align loss: 0.00024080092042170928
2026-08-25 20:53:06,247 - INFO - Early stop metric (ce): 2.198705082287604
2026-08-25 20:53:06,281 - INFO - Best validation ce loss: 2.198705082287604
2026-08-25 20:53:06,281 - INFO - Best model saved to ./ckpt/causal_tiger_Beauty_mse5_token.pth
2026-08-25 20:53:06,282 - INFO - Epoch 42/120
2026-08-25 20:53:18,529 - INFO - Training total loss: 2.07999831855529
2026-08-25 20:53:18,529 - INFO - Training CE loss: 2.078537579176491
2026-08-25 20:53:18,529 - INFO - Training MSE align loss: 0.0002921477780864911
2026-08-25 20:53:18,529 - INFO - Training geometry effective rank: 35.19866135148223
2026-08-25 20:53:18,529 - INFO - Training geometry avg cosine: 0.6445532239364743
2026-08-25 20:53:20,468 - INFO - Validation total loss: 2.1989939642566467
2026-08-25 20:53:20,468 - INFO - Validation CE loss: 2.197762248342129
2026-08-25 20:53:20,468 - INFO - Validation MSE align loss: 0.0002463433059390091
2026-08-25 20:53:20,468 - INFO - Early stop metric (ce): 2.197762248342129
2026-08-25 20:53:20,504 - INFO - Best validation ce loss: 2.197762248342129
2026-08-25 20:53:20,504 - INFO - Best model saved to ./ckpt/causal_tiger_Beauty_mse5_token.pth
2026-08-25 20:53:20,504 - INFO - Epoch 43/120
2026-08-25 20:53:32,717 - INFO - Training total loss: 2.0750858758210207
2026-08-25 20:53:32,717 - INFO - Training CE loss: 2.0736239619756023
2026-08-25 20:53:32,717 - INFO - Training MSE align loss: 0.00029238196285097254
2026-08-25 20:53:32,717 - INFO - Training geometry effective rank: 34.610764169507455
2026-08-25 20:53:32,717 - INFO - Training geometry avg cosine: 0.6481194457887212
2026-08-25 20:53:34,708 - INFO - Validation total loss: 2.195776974694412
2026-08-25 20:53:34,708 - INFO - Validation CE loss: 2.194572234358399
2026-08-25 20:53:34,708 - INFO - Validation MSE align loss: 0.00024094759579548061
2026-08-25 20:53:34,708 - INFO - Early stop metric (ce): 2.194572234358399
2026-08-25 20:53:34,743 - INFO - Best validation ce loss: 2.194572234358399
2026-08-25 20:53:34,743 - INFO - Best model saved to ./ckpt/causal_tiger_Beauty_mse5_token.pth
2026-08-25 20:53:34,744 - INFO - Epoch 44/120
2026-08-25 20:53:47,015 - INFO - Training total loss: 2.0707486132703403
2026-08-25 20:53:47,015 - INFO - Training CE loss: 2.0692807795472645
2026-08-25 20:53:47,015 - INFO - Training MSE align loss: 0.0002935676680785397
2026-08-25 20:53:47,015 - INFO - Training geometry effective rank: 34.28097469611854
2026-08-25 20:53:47,015 - INFO - Training geometry avg cosine: 0.6483265474612611
2026-08-25 20:53:48,982 - INFO - Validation total loss: 2.19570918451563
2026-08-25 20:53:48,982 - INFO - Validation CE loss: 2.194506381202665
2026-08-25 20:53:48,983 - INFO - Validation MSE align loss: 0.0002405600514999379
2026-08-25 20:53:48,983 - INFO - Early stop metric (ce): 2.194506381202665
2026-08-25 20:53:49,018 - INFO - Best validation ce loss: 2.194506381202665
2026-08-25 20:53:49,018 - INFO - Best model saved to ./ckpt/causal_tiger_Beauty_mse5_token.pth
2026-08-25 20:53:49,018 - INFO - Epoch 45/120
2026-08-25 20:54:01,301 - INFO - Training total loss: 2.0681984496487718
2026-08-25 20:54:01,302 - INFO - Training CE loss: 2.0667455887516186
2026-08-25 20:54:01,302 - INFO - Training MSE align loss: 0.00029057346124488297
2026-08-25 20:54:01,302 - INFO - Training geometry effective rank: 34.50737514941145
2026-08-25 20:54:01,302 - INFO - Training geometry avg cosine: 0.6491656345152206
2026-08-25 20:54:03,323 - INFO - Validation total loss: 2.1952698900975895
2026-08-25 20:54:03,323 - INFO - Validation CE loss: 2.194065359017368
2026-08-25 20:54:03,323 - INFO - Validation MSE align loss: 0.0002409069174465967
2026-08-25 20:54:03,323 - INFO - Early stop metric (ce): 2.194065359017368
2026-08-25 20:54:03,360 - INFO - Best validation ce loss: 2.194065359017368
2026-08-25 20:54:03,360 - INFO - Best model saved to ./ckpt/causal_tiger_Beauty_mse5_token.pth
2026-08-25 20:54:03,360 - INFO - Epoch 46/120
2026-08-25 20:54:15,615 - INFO - Training total loss: 2.063653089656904
2026-08-25 20:54:15,615 - INFO - Training CE loss: 2.0621972986232446
2026-08-25 20:54:15,615 - INFO - Training MSE align loss: 0.00029115770235231894
2026-08-25 20:54:15,615 - INFO - Training geometry effective rank: 34.310132746566595
2026-08-25 20:54:15,615 - INFO - Training geometry avg cosine: 0.650038400512725
2026-08-25 20:54:17,586 - INFO - Validation total loss: 2.19133290917065
2026-08-25 20:54:17,586 - INFO - Validation CE loss: 2.190131325066857
2026-08-25 20:54:17,586 - INFO - Validation MSE align loss: 0.0002403179671497448
2026-08-25 20:54:17,586 - INFO - Early stop metric (ce): 2.190131325066857
2026-08-25 20:54:17,622 - INFO - Best validation ce loss: 2.190131325066857
2026-08-25 20:54:17,622 - INFO - Best model saved to ./ckpt/causal_tiger_Beauty_mse5_token.pth
2026-08-25 20:54:17,622 - INFO - Epoch 47/120
2026-08-25 20:54:30,016 - INFO - Training total loss: 2.0618748205645074
2026-08-25 20:54:30,016 - INFO - Training CE loss: 2.0604244660774556
2026-08-25 20:54:30,017 - INFO - Training MSE align loss: 0.00029007047831519335
2026-08-25 20:54:30,017 - INFO - Training geometry effective rank: 33.81246191240007
2026-08-25 20:54:30,017 - INFO - Training geometry avg cosine: 0.6507457210627975
2026-08-25 20:54:32,001 - INFO - Validation total loss: 2.1987173838676815
2026-08-25 20:54:32,001 - INFO - Validation CE loss: 2.197483469999911
2026-08-25 20:54:32,001 - INFO - Validation MSE align loss: 0.00024678181784922986
2026-08-25 20:54:32,001 - INFO - Early stop metric (ce): 2.197483469999911
2026-08-25 20:54:32,002 - INFO - No improvement in validation loss. Early stop counter: 1
2026-08-25 20:54:32,002 - INFO - Epoch 48/120
2026-08-25 20:54:44,232 - INFO - Training total loss: 2.057111395936068
2026-08-25 20:54:44,232 - INFO - Training CE loss: 2.0556478539793406
2026-08-25 20:54:44,232 - INFO - Training MSE align loss: 0.0002927090239403987
2026-08-25 20:54:44,232 - INFO - Training geometry effective rank: 33.70589326049567
2026-08-25 20:54:44,233 - INFO - Training geometry avg cosine: 0.6513727583310019
2026-08-25 20:54:46,253 - INFO - Validation total loss: 2.190260949564594
2026-08-25 20:54:46,253 - INFO - Validation CE loss: 2.1890491206246896
2026-08-25 20:54:46,253 - INFO - Validation MSE align loss: 0.00024236573195914325
2026-08-25 20:54:46,253 - INFO - Early stop metric (ce): 2.1890491206246896
2026-08-25 20:54:46,287 - INFO - Best validation ce loss: 2.1890491206246896
2026-08-25 20:54:46,288 - INFO - Best model saved to ./ckpt/causal_tiger_Beauty_mse5_token.pth
2026-08-25 20:54:46,288 - INFO - Epoch 49/120
2026-08-25 20:54:58,531 - INFO - Training total loss: 2.0526817322705044
2026-08-25 20:54:58,531 - INFO - Training CE loss: 2.051216644071883
2026-08-25 20:54:58,531 - INFO - Training MSE align loss: 0.00029301707298089007
2026-08-25 20:54:58,531 - INFO - Training geometry effective rank: 33.23593261733593
2026-08-25 20:54:58,531 - INFO - Training geometry avg cosine: 0.6528079100388033
2026-08-25 20:55:00,527 - INFO - Validation total loss: 2.187567882271795
2026-08-25 20:55:00,528 - INFO - Validation CE loss: 2.1863627193311763
2026-08-25 20:55:00,528 - INFO - Validation MSE align loss: 0.00024103304445433787
2026-08-25 20:55:00,528 - INFO - Early stop metric (ce): 2.1863627193311763
2026-08-25 20:55:00,563 - INFO - Best validation ce loss: 2.1863627193311763
2026-08-25 20:55:00,563 - INFO - Best model saved to ./ckpt/causal_tiger_Beauty_mse5_token.pth
2026-08-25 20:55:00,563 - INFO - Epoch 50/120
2026-08-25 20:55:12,832 - INFO - Training total loss: 2.0499520155706294
2026-08-25 20:55:12,833 - INFO - Training CE loss: 2.048485374172374
2026-08-25 20:55:12,833 - INFO - Training MSE align loss: 0.00029332873066986915
2026-08-25 20:55:12,833 - INFO - Training geometry effective rank: 32.993190872993914
2026-08-25 20:55:12,833 - INFO - Training geometry avg cosine: 0.654074336652162
2026-08-25 20:55:14,877 - INFO - Validation total loss: 2.1923878331041133
2026-08-25 20:55:14,877 - INFO - Validation CE loss: 2.1911384936566005
2026-08-25 20:55:14,877 - INFO - Validation MSE align loss: 0.00024986667611012677
2026-08-25 20:55:14,877 - INFO - Early stop metric (ce): 2.1911384936566005
2026-08-25 20:55:14,878 - INFO - No improvement in validation loss. Early stop counter: 1
2026-08-25 20:55:14,878 - INFO - Epoch 51/120
2026-08-25 20:55:27,203 - INFO - Training total loss: 2.0449224058756106
2026-08-25 20:55:27,203 - INFO - Training CE loss: 2.0434622159263967
2026-08-25 20:55:27,203 - INFO - Training MSE align loss: 0.0002920369525120235
2026-08-25 20:55:27,203 - INFO - Training geometry effective rank: 33.03684649486022
2026-08-25 20:55:27,203 - INFO - Training geometry avg cosine: 0.6528005342539183
2026-08-25 20:55:29,225 - INFO - Validation total loss: 2.1866888135287894
2026-08-25 20:55:29,226 - INFO - Validation CE loss: 2.1854764847284733
2026-08-25 20:55:29,226 - INFO - Validation MSE align loss: 0.00024246621905434318
2026-08-25 20:55:29,226 - INFO - Early stop metric (ce): 2.1854764847284733
2026-08-25 20:55:29,260 - INFO - Best validation ce loss: 2.1854764847284733
2026-08-25 20:55:29,260 - INFO - Best model saved to ./ckpt/causal_tiger_Beauty_mse5_token.pth
2026-08-25 20:55:29,261 - INFO - Epoch 52/120
2026-08-25 20:55:41,480 - INFO - Training total loss: 2.043166811596095
2026-08-25 20:55:41,480 - INFO - Training CE loss: 2.041704851365739
2026-08-25 20:55:41,480 - INFO - Training MSE align loss: 0.00029239182978558646
2026-08-25 20:55:41,480 - INFO - Training geometry effective rank: 32.59320692144016
2026-08-25 20:55:41,480 - INFO - Training geometry avg cosine: 0.6547931793366889
2026-08-25 20:55:43,502 - INFO - Validation total loss: 2.1870727001853254
2026-08-25 20:55:43,502 - INFO - Validation CE loss: 2.1858375752944292
2026-08-25 20:55:43,503 - INFO - Validation MSE align loss: 0.00024702649231542445
2026-08-25 20:55:43,503 - INFO - Early stop metric (ce): 2.1858375752944292
2026-08-25 20:55:43,503 - INFO - No improvement in validation loss. Early stop counter: 1
2026-08-25 20:55:43,504 - INFO - Epoch 53/120
2026-08-25 20:55:56,129 - INFO - Training total loss: 2.0401738654778625
2026-08-25 20:55:56,129 - INFO - Training CE loss: 2.0387059582346607
2026-08-25 20:55:56,129 - INFO - Training MSE align loss: 0.00029358168966988474
2026-08-25 20:55:56,129 - INFO - Training geometry effective rank: 32.27464055829475
2026-08-25 20:55:56,129 - INFO - Training geometry avg cosine: 0.6550131381021863
2026-08-25 20:55:58,127 - INFO - Validation total loss: 2.1866408571153237
2026-08-25 20:55:58,127 - INFO - Validation CE loss: 2.1853857613428467
2026-08-25 20:55:58,127 - INFO - Validation MSE align loss: 0.00025101823929863157
2026-08-25 20:55:58,127 - INFO - Early stop metric (ce): 2.1853857613428467
2026-08-25 20:55:58,165 - INFO - Best validation ce loss: 2.1853857613428467
2026-08-25 20:55:58,165 - INFO - Best model saved to ./ckpt/causal_tiger_Beauty_mse5_token.pth
2026-08-25 20:55:58,165 - INFO - Epoch 54/120
2026-08-25 20:56:10,507 - INFO - Training total loss: 2.036920506434682
2026-08-25 20:56:10,507 - INFO - Training CE loss: 2.0354516659265363
2026-08-25 20:56:10,507 - INFO - Training MSE align loss: 0.00029376794937191757
2026-08-25 20:56:10,507 - INFO - Training geometry effective rank: 32.07481876328762
2026-08-25 20:56:10,507 - INFO - Training geometry avg cosine: 0.6563049143158508
2026-08-25 20:56:12,543 - INFO - Validation total loss: 2.1882804754977574
2026-08-25 20:56:12,544 - INFO - Validation CE loss: 2.187031678375768
2026-08-25 20:56:12,544 - INFO - Validation MSE align loss: 0.0002497579962241987
2026-08-25 20:56:12,544 - INFO - Early stop metric (ce): 2.187031678375768
2026-08-25 20:56:12,544 - INFO - No improvement in validation loss. Early stop counter: 1
2026-08-25 20:56:12,544 - INFO - Epoch 55/120
2026-08-25 20:56:25,020 - INFO - Training total loss: 2.034138458480167
2026-08-25 20:56:25,021 - INFO - Training CE loss: 2.0326761837599343
2026-08-25 20:56:25,021 - INFO - Training MSE align loss: 0.00029245573789033505
2026-08-25 20:56:25,021 - INFO - Training geometry effective rank: 32.139568651696585
2026-08-25 20:56:25,021 - INFO - Training geometry avg cosine: 0.6558920454654248
2026-08-25 20:56:27,124 - INFO - Validation total loss: 2.1907569216044678
2026-08-25 20:56:27,124 - INFO - Validation CE loss: 2.1895207821555402
2026-08-25 20:56:27,124 - INFO - Validation MSE align loss: 0.0002472286770003348
2026-08-25 20:56:27,124 - INFO - Early stop metric (ce): 2.1895207821555402
2026-08-25 20:56:27,125 - INFO - No improvement in validation loss. Early stop counter: 2
2026-08-25 20:56:27,125 - INFO - Epoch 56/120
2026-08-25 20:56:39,408 - INFO - Training total loss: 2.030069855632485
2026-08-25 20:56:39,408 - INFO - Training CE loss: 2.028607352930284
2026-08-25 20:56:39,408 - INFO - Training MSE align loss: 0.00029250107905356363
2026-08-25 20:56:39,408 - INFO - Training geometry effective rank: 31.9411048258325
2026-08-25 20:56:39,408 - INFO - Training geometry avg cosine: 0.6569406372795773
2026-08-25 20:56:41,389 - INFO - Validation total loss: 2.182149122201322
2026-08-25 20:56:41,389 - INFO - Validation CE loss: 2.1809206796818024
2026-08-25 20:56:41,389 - INFO - Validation MSE align loss: 0.0002456893288788222
2026-08-25 20:56:41,389 - INFO - Early stop metric (ce): 2.1809206796818024
2026-08-25 20:56:41,424 - INFO - Best validation ce loss: 2.1809206796818024
2026-08-25 20:56:41,424 - INFO - Best model saved to ./ckpt/causal_tiger_Beauty_mse5_token.pth
2026-08-25 20:56:41,424 - INFO - Epoch 57/120
2026-08-25 20:56:53,804 - INFO - Training total loss: 2.0265100310748654
2026-08-25 20:56:53,804 - INFO - Training CE loss: 2.025058385463076
2026-08-25 20:56:53,804 - INFO - Training MSE align loss: 0.0002903293610205294
2026-08-25 20:56:53,804 - INFO - Training geometry effective rank: 31.64510382195855
2026-08-25 20:56:53,804 - INFO - Training geometry avg cosine: 0.6568010823967856
2026-08-25 20:56:55,789 - INFO - Validation total loss: 2.1883900406022954
2026-08-25 20:56:55,790 - INFO - Validation CE loss: 2.187182511894488
2026-08-25 20:56:55,790 - INFO - Validation MSE align loss: 0.00024150395436140472
2026-08-25 20:56:55,790 - INFO - Early stop metric (ce): 2.187182511894488
2026-08-25 20:56:55,790 - INFO - No improvement in validation loss. Early stop counter: 1
2026-08-25 20:56:55,790 - INFO - Epoch 58/120
2026-08-25 20:57:08,044 - INFO - Training total loss: 2.0247207648095453
2026-08-25 20:57:08,044 - INFO - Training CE loss: 2.023255348669416
2026-08-25 20:57:08,044 - INFO - Training MSE align loss: 0.0002930841002348767
2026-08-25 20:57:08,044 - INFO - Training geometry effective rank: 31.32422190788655
2026-08-25 20:57:08,044 - INFO - Training geometry avg cosine: 0.6570873632737171
2026-08-25 20:57:10,079 - INFO - Validation total loss: 2.1802748932858904
2026-08-25 20:57:10,079 - INFO - Validation CE loss: 2.179008991421548
2026-08-25 20:57:10,079 - INFO - Validation MSE align loss: 0.00025318284942958376
2026-08-25 20:57:10,079 - INFO - Early stop metric (ce): 2.179008991421548
2026-08-25 20:57:10,113 - INFO - Best validation ce loss: 2.179008991421548
2026-08-25 20:57:10,113 - INFO - Best model saved to ./ckpt/causal_tiger_Beauty_mse5_token.pth
2026-08-25 20:57:10,113 - INFO - Epoch 59/120
2026-08-25 20:57:22,401 - INFO - Training total loss: 2.021310197008259
2026-08-25 20:57:22,401 - INFO - Training CE loss: 2.0198517156482207
2026-08-25 20:57:22,401 - INFO - Training MSE align loss: 0.0002916970173375326
2026-08-25 20:57:22,401 - INFO - Training geometry effective rank: 31.661773214080455
2026-08-25 20:57:22,401 - INFO - Training geometry avg cosine: 0.6570429130518947
2026-08-25 20:57:24,384 - INFO - Validation total loss: 2.1877045165827345
2026-08-25 20:57:24,384 - INFO - Validation CE loss: 2.1864417213227103
2026-08-25 20:57:24,384 - INFO - Validation MSE align loss: 0.00025255855846382646
2026-08-25 20:57:24,384 - INFO - Early stop metric (ce): 2.1864417213227103
2026-08-25 20:57:24,385 - INFO - No improvement in validation loss. Early stop counter: 1
2026-08-25 20:57:24,385 - INFO - Epoch 60/120
2026-08-25 20:57:36,683 - INFO - Training total loss: 2.0179684259548263
2026-08-25 20:57:36,683 - INFO - Training CE loss: 2.016517111995341
2026-08-25 20:57:36,683 - INFO - Training MSE align loss: 0.00029026257327861057
2026-08-25 20:57:36,683 - INFO - Training geometry effective rank: 31.236059366960934
2026-08-25 20:57:36,683 - INFO - Training geometry avg cosine: 0.6588571028718688
2026-08-25 20:57:38,683 - INFO - Validation total loss: 2.1841334621282096
2026-08-25 20:57:38,683 - INFO - Validation CE loss: 2.182905494399337
2026-08-25 20:57:38,683 - INFO - Validation MSE align loss: 0.00024559207474453125
2026-08-25 20:57:38,683 - INFO - Early stop metric (ce): 2.182905494399337
2026-08-25 20:57:38,683 - INFO - No improvement in validation loss. Early stop counter: 2
2026-08-25 20:57:38,684 - INFO - Epoch 61/120
2026-08-25 20:57:50,901 - INFO - Training total loss: 2.01644311271289
2026-08-25 20:57:50,902 - INFO - Training CE loss: 2.014973899269846
2026-08-25 20:57:50,902 - INFO - Training MSE align loss: 0.00029384132969765723
2026-08-25 20:57:50,902 - INFO - Training geometry effective rank: 30.9268408044303
2026-08-25 20:57:50,902 - INFO - Training geometry avg cosine: 0.6599940215799132
2026-08-25 20:57:52,896 - INFO - Validation total loss: 2.1791748442874956
2026-08-25 20:57:52,896 - INFO - Validation CE loss: 2.1779813756246935
2026-08-25 20:57:52,896 - INFO - Validation MSE align loss: 0.00023869514430857106
2026-08-25 20:57:52,896 - INFO - Early stop metric (ce): 2.1779813756246935
2026-08-25 20:57:52,930 - INFO - Best validation ce loss: 2.1779813756246935
2026-08-25 20:57:52,930 - INFO - Best model saved to ./ckpt/causal_tiger_Beauty_mse5_token.pth
2026-08-25 20:57:52,930 - INFO - Epoch 62/120
2026-08-25 20:58:05,211 - INFO - Training total loss: 2.0139333582573826
2026-08-25 20:58:05,211 - INFO - Training CE loss: 2.0124697880058435
2026-08-25 20:58:05,211 - INFO - Training MSE align loss: 0.00029271399729807247
2026-08-25 20:58:05,211 - INFO - Training geometry effective rank: 30.721057331515656
2026-08-25 20:58:05,211 - INFO - Training geometry avg cosine: 0.6599635685928137
2026-08-25 20:58:07,196 - INFO - Validation total loss: 2.1819169572494572
2026-08-25 20:58:07,196 - INFO - Validation CE loss: 2.1806777705450426
2026-08-25 20:58:07,196 - INFO - Validation MSE align loss: 0.0002478357350634603
2026-08-25 20:58:07,196 - INFO - Early stop metric (ce): 2.1806777705450426
2026-08-25 20:58:07,197 - INFO - No improvement in validation loss. Early stop counter: 1
2026-08-25 20:58:07,197 - INFO - Epoch 63/120
2026-08-25 20:58:19,408 - INFO - Training total loss: 2.010621797249939
2026-08-25 20:58:19,409 - INFO - Training CE loss: 2.009151635698771
2026-08-25 20:58:19,409 - INFO - Training MSE align loss: 0.00029403257645994554
2026-08-25 20:58:19,409 - INFO - Training geometry effective rank: 30.814218929305614
2026-08-25 20:58:19,409 - INFO - Training geometry avg cosine: 0.6601289667276093
2026-08-25 20:58:21,402 - INFO - Validation total loss: 2.178732204846558
2026-08-25 20:58:21,402 - INFO - Validation CE loss: 2.1774954545139753
2026-08-25 20:58:21,402 - INFO - Validation MSE align loss: 0.00024735075501573187
2026-08-25 20:58:21,402 - INFO - Early stop metric (ce): 2.1774954545139753
2026-08-25 20:58:21,437 - INFO - Best validation ce loss: 2.1774954545139753
2026-08-25 20:58:21,437 - INFO - Best model saved to ./ckpt/causal_tiger_Beauty_mse5_token.pth
2026-08-25 20:58:21,437 - INFO - Epoch 64/120
2026-08-25 20:58:33,721 - INFO - Training total loss: 2.007183422606279
2026-08-25 20:58:33,721 - INFO - Training CE loss: 2.005725488356579
2026-08-25 20:58:33,721 - INFO - Training MSE align loss: 0.0002915874770312508
2026-08-25 20:58:33,721 - INFO - Training geometry effective rank: 30.947637361311262
2026-08-25 20:58:33,721 - INFO - Training geometry avg cosine: 0.6601928565288796
2026-08-25 20:58:35,688 - INFO - Validation total loss: 2.1807041746352365
2026-08-25 20:58:35,688 - INFO - Validation CE loss: 2.1794709166743726
2026-08-25 20:58:35,689 - INFO - Validation MSE align loss: 0.00024665203856058467
2026-08-25 20:58:35,689 - INFO - Early stop metric (ce): 2.1794709166743726
2026-08-25 20:58:35,689 - INFO - No improvement in validation loss. Early stop counter: 1
2026-08-25 20:58:35,689 - INFO - Epoch 65/120
2026-08-25 20:58:47,915 - INFO - Training total loss: 2.005222570107605
2026-08-25 20:58:47,916 - INFO - Training CE loss: 2.003756894907599
2026-08-25 20:58:47,916 - INFO - Training MSE align loss: 0.0002931353200887464
2026-08-25 20:58:47,916 - INFO - Training geometry effective rank: 30.594087552467673
2026-08-25 20:58:47,916 - INFO - Training geometry avg cosine: 0.661934526977836
2026-08-25 20:58:49,901 - INFO - Validation total loss: 2.180758528443365
2026-08-25 20:58:49,901 - INFO - Validation CE loss: 2.179521634343356
2026-08-25 20:58:49,901 - INFO - Validation MSE align loss: 0.00024737952771204896
2026-08-25 20:58:49,902 - INFO - Early stop metric (ce): 2.179521634343356
2026-08-25 20:58:49,902 - INFO - No improvement in validation loss. Early stop counter: 2
2026-08-25 20:58:49,902 - INFO - Epoch 66/120
2026-08-25 20:59:02,050 - INFO - Training total loss: 2.002661766709057
2026-08-25 20:59:02,051 - INFO - Training CE loss: 2.0011993818245974
2026-08-25 20:59:02,051 - INFO - Training MSE align loss: 0.00029247715134501586
2026-08-25 20:59:02,051 - INFO - Training geometry effective rank: 30.41809608221982
2026-08-25 20:59:02,051 - INFO - Training geometry avg cosine: 0.6611672508809353
2026-08-25 20:59:04,019 - INFO - Validation total loss: 2.179618636937612
2026-08-25 20:59:04,019 - INFO - Validation CE loss: 2.178412208741315
2026-08-25 20:59:04,019 - INFO - Validation MSE align loss: 0.00024128582508676954
2026-08-25 20:59:04,019 - INFO - Early stop metric (ce): 2.178412208741315
2026-08-25 20:59:04,019 - INFO - No improvement in validation loss. Early stop counter: 3
2026-08-25 20:59:04,020 - INFO - Epoch 67/120
2026-08-25 20:59:16,286 - INFO - Training total loss: 1.9999052163227986
2026-08-25 20:59:16,286 - INFO - Training CE loss: 1.9984394402355536
2026-08-25 20:59:16,286 - INFO - Training MSE align loss: 0.0002931556708572599
2026-08-25 20:59:16,286 - INFO - Training geometry effective rank: 30.5396628954995
2026-08-25 20:59:16,286 - INFO - Training geometry avg cosine: 0.6613415894805226
2026-08-25 20:59:18,300 - INFO - Validation total loss: 2.1785292354264483
2026-08-25 20:59:18,300 - INFO - Validation CE loss: 2.1772777317931213
2026-08-25 20:59:18,300 - INFO - Validation MSE align loss: 0.00025030062971097045
2026-08-25 20:59:18,300 - INFO - Early stop metric (ce): 2.1772777317931213
2026-08-25 20:59:18,334 - INFO - Best validation ce loss: 2.1772777317931213
2026-08-25 20:59:18,334 - INFO - Best model saved to ./ckpt/causal_tiger_Beauty_mse5_token.pth
2026-08-25 20:59:18,335 - INFO - Epoch 68/120
2026-08-25 20:59:30,604 - INFO - Training total loss: 1.996533804134636
2026-08-25 20:59:30,605 - INFO - Training CE loss: 1.9950656545301355
2026-08-25 20:59:30,605 - INFO - Training MSE align loss: 0.00029362905926817615
2026-08-25 20:59:30,605 - INFO - Training geometry effective rank: 30.281037237857568
2026-08-25 20:59:30,605 - INFO - Training geometry avg cosine: 0.6621062269702496
2026-08-25 20:59:32,594 - INFO - Validation total loss: 2.175305080516144
2026-08-25 20:59:32,594 - INFO - Validation CE loss: 2.1740717591134264
2026-08-25 20:59:32,594 - INFO - Validation MSE align loss: 0.00024666524907652
2026-08-25 20:59:32,594 - INFO - Early stop metric (ce): 2.1740717591134264
2026-08-25 20:59:32,629 - INFO - Best validation ce loss: 2.1740717591134264
2026-08-25 20:59:32,629 - INFO - Best model saved to ./ckpt/causal_tiger_Beauty_mse5_token.pth
2026-08-25 20:59:32,629 - INFO - Epoch 69/120
2026-08-25 20:59:44,924 - INFO - Training total loss: 1.994078213834577
2026-08-25 20:59:44,924 - INFO - Training CE loss: 1.9926036879246336
2026-08-25 20:59:44,925 - INFO - Training MSE align loss: 0.00029490413703658555
2026-08-25 20:59:44,925 - INFO - Training geometry effective rank: 30.191756151993452
2026-08-25 20:59:44,925 - INFO - Training geometry avg cosine: 0.6642286459759515
2026-08-25 20:59:46,950 - INFO - Validation total loss: 2.178040693757872
2026-08-25 20:59:46,950 - INFO - Validation CE loss: 2.1768189489585645
2026-08-25 20:59:46,950 - INFO - Validation MSE align loss: 0.00024434850841476843
2026-08-25 20:59:46,950 - INFO - Early stop metric (ce): 2.1768189489585645
2026-08-25 20:59:46,951 - INFO - No improvement in validation loss. Early stop counter: 1
2026-08-25 20:59:46,951 - INFO - Epoch 70/120
2026-08-25 20:59:59,185 - INFO - Training total loss: 1.991535666851682
2026-08-25 20:59:59,185 - INFO - Training CE loss: 1.9900793416954663
2026-08-25 20:59:59,185 - INFO - Training MSE align loss: 0.0002912650659298959
2026-08-25 20:59:59,185 - INFO - Training geometry effective rank: 30.351068396512638
2026-08-25 20:59:59,185 - INFO - Training geometry avg cosine: 0.6626762721093248
2026-08-25 21:00:01,173 - INFO - Validation total loss: 2.176843468723379
2026-08-25 21:00:01,173 - INFO - Validation CE loss: 2.1756074162511867
2026-08-25 21:00:01,173 - INFO - Validation MSE align loss: 0.0002472117310764604
2026-08-25 21:00:01,173 - INFO - Early stop metric (ce): 2.1756074162511867
2026-08-25 21:00:01,174 - INFO - No improvement in validation loss. Early stop counter: 2
2026-08-25 21:00:01,174 - INFO - Epoch 71/120
2026-08-25 21:00:13,423 - INFO - Training total loss: 1.9894109505159845
2026-08-25 21:00:13,424 - INFO - Training CE loss: 1.987936527348678
2026-08-25 21:00:13,424 - INFO - Training MSE align loss: 0.00029488528788983024
2026-08-25 21:00:13,424 - INFO - Training geometry effective rank: 30.215492630747043
2026-08-25 21:00:13,424 - INFO - Training geometry avg cosine: 0.6629271525817159
2026-08-25 21:00:15,413 - INFO - Validation total loss: 2.1790021903525094
2026-08-25 21:00:15,414 - INFO - Validation CE loss: 2.1777350820696917
2026-08-25 21:00:15,414 - INFO - Validation MSE align loss: 0.00025342252265857815
2026-08-25 21:00:15,414 - INFO - Early stop metric (ce): 2.1777350820696917
2026-08-25 21:00:15,414 - INFO - No improvement in validation loss. Early stop counter: 3
2026-08-25 21:00:15,414 - INFO - Epoch 72/120
2026-08-25 21:00:27,694 - INFO - Training total loss: 1.986622379911549
2026-08-25 21:00:27,695 - INFO - Training CE loss: 1.985156420835725
2026-08-25 21:00:27,695 - INFO - Training MSE align loss: 0.0002931919820191781
2026-08-25 21:00:27,695 - INFO - Training geometry effective rank: 30.2694075432269
2026-08-25 21:00:27,695 - INFO - Training geometry avg cosine: 0.6618171738975243
2026-08-25 21:00:29,712 - INFO - Validation total loss: 2.171487742739174
2026-08-25 21:00:29,712 - INFO - Validation CE loss: 2.1702046844580654
2026-08-25 21:00:29,712 - INFO - Validation MSE align loss: 0.0002566115209201247
2026-08-25 21:00:29,712 - INFO - Early stop metric (ce): 2.1702046844580654
2026-08-25 21:00:29,746 - INFO - Best validation ce loss: 2.1702046844580654
2026-08-25 21:00:29,746 - INFO - Best model saved to ./ckpt/causal_tiger_Beauty_mse5_token.pth
2026-08-25 21:00:29,746 - INFO - Epoch 73/120
2026-08-25 21:00:42,033 - INFO - Training total loss: 1.9856863017212092
2026-08-25 21:00:42,033 - INFO - Training CE loss: 1.9842225044154007
2026-08-25 21:00:42,033 - INFO - Training MSE align loss: 0.00029275945770773485
2026-08-25 21:00:42,033 - INFO - Training geometry effective rank: 30.154326843380463
2026-08-25 21:00:42,033 - INFO - Training geometry avg cosine: 0.6635938903700981
2026-08-25 21:00:44,022 - INFO - Validation total loss: 2.1735673825628257
2026-08-25 21:00:44,022 - INFO - Validation CE loss: 2.1722920073971728
2026-08-25 21:00:44,022 - INFO - Validation MSE align loss: 0.0002550747399937857
2026-08-25 21:00:44,022 - INFO - Early stop metric (ce): 2.1722920073971728
2026-08-25 21:00:44,023 - INFO - No improvement in validation loss. Early stop counter: 1
2026-08-25 21:00:44,023 - INFO - Epoch 74/120
2026-08-25 21:00:56,358 - INFO - Training total loss: 1.9835441891785262
2026-08-25 21:00:56,358 - INFO - Training CE loss: 1.9820735389620414
2026-08-25 21:00:56,358 - INFO - Training MSE align loss: 0.00029412972549898805
2026-08-25 21:00:56,358 - INFO - Training geometry effective rank: 30.439709162433786
2026-08-25 21:00:56,358 - INFO - Training geometry avg cosine: 0.6622767146923199
2026-08-25 21:00:58,331 - INFO - Validation total loss: 2.178137582259117
2026-08-25 21:00:58,331 - INFO - Validation CE loss: 2.176908641925697
2026-08-25 21:00:58,331 - INFO - Validation MSE align loss: 0.00024578740928709794
2026-08-25 21:00:58,331 - INFO - Early stop metric (ce): 2.176908641925697
2026-08-25 21:00:58,332 - INFO - No improvement in validation loss. Early stop counter: 2
2026-08-25 21:00:58,332 - INFO - Epoch 75/120
2026-08-25 21:01:10,585 - INFO - Training total loss: 1.980953802394496
2026-08-25 21:01:10,585 - INFO - Training CE loss: 1.9794925126584124
2026-08-25 21:01:10,585 - INFO - Training MSE align loss: 0.0002922584080311256
2026-08-25 21:01:10,585 - INFO - Training geometry effective rank: 30.110227551441714
2026-08-25 21:01:10,585 - INFO - Training geometry avg cosine: 0.663130135387762
2026-08-25 21:01:12,586 - INFO - Validation total loss: 2.173454428435395
2026-08-25 21:01:12,586 - INFO - Validation CE loss: 2.1722292925666844
2026-08-25 21:01:12,587 - INFO - Validation MSE align loss: 0.00024502592480065934
2026-08-25 21:01:12,587 - INFO - Early stop metric (ce): 2.1722292925666844
2026-08-25 21:01:12,587 - INFO - No improvement in validation loss. Early stop counter: 3
2026-08-25 21:01:12,587 - INFO - Epoch 76/120
2026-08-25 21:01:24,817 - INFO - Training total loss: 1.9785263916397837
2026-08-25 21:01:24,817 - INFO - Training CE loss: 1.977060244473038
2026-08-25 21:01:24,817 - INFO - Training MSE align loss: 0.0002932296684786409
2026-08-25 21:01:24,817 - INFO - Training geometry effective rank: 29.55655556986768
2026-08-25 21:01:24,817 - INFO - Training geometry avg cosine: 0.6642349275401594
2026-08-25 21:01:26,900 - INFO - Validation total loss: 2.1801990695265743
2026-08-25 21:01:26,901 - INFO - Validation CE loss: 2.1789752147740047
2026-08-25 21:01:26,901 - INFO - Validation MSE align loss: 0.00024477008089639023
2026-08-25 21:01:26,901 - INFO - Early stop metric (ce): 2.1789752147740047
2026-08-25 21:01:26,901 - INFO - No improvement in validation loss. Early stop counter: 4
2026-08-25 21:01:26,902 - INFO - Epoch 77/120
2026-08-25 21:01:39,108 - INFO - Training total loss: 1.9777123174314832
2026-08-25 21:01:39,108 - INFO - Training CE loss: 1.97624676654311
2026-08-25 21:01:39,108 - INFO - Training MSE align loss: 0.0002931102096548862
2026-08-25 21:01:39,108 - INFO - Training geometry effective rank: 30.167206192758762
2026-08-25 21:01:39,108 - INFO - Training geometry avg cosine: 0.6627729980398245
2026-08-25 21:01:41,080 - INFO - Validation total loss: 2.1790959062494433
2026-08-25 21:01:41,080 - INFO - Validation CE loss: 2.1778538631267303
2026-08-25 21:01:41,080 - INFO - Validation MSE align loss: 0.0002484088403231748
2026-08-25 21:01:41,080 - INFO - Early stop metric (ce): 2.1778538631267303
2026-08-25 21:01:41,080 - INFO - No improvement in validation loss. Early stop counter: 5
2026-08-25 21:01:41,081 - INFO - Epoch 78/120
2026-08-25 21:01:53,301 - INFO - Training total loss: 1.9765178044018579
2026-08-25 21:01:53,301 - INFO - Training CE loss: 1.9750493416990287
2026-08-25 21:01:53,301 - INFO - Training MSE align loss: 0.0002936928823829451
2026-08-25 21:01:53,301 - INFO - Training geometry effective rank: 29.74609777621258
2026-08-25 21:01:53,301 - INFO - Training geometry avg cosine: 0.6640600918100038
2026-08-25 21:01:55,423 - INFO - Validation total loss: 2.1757041881012813
2026-08-25 21:01:55,424 - INFO - Validation CE loss: 2.1744698644196014
2026-08-25 21:01:55,424 - INFO - Validation MSE align loss: 0.0002468655029783433
2026-08-25 21:01:55,424 - INFO - Early stop metric (ce): 2.1744698644196014
2026-08-25 21:01:55,424 - INFO - No improvement in validation loss. Early stop counter: 6
2026-08-25 21:01:55,424 - INFO - Epoch 79/120
2026-08-25 21:02:07,672 - INFO - Training total loss: 1.9720422588433737
2026-08-25 21:02:07,672 - INFO - Training CE loss: 1.970566152830532
2026-08-25 21:02:07,672 - INFO - Training MSE align loss: 0.0002952207192182468
2026-08-25 21:02:07,672 - INFO - Training geometry effective rank: 29.764055931150683
2026-08-25 21:02:07,672 - INFO - Training geometry avg cosine: 0.6638105796932711
2026-08-25 21:02:09,645 - INFO - Validation total loss: 2.180423730944359
2026-08-25 21:02:09,645 - INFO - Validation CE loss: 2.179178521356869
2026-08-25 21:02:09,645 - INFO - Validation MSE align loss: 0.00024904273243025424
2026-08-25 21:02:09,645 - INFO - Early stop metric (ce): 2.179178521356869
2026-08-25 21:02:09,646 - INFO - No improvement in validation loss. Early stop counter: 7
2026-08-25 21:02:09,646 - INFO - Epoch 80/120
2026-08-25 21:02:21,902 - INFO - Training total loss: 1.970811769888095
2026-08-25 21:02:21,902 - INFO - Training CE loss: 1.9693414670947924
2026-08-25 21:02:21,903 - INFO - Training MSE align loss: 0.00029406048318304133
2026-08-25 21:02:21,903 - INFO - Training geometry effective rank: 29.83242786348098
2026-08-25 21:02:21,903 - INFO - Training geometry avg cosine: 0.6640864208282664
2026-08-25 21:02:23,854 - INFO - Validation total loss: 2.1775367863700112
2026-08-25 21:02:23,855 - INFO - Validation CE loss: 2.176276908412
2026-08-25 21:02:23,855 - INFO - Validation MSE align loss: 0.0002519759676662022
2026-08-25 21:02:23,855 - INFO - Early stop metric (ce): 2.176276908412
2026-08-25 21:02:23,855 - INFO - No improvement in validation loss. Early stop counter: 8
2026-08-25 21:02:23,855 - INFO - Epoch 81/120
2026-08-25 21:02:36,091 - INFO - Training total loss: 1.9678547530786537
2026-08-25 21:02:36,091 - INFO - Training CE loss: 1.966379245199582
2026-08-25 21:02:36,091 - INFO - Training MSE align loss: 0.00029510144005685405
2026-08-25 21:02:36,091 - INFO - Training geometry effective rank: 29.7728920094234
2026-08-25 21:02:36,091 - INFO - Training geometry avg cosine: 0.6631856850612952
2026-08-25 21:02:38,076 - INFO - Validation total loss: 2.1807853341614227
2026-08-25 21:02:38,076 - INFO - Validation CE loss: 2.1795395535972495
2026-08-25 21:02:38,076 - INFO - Validation MSE align loss: 0.00024915746709955414
2026-08-25 21:02:38,076 - INFO - Early stop metric (ce): 2.1795395535972495
2026-08-25 21:02:38,076 - INFO - No improvement in validation loss. Early stop counter: 9
2026-08-25 21:02:38,077 - INFO - Epoch 82/120
2026-08-25 21:02:50,567 - INFO - Training total loss: 1.9657641280485962
2026-08-25 21:02:50,568 - INFO - Training CE loss: 1.9642904226881985
2026-08-25 21:02:50,568 - INFO - Training MSE align loss: 0.00029474117789518974
2026-08-25 21:02:50,568 - INFO - Training geometry effective rank: 29.59823287785749
2026-08-25 21:02:50,568 - INFO - Training geometry avg cosine: 0.6640469489858308
2026-08-25 21:02:52,633 - INFO - Validation total loss: 2.1820035564029676
2026-08-25 21:02:52,633 - INFO - Validation CE loss: 2.18076010425715
2026-08-25 21:02:52,634 - INFO - Validation MSE align loss: 0.0002486912376630068
2026-08-25 21:02:52,634 - INFO - Early stop metric (ce): 2.18076010425715
2026-08-25 21:02:52,634 - INFO - No improvement in validation loss. Early stop counter: 10
2026-08-25 21:02:52,634 - INFO - Early stopping triggered.
2026-08-25 21:02:52,646 - INFO - Loading best model for final testing...
2026-08-25 21:11:19,685 - INFO - Final Epoch: 72
2026-08-25 21:11:19,687 - INFO - Final Test Recalls: {'Recall@5': 0.03939104555454505, 'Recall@10': 0.06046756375341201, 'Recall@20': 0.09058712176626844}
2026-08-25 21:11:19,687 - INFO - Final Test NDCGs: {'NDCG@5': 0.02604876065131101, 'NDCG@10': 0.03283645022388691, 'NDCG@20': 0.04042441473850109}
