2026-08-24 13:36:15,380 - INFO - Configuration: {'batch_size': 256, 'infer_size': 96, 'num_epochs': 200, 'lr': 0.0001, 'device': 'cuda', 'num_layers': 4, 'num_decoder_layers': 4, 'd_model': 128, 'd_ff': 1024, 'num_heads': 6, 'd_kv': 64, 'dropout_rate': 0.1, 'vocab_size': 1025, 'pad_token_id': 0, 'eos_token_id': 0, 'feed_forward_proj': 'relu', 'max_len': 20, 'dataset_path': '../data/Beauty', 'code_path': '../data/Beauty/Beauty_t5_rqvae.npy', 'item_emb_path': '../data/Beauty/item_emb.parquet', 'item_emb_dim': 768, 'mse_loss_weight': 2.0, 'mse_loss_mode': 'token', 'align_loss_type': 'cos', 'early_stop_metric': 'ce', 'mode': 'train', 'model_type': 'causal', 'log_path': './logs/causal_tiger_Beauty_cos2_token.log', 'seed': 2025, 'save_path': './ckpt/causal_tiger_Beauty_cos2_token.pth', 'early_stop': 10, 'topk_list': [5, 10, 20], 'beam_size': 30}
2026-08-24 13:36:15,408 - INFO - #Embedding parameters: 131200
#Non-embedding parameters: 4557952
#Total trainable parameters: 4689152

2026-08-24 13:36:19,660 - INFO - Epoch 1/200
2026-08-24 13:37:06,012 - INFO - Training loss: 5.522539523788927
2026-08-24 13:37:10,849 - INFO - Validation total loss: 4.790110172631914
2026-08-24 13:37:10,849 - INFO - Validation CE loss: 4.604218296738654
2026-08-24 13:37:10,849 - INFO - Validation COS align loss: 0.0929459492024434
2026-08-24 13:37:10,849 - INFO - Early stop metric (ce): 4.604218296738654
2026-08-24 13:37:10,911 - INFO - Best validation ce loss: 4.604218296738654
2026-08-24 13:37:10,911 - INFO - Best model saved to ./ckpt/causal_tiger_Beauty_cos2_token.pth
2026-08-24 13:37:10,911 - INFO - Epoch 2/200
2026-08-24 13:37:56,767 - INFO - Training loss: 4.639178968125281
2026-08-24 13:38:01,562 - INFO - Validation total loss: 4.376517462628082
2026-08-24 13:38:01,563 - INFO - Validation CE loss: 4.203688574451234
2026-08-24 13:38:01,563 - INFO - Validation COS align loss: 0.08641445508842305
2026-08-24 13:38:01,563 - INFO - Early stop metric (ce): 4.203688574451234
2026-08-24 13:38:01,630 - INFO - Best validation ce loss: 4.203688574451234
2026-08-24 13:38:01,630 - INFO - Best model saved to ./ckpt/causal_tiger_Beauty_cos2_token.pth
2026-08-24 13:38:01,630 - INFO - Epoch 3/200
2026-08-24 13:38:49,203 - INFO - Training loss: 4.225815977567828
2026-08-24 13:38:53,449 - INFO - Validation total loss: 4.0582063627856995
2026-08-24 13:38:53,449 - INFO - Validation CE loss: 3.893761130361598
2026-08-24 13:38:53,450 - INFO - Validation COS align loss: 0.08222261800274829
2026-08-24 13:38:53,450 - INFO - Early stop metric (ce): 3.893761130361598
2026-08-24 13:38:53,510 - INFO - Best validation ce loss: 3.893761130361598
2026-08-24 13:38:53,510 - INFO - Best model saved to ./ckpt/causal_tiger_Beauty_cos2_token.pth
2026-08-24 13:38:53,510 - INFO - Epoch 4/200
2026-08-24 13:39:40,289 - INFO - Training loss: 3.9087790802758957
2026-08-24 13:39:45,099 - INFO - Validation total loss: 3.813811433161789
2026-08-24 13:39:45,099 - INFO - Validation CE loss: 3.655565549375673
2026-08-24 13:39:45,099 - INFO - Validation COS align loss: 0.07912293575352354
2026-08-24 13:39:45,099 - INFO - Early stop metric (ce): 3.655565549375673
2026-08-24 13:39:45,158 - INFO - Best validation ce loss: 3.655565549375673
2026-08-24 13:39:45,158 - INFO - Best model saved to ./ckpt/causal_tiger_Beauty_cos2_token.pth
2026-08-24 13:39:45,159 - INFO - Epoch 5/200
2026-08-24 13:40:30,874 - INFO - Training loss: 3.6674357592363767
2026-08-24 13:40:35,679 - INFO - Validation total loss: 3.6129371117112976
2026-08-24 13:40:35,680 - INFO - Validation CE loss: 3.460571670736878
2026-08-24 13:40:35,680 - INFO - Validation COS align loss: 0.07618271153372244
2026-08-24 13:40:35,680 - INFO - Early stop metric (ce): 3.460571670736878
2026-08-24 13:40:35,740 - INFO - Best validation ce loss: 3.460571670736878
2026-08-24 13:40:35,740 - INFO - Best model saved to ./ckpt/causal_tiger_Beauty_cos2_token.pth
2026-08-24 13:40:35,740 - INFO - Epoch 6/200
2026-08-24 13:41:21,454 - INFO - Training loss: 3.4822312319788953
2026-08-24 13:41:26,261 - INFO - Validation total loss: 3.4532698244495963
2026-08-24 13:41:26,261 - INFO - Validation CE loss: 3.306580441192496
2026-08-24 13:41:26,261 - INFO - Validation COS align loss: 0.0733446862564578
2026-08-24 13:41:26,261 - INFO - Early stop metric (ce): 3.306580441192496
2026-08-24 13:41:26,324 - INFO - Best validation ce loss: 3.306580441192496
2026-08-24 13:41:26,324 - INFO - Best model saved to ./ckpt/causal_tiger_Beauty_cos2_token.pth
2026-08-24 13:41:26,324 - INFO - Epoch 7/200
2026-08-24 13:42:13,740 - INFO - Training loss: 3.334167007806236
2026-08-24 13:42:17,767 - INFO - Validation total loss: 3.320423282778826
2026-08-24 13:42:17,767 - INFO - Validation CE loss: 3.1775639538089604
2026-08-24 13:42:17,767 - INFO - Validation COS align loss: 0.07142965885702633
2026-08-24 13:42:17,767 - INFO - Early stop metric (ce): 3.1775639538089604
2026-08-24 13:42:17,830 - INFO - Best validation ce loss: 3.1775639538089604
2026-08-24 13:42:17,830 - INFO - Best model saved to ./ckpt/causal_tiger_Beauty_cos2_token.pth
2026-08-24 13:42:17,830 - INFO - Epoch 8/200
2026-08-24 13:43:04,351 - INFO - Training loss: 3.215917144767969
2026-08-24 13:43:09,188 - INFO - Validation total loss: 3.213938431678412
2026-08-24 13:43:09,188 - INFO - Validation CE loss: 3.074107749267709
2026-08-24 13:43:09,188 - INFO - Validation COS align loss: 0.06991533404256141
2026-08-24 13:43:09,188 - INFO - Early stop metric (ce): 3.074107749267709
2026-08-24 13:43:09,251 - INFO - Best validation ce loss: 3.074107749267709
2026-08-24 13:43:09,251 - INFO - Best model saved to ./ckpt/causal_tiger_Beauty_cos2_token.pth
2026-08-24 13:43:09,251 - INFO - Epoch 9/200
2026-08-24 13:43:54,932 - INFO - Training loss: 3.118622789123179
2026-08-24 13:43:59,753 - INFO - Validation total loss: 3.1254822286925092
2026-08-24 13:43:59,753 - INFO - Validation CE loss: 2.988175523639237
2026-08-24 13:43:59,753 - INFO - Validation COS align loss: 0.06865334638710185
2026-08-24 13:43:59,753 - INFO - Early stop metric (ce): 2.988175523639237
2026-08-24 13:43:59,827 - INFO - Best validation ce loss: 2.988175523639237
2026-08-24 13:43:59,827 - INFO - Best model saved to ./ckpt/causal_tiger_Beauty_cos2_token.pth
2026-08-24 13:43:59,827 - INFO - Epoch 10/200
2026-08-24 13:44:45,611 - INFO - Training loss: 3.0371443923809185
2026-08-24 13:44:50,394 - INFO - Validation total loss: 3.04980984470875
2026-08-24 13:44:50,394 - INFO - Validation CE loss: 2.9145891860830937
2026-08-24 13:44:50,394 - INFO - Validation COS align loss: 0.06761032112678234
2026-08-24 13:44:50,394 - INFO - Early stop metric (ce): 2.9145891860830937
2026-08-24 13:44:50,461 - INFO - Best validation ce loss: 2.9145891860830937
2026-08-24 13:44:50,461 - INFO - Best model saved to ./ckpt/causal_tiger_Beauty_cos2_token.pth
2026-08-24 13:44:50,461 - INFO - Epoch 11/200
2026-08-24 13:45:37,936 - INFO - Training loss: 2.9656611903632197
2026-08-24 13:45:42,175 - INFO - Validation total loss: 2.9806161244028115
2026-08-24 13:45:42,175 - INFO - Validation CE loss: 2.846892673058571
2026-08-24 13:45:42,175 - INFO - Validation COS align loss: 0.06686171799770241
2026-08-24 13:45:42,175 - INFO - Early stop metric (ce): 2.846892673058571
2026-08-24 13:45:42,246 - INFO - Best validation ce loss: 2.846892673058571
2026-08-24 13:45:42,246 - INFO - Best model saved to ./ckpt/causal_tiger_Beauty_cos2_token.pth
2026-08-24 13:45:42,246 - INFO - Epoch 12/200
2026-08-24 13:46:28,548 - INFO - Training loss: 2.902767316840502
2026-08-24 13:46:33,329 - INFO - Validation total loss: 2.9263677499836604
2026-08-24 13:46:33,329 - INFO - Validation CE loss: 2.7940584610460144
2026-08-24 13:46:33,329 - INFO - Validation COS align loss: 0.06615463628277758
2026-08-24 13:46:33,329 - INFO - Early stop metric (ce): 2.7940584610460144
2026-08-24 13:46:33,404 - INFO - Best validation ce loss: 2.7940584610460144
2026-08-24 13:46:33,404 - INFO - Best model saved to ./ckpt/causal_tiger_Beauty_cos2_token.pth
2026-08-24 13:46:33,404 - INFO - Epoch 13/200
2026-08-24 13:47:19,173 - INFO - Training loss: 2.8529523485829396
2026-08-24 13:47:23,983 - INFO - Validation total loss: 2.8774984737322566
2026-08-24 13:47:23,984 - INFO - Validation CE loss: 2.7462120465454625
2026-08-24 13:47:23,984 - INFO - Validation COS align loss: 0.06564320566316531
2026-08-24 13:47:23,984 - INFO - Early stop metric (ce): 2.7462120465454625
2026-08-24 13:47:24,060 - INFO - Best validation ce loss: 2.7462120465454625
2026-08-24 13:47:24,060 - INFO - Best model saved to ./ckpt/causal_tiger_Beauty_cos2_token.pth
2026-08-24 13:47:24,060 - INFO - Epoch 14/200
2026-08-24 13:48:09,691 - INFO - Training loss: 2.804001416677631
2026-08-24 13:48:14,492 - INFO - Validation total loss: 2.8317357306828317
2026-08-24 13:48:14,492 - INFO - Validation CE loss: 2.7010135793890564
2026-08-24 13:48:14,492 - INFO - Validation COS align loss: 0.06536106925153937
2026-08-24 13:48:14,492 - INFO - Early stop metric (ce): 2.7010135793890564
2026-08-24 13:48:14,564 - INFO - Best validation ce loss: 2.7010135793890564
2026-08-24 13:48:14,564 - INFO - Best model saved to ./ckpt/causal_tiger_Beauty_cos2_token.pth
2026-08-24 13:48:14,565 - INFO - Epoch 15/200
2026-08-24 13:49:02,002 - INFO - Training loss: 2.7633559226062046
2026-08-24 13:49:06,441 - INFO - Validation total loss: 2.792154256366353
2026-08-24 13:49:06,441 - INFO - Validation CE loss: 2.661917766276347
2026-08-24 13:49:06,441 - INFO - Validation COS align loss: 0.06511824376593332
2026-08-24 13:49:06,441 - INFO - Early stop metric (ce): 2.661917766276347
2026-08-24 13:49:06,515 - INFO - Best validation ce loss: 2.661917766276347
2026-08-24 13:49:06,515 - INFO - Best model saved to ./ckpt/causal_tiger_Beauty_cos2_token.pth
2026-08-24 13:49:06,516 - INFO - Epoch 16/200
2026-08-24 13:49:52,875 - INFO - Training loss: 2.72737144078726
2026-08-24 13:49:57,679 - INFO - Validation total loss: 2.763607573099914
2026-08-24 13:49:57,679 - INFO - Validation CE loss: 2.6340017318725586
2026-08-24 13:49:57,679 - INFO - Validation COS align loss: 0.06480291421832957
2026-08-24 13:49:57,679 - INFO - Early stop metric (ce): 2.6340017318725586
2026-08-24 13:49:57,747 - INFO - Best validation ce loss: 2.6340017318725586
2026-08-24 13:49:57,747 - INFO - Best model saved to ./ckpt/causal_tiger_Beauty_cos2_token.pth
2026-08-24 13:49:57,747 - INFO - Epoch 17/200
2026-08-24 13:50:43,508 - INFO - Training loss: 2.692307487072184
2026-08-24 13:50:48,308 - INFO - Validation total loss: 2.7311680470413404
2026-08-24 13:50:48,308 - INFO - Validation CE loss: 2.6018432854582825
2026-08-24 13:50:48,308 - INFO - Validation COS align loss: 0.06466237823338979
2026-08-24 13:50:48,308 - INFO - Early stop metric (ce): 2.6018432854582825
2026-08-24 13:50:48,376 - INFO - Best validation ce loss: 2.6018432854582825
2026-08-24 13:50:48,376 - INFO - Best model saved to ./ckpt/causal_tiger_Beauty_cos2_token.pth
2026-08-24 13:50:48,376 - INFO - Epoch 18/200
2026-08-24 13:51:34,113 - INFO - Training loss: 2.663707330996888
2026-08-24 13:51:38,896 - INFO - Validation total loss: 2.69987718792944
2026-08-24 13:51:38,896 - INFO - Validation CE loss: 2.570940520630374
2026-08-24 13:51:38,896 - INFO - Validation COS align loss: 0.06446832750999876
2026-08-24 13:51:38,896 - INFO - Early stop metric (ce): 2.570940520630374
2026-08-24 13:51:38,963 - INFO - Best validation ce loss: 2.570940520630374
2026-08-24 13:51:38,963 - INFO - Best model saved to ./ckpt/causal_tiger_Beauty_cos2_token.pth
2026-08-24 13:51:38,963 - INFO - Epoch 19/200
2026-08-24 13:52:26,532 - INFO - Training loss: 2.635881335818814
2026-08-24 13:52:30,947 - INFO - Validation total loss: 2.6786522328086164
2026-08-24 13:52:30,947 - INFO - Validation CE loss: 2.549756562760971
2026-08-24 13:52:30,947 - INFO - Validation COS align loss: 0.06444782658196314
2026-08-24 13:52:30,947 - INFO - Early stop metric (ce): 2.549756562760971
2026-08-24 13:52:31,014 - INFO - Best validation ce loss: 2.549756562760971
2026-08-24 13:52:31,014 - INFO - Best model saved to ./ckpt/causal_tiger_Beauty_cos2_token.pth
2026-08-24 13:52:31,014 - INFO - Epoch 20/200
2026-08-24 13:53:17,350 - INFO - Training loss: 2.6128582908021802
2026-08-24 13:53:22,153 - INFO - Validation total loss: 2.6538848979278695
2026-08-24 13:53:22,153 - INFO - Validation CE loss: 2.525371949048513
2026-08-24 13:53:22,153 - INFO - Validation COS align loss: 0.0642564688117719
2026-08-24 13:53:22,153 - INFO - Early stop metric (ce): 2.525371949048513
2026-08-24 13:53:22,218 - INFO - Best validation ce loss: 2.525371949048513
2026-08-24 13:53:22,218 - INFO - Best model saved to ./ckpt/causal_tiger_Beauty_cos2_token.pth
2026-08-24 13:53:22,218 - INFO - Epoch 21/200
2026-08-24 13:54:08,221 - INFO - Training loss: 2.5898195222194094
2026-08-24 13:54:13,004 - INFO - Validation total loss: 2.633179469169977
2026-08-24 13:54:13,004 - INFO - Validation CE loss: 2.504700780426484
2026-08-24 13:54:13,004 - INFO - Validation COS align loss: 0.06423933746477054
2026-08-24 13:54:13,004 - INFO - Early stop metric (ce): 2.504700780426484
2026-08-24 13:54:13,069 - INFO - Best validation ce loss: 2.504700780426484
2026-08-24 13:54:13,070 - INFO - Best model saved to ./ckpt/causal_tiger_Beauty_cos2_token.pth
2026-08-24 13:54:13,070 - INFO - Epoch 22/200
2026-08-24 13:54:58,952 - INFO - Training loss: 2.5676224273466413
2026-08-24 13:55:03,750 - INFO - Validation total loss: 2.6123851767937003
2026-08-24 13:55:03,750 - INFO - Validation CE loss: 2.4841094451912484
2026-08-24 13:55:03,750 - INFO - Validation COS align loss: 0.06413786094076132
2026-08-24 13:55:03,750 - INFO - Early stop metric (ce): 2.4841094451912484
2026-08-24 13:55:03,814 - INFO - Best validation ce loss: 2.4841094451912484
2026-08-24 13:55:03,814 - INFO - Best model saved to ./ckpt/causal_tiger_Beauty_cos2_token.pth
2026-08-24 13:55:03,814 - INFO - Epoch 23/200
2026-08-24 13:55:51,393 - INFO - Training loss: 2.547201780493621
2026-08-24 13:55:55,816 - INFO - Validation total loss: 2.5989919179498893
2026-08-24 13:55:55,816 - INFO - Validation CE loss: 2.470776614713055
2026-08-24 13:55:55,816 - INFO - Validation COS align loss: 0.06410764701376657
2026-08-24 13:55:55,816 - INFO - Early stop metric (ce): 2.470776614713055
2026-08-24 13:55:55,882 - INFO - Best validation ce loss: 2.470776614713055
2026-08-24 13:55:55,882 - INFO - Best model saved to ./ckpt/causal_tiger_Beauty_cos2_token.pth
2026-08-24 13:55:55,883 - INFO - Epoch 24/200
2026-08-24 13:56:42,294 - INFO - Training loss: 2.5295617932939343
2026-08-24 13:56:47,097 - INFO - Validation total loss: 2.5793145229888066
2026-08-24 13:56:47,097 - INFO - Validation CE loss: 2.4513129210779083
2026-08-24 13:56:47,097 - INFO - Validation COS align loss: 0.06400079276940342
2026-08-24 13:56:47,097 - INFO - Early stop metric (ce): 2.4513129210779083
2026-08-24 13:56:47,161 - INFO - Best validation ce loss: 2.4513129210779083
2026-08-24 13:56:47,161 - INFO - Best model saved to ./ckpt/causal_tiger_Beauty_cos2_token.pth
2026-08-24 13:56:47,161 - INFO - Epoch 25/200
2026-08-24 13:57:33,002 - INFO - Training loss: 2.510949180283899
2026-08-24 13:57:37,788 - INFO - Validation total loss: 2.5667192455013423
2026-08-24 13:57:37,788 - INFO - Validation CE loss: 2.4389174798015874
2026-08-24 13:57:37,789 - INFO - Validation COS align loss: 0.06390087389639007
2026-08-24 13:57:37,789 - INFO - Early stop metric (ce): 2.4389174798015874
2026-08-24 13:57:37,850 - INFO - Best validation ce loss: 2.4389174798015874
2026-08-24 13:57:37,851 - INFO - Best model saved to ./ckpt/causal_tiger_Beauty_cos2_token.pth
2026-08-24 13:57:37,851 - INFO - Epoch 26/200
2026-08-24 13:58:23,731 - INFO - Training loss: 2.4973925931908276
2026-08-24 13:58:28,532 - INFO - Validation total loss: 2.551108666755611
2026-08-24 13:58:28,532 - INFO - Validation CE loss: 2.4232344427845507
2026-08-24 13:58:28,532 - INFO - Validation COS align loss: 0.06393710431111217
2026-08-24 13:58:28,532 - INFO - Early stop metric (ce): 2.4232344427845507
2026-08-24 13:58:28,593 - INFO - Best validation ce loss: 2.4232344427845507
2026-08-24 13:58:28,594 - INFO - Best model saved to ./ckpt/causal_tiger_Beauty_cos2_token.pth
2026-08-24 13:58:28,594 - INFO - Epoch 27/200
2026-08-24 13:59:16,198 - INFO - Training loss: 2.480583698833035
2026-08-24 13:59:20,618 - INFO - Validation total loss: 2.5386474122305285
2026-08-24 13:59:20,618 - INFO - Validation CE loss: 2.4108297630441036
2026-08-24 13:59:20,618 - INFO - Validation COS align loss: 0.06390881589553898
2026-08-24 13:59:20,618 - INFO - Early stop metric (ce): 2.4108297630441036
2026-08-24 13:59:20,678 - INFO - Best validation ce loss: 2.4108297630441036
2026-08-24 13:59:20,678 - INFO - Best model saved to ./ckpt/causal_tiger_Beauty_cos2_token.pth
2026-08-24 13:59:20,679 - INFO - Epoch 28/200
2026-08-24 14:00:07,047 - INFO - Training loss: 2.46497022641772
2026-08-24 14:00:11,866 - INFO - Validation total loss: 2.525210125251901
2026-08-24 14:00:11,866 - INFO - Validation CE loss: 2.3976383388298266
2026-08-24 14:00:11,866 - INFO - Validation COS align loss: 0.06378589039708411
2026-08-24 14:00:11,866 - INFO - Early stop metric (ce): 2.3976383388298266
2026-08-24 14:00:11,927 - INFO - Best validation ce loss: 2.3976383388298266
2026-08-24 14:00:11,927 - INFO - Best model saved to ./ckpt/causal_tiger_Beauty_cos2_token.pth
2026-08-24 14:00:11,927 - INFO - Epoch 29/200
2026-08-24 14:00:57,823 - INFO - Training loss: 2.453096550726241
2026-08-24 14:01:02,601 - INFO - Validation total loss: 2.515249492272799
2026-08-24 14:01:02,601 - INFO - Validation CE loss: 2.3878530729482104
2026-08-24 14:01:02,601 - INFO - Validation COS align loss: 0.06369820224369033
2026-08-24 14:01:02,601 - INFO - Early stop metric (ce): 2.3878530729482104
2026-08-24 14:01:02,668 - INFO - Best validation ce loss: 2.3878530729482104
2026-08-24 14:01:02,668 - INFO - Best model saved to ./ckpt/causal_tiger_Beauty_cos2_token.pth
2026-08-24 14:01:02,668 - INFO - Epoch 30/200
2026-08-24 14:01:48,594 - INFO - Training loss: 2.4415381084620256
2026-08-24 14:01:53,371 - INFO - Validation total loss: 2.507666474248207
2026-08-24 14:01:53,371 - INFO - Validation CE loss: 2.380582203680865
2026-08-24 14:01:53,371 - INFO - Validation COS align loss: 0.06354212786506686
2026-08-24 14:01:53,371 - INFO - Early stop metric (ce): 2.380582203680865
2026-08-24 14:01:53,428 - INFO - Best validation ce loss: 2.380582203680865
2026-08-24 14:01:53,428 - INFO - Best model saved to ./ckpt/causal_tiger_Beauty_cos2_token.pth
2026-08-24 14:01:53,429 - INFO - Epoch 31/200
2026-08-24 14:02:40,949 - INFO - Training loss: 2.42745132483397
2026-08-24 14:02:45,271 - INFO - Validation total loss: 2.4956113944237837
2026-08-24 14:02:45,271 - INFO - Validation CE loss: 2.36854615692417
2026-08-24 14:02:45,271 - INFO - Validation COS align loss: 0.06353261184283081
2026-08-24 14:02:45,271 - INFO - Early stop metric (ce): 2.36854615692417
2026-08-24 14:02:45,330 - INFO - Best validation ce loss: 2.36854615692417
2026-08-24 14:02:45,330 - INFO - Best model saved to ./ckpt/causal_tiger_Beauty_cos2_token.pth
2026-08-24 14:02:45,330 - INFO - Epoch 32/200
2026-08-24 14:03:31,781 - INFO - Training loss: 2.4179543827294374
2026-08-24 14:03:36,570 - INFO - Validation total loss: 2.4859527671797594
2026-08-24 14:03:36,570 - INFO - Validation CE loss: 2.3589949101337546
2026-08-24 14:03:36,570 - INFO - Validation COS align loss: 0.06347892647649085
2026-08-24 14:03:36,570 - INFO - Early stop metric (ce): 2.3589949101337546
2026-08-24 14:03:36,632 - INFO - Best validation ce loss: 2.3589949101337546
2026-08-24 14:03:36,632 - INFO - Best model saved to ./ckpt/causal_tiger_Beauty_cos2_token.pth
2026-08-24 14:03:36,632 - INFO - Epoch 33/200
2026-08-24 14:04:22,502 - INFO - Training loss: 2.4065673249240978
2026-08-24 14:04:27,282 - INFO - Validation total loss: 2.4790814567533173
2026-08-24 14:04:27,282 - INFO - Validation CE loss: 2.3520281094849875
2026-08-24 14:04:27,282 - INFO - Validation COS align loss: 0.06352666979695594
2026-08-24 14:04:27,282 - INFO - Early stop metric (ce): 2.3520281094849875
2026-08-24 14:04:27,350 - INFO - Best validation ce loss: 2.3520281094849875
2026-08-24 14:04:27,350 - INFO - Best model saved to ./ckpt/causal_tiger_Beauty_cos2_token.pth
2026-08-24 14:04:27,351 - INFO - Epoch 34/200
2026-08-24 14:05:13,187 - INFO - Training loss: 2.395453695193339
2026-08-24 14:05:17,981 - INFO - Validation total loss: 2.4744804166417267
2026-08-24 14:05:17,981 - INFO - Validation CE loss: 2.347712740366039
2026-08-24 14:05:17,982 - INFO - Validation COS align loss: 0.06338383557970431
2026-08-24 14:05:17,982 - INFO - Early stop metric (ce): 2.347712740366039
2026-08-24 14:05:18,044 - INFO - Best validation ce loss: 2.347712740366039
2026-08-24 14:05:18,044 - INFO - Best model saved to ./ckpt/causal_tiger_Beauty_cos2_token.pth
2026-08-24 14:05:18,045 - INFO - Epoch 35/200
2026-08-24 14:06:05,589 - INFO - Training loss: 2.3870683296181348
2026-08-24 14:06:09,995 - INFO - Validation total loss: 2.4636708922652217
2026-08-24 14:06:09,995 - INFO - Validation CE loss: 2.336838583066228
2026-08-24 14:06:09,995 - INFO - Validation COS align loss: 0.06341614718089288
2026-08-24 14:06:09,995 - INFO - Early stop metric (ce): 2.336838583066228
2026-08-24 14:06:10,057 - INFO - Best validation ce loss: 2.336838583066228
2026-08-24 14:06:10,057 - INFO - Best model saved to ./ckpt/causal_tiger_Beauty_cos2_token.pth
2026-08-24 14:06:10,057 - INFO - Epoch 36/200
2026-08-24 14:06:56,538 - INFO - Training loss: 2.3758245664811786
2026-08-24 14:07:01,311 - INFO - Validation total loss: 2.458325014093915
2026-08-24 14:07:01,311 - INFO - Validation CE loss: 2.331418684112156
2026-08-24 14:07:01,311 - INFO - Validation COS align loss: 0.06345315629320594
2026-08-24 14:07:01,311 - INFO - Early stop metric (ce): 2.331418684112156
2026-08-24 14:07:01,372 - INFO - Best validation ce loss: 2.331418684112156
2026-08-24 14:07:01,372 - INFO - Best model saved to ./ckpt/causal_tiger_Beauty_cos2_token.pth
2026-08-24 14:07:01,372 - INFO - Epoch 37/200
2026-08-24 14:07:47,169 - INFO - Training loss: 2.366916496929955
2026-08-24 14:07:51,968 - INFO - Validation total loss: 2.450893189262423
2026-08-24 14:07:51,969 - INFO - Validation CE loss: 2.324141730054765
2026-08-24 14:07:51,969 - INFO - Validation COS align loss: 0.06337572218522493
2026-08-24 14:07:51,969 - INFO - Early stop metric (ce): 2.324141730054765
2026-08-24 14:07:52,037 - INFO - Best validation ce loss: 2.324141730054765
2026-08-24 14:07:52,037 - INFO - Best model saved to ./ckpt/causal_tiger_Beauty_cos2_token.pth
2026-08-24 14:07:52,037 - INFO - Epoch 38/200
2026-08-24 14:08:37,781 - INFO - Training loss: 2.35980355368514
2026-08-24 14:08:42,575 - INFO - Validation total loss: 2.4444438909768036
2026-08-24 14:08:42,575 - INFO - Validation CE loss: 2.3177913488748247
2026-08-24 14:08:42,575 - INFO - Validation COS align loss: 0.06332626798122226
2026-08-24 14:08:42,575 - INFO - Early stop metric (ce): 2.3177913488748247
2026-08-24 14:08:42,641 - INFO - Best validation ce loss: 2.3177913488748247
2026-08-24 14:08:42,641 - INFO - Best model saved to ./ckpt/causal_tiger_Beauty_cos2_token.pth
2026-08-24 14:08:42,642 - INFO - Epoch 39/200
2026-08-24 14:09:30,154 - INFO - Training loss: 2.3511282599853636
2026-08-24 14:09:34,518 - INFO - Validation total loss: 2.4377453593225438
2026-08-24 14:09:34,518 - INFO - Validation CE loss: 2.3111211506593894
2026-08-24 14:09:34,518 - INFO - Validation COS align loss: 0.06331209998274054
2026-08-24 14:09:34,518 - INFO - Early stop metric (ce): 2.3111211506593894
2026-08-24 14:09:34,585 - INFO - Best validation ce loss: 2.3111211506593894
2026-08-24 14:09:34,585 - INFO - Best model saved to ./ckpt/causal_tiger_Beauty_cos2_token.pth
2026-08-24 14:09:34,585 - INFO - Epoch 40/200
2026-08-24 14:10:21,016 - INFO - Training loss: 2.3425973973849405
2026-08-24 14:10:25,800 - INFO - Validation total loss: 2.434661137187941
2026-08-24 14:10:25,801 - INFO - Validation CE loss: 2.307935146814764
2026-08-24 14:10:25,801 - INFO - Validation COS align loss: 0.06336298853542671
2026-08-24 14:10:25,801 - INFO - Early stop metric (ce): 2.307935146814764
2026-08-24 14:10:25,867 - INFO - Best validation ce loss: 2.307935146814764
2026-08-24 14:10:25,867 - INFO - Best model saved to ./ckpt/causal_tiger_Beauty_cos2_token.pth
2026-08-24 14:10:25,868 - INFO - Epoch 41/200
2026-08-24 14:11:11,675 - INFO - Training loss: 2.3342158103267505
2026-08-24 14:11:16,520 - INFO - Validation total loss: 2.429857505237596
2026-08-24 14:11:16,520 - INFO - Validation CE loss: 2.3035060960335794
2026-08-24 14:11:16,520 - INFO - Validation COS align loss: 0.06317569692759044
2026-08-24 14:11:16,521 - INFO - Early stop metric (ce): 2.3035060960335794
2026-08-24 14:11:16,586 - INFO - Best validation ce loss: 2.3035060960335794
2026-08-24 14:11:16,587 - INFO - Best model saved to ./ckpt/causal_tiger_Beauty_cos2_token.pth
2026-08-24 14:11:16,587 - INFO - Epoch 42/200
2026-08-24 14:12:02,288 - INFO - Training loss: 2.3273179572843854
2026-08-24 14:12:07,072 - INFO - Validation total loss: 2.4266880525539873
2026-08-24 14:12:07,072 - INFO - Validation CE loss: 2.3001826720176335
2026-08-24 14:12:07,072 - INFO - Validation COS align loss: 0.06325268310538688
2026-08-24 14:12:07,072 - INFO - Early stop metric (ce): 2.3001826720176335
2026-08-24 14:12:07,136 - INFO - Best validation ce loss: 2.3001826720176335
2026-08-24 14:12:07,136 - INFO - Best model saved to ./ckpt/causal_tiger_Beauty_cos2_token.pth
2026-08-24 14:12:07,136 - INFO - Epoch 43/200
2026-08-24 14:12:54,752 - INFO - Training loss: 2.31673068341578
2026-08-24 14:12:59,188 - INFO - Validation total loss: 2.4165264419220036
2026-08-24 14:12:59,189 - INFO - Validation CE loss: 2.29012088100286
2026-08-24 14:12:59,189 - INFO - Validation COS align loss: 0.06320277790143254
2026-08-24 14:12:59,189 - INFO - Early stop metric (ce): 2.29012088100286
2026-08-24 14:12:59,251 - INFO - Best validation ce loss: 2.29012088100286
2026-08-24 14:12:59,251 - INFO - Best model saved to ./ckpt/causal_tiger_Beauty_cos2_token.pth
2026-08-24 14:12:59,251 - INFO - Epoch 44/200
2026-08-24 14:13:45,861 - INFO - Training loss: 2.3123098365991495
2026-08-24 14:13:50,647 - INFO - Validation total loss: 2.4166334253523996
2026-08-24 14:13:50,647 - INFO - Validation CE loss: 2.2904404401779175
2026-08-24 14:13:50,647 - INFO - Validation COS align loss: 0.06309648849421816
2026-08-24 14:13:50,647 - INFO - Early stop metric (ce): 2.2904404401779175
2026-08-24 14:13:50,647 - INFO - No improvement in validation loss. Early stop counter: 1
2026-08-24 14:13:50,648 - INFO - Epoch 45/200
2026-08-24 14:14:36,493 - INFO - Training loss: 2.3052418923099682
2026-08-24 14:14:41,285 - INFO - Validation total loss: 2.4136054372582825
2026-08-24 14:14:41,285 - INFO - Validation CE loss: 2.2872927807942993
2026-08-24 14:14:41,285 - INFO - Validation COS align loss: 0.06315632720873592
2026-08-24 14:14:41,285 - INFO - Early stop metric (ce): 2.2872927807942993
2026-08-24 14:14:41,348 - INFO - Best validation ce loss: 2.2872927807942993
2026-08-24 14:14:41,348 - INFO - Best model saved to ./ckpt/causal_tiger_Beauty_cos2_token.pth
2026-08-24 14:14:41,348 - INFO - Epoch 46/200
2026-08-24 14:15:27,163 - INFO - Training loss: 2.297581398533476
2026-08-24 14:15:31,946 - INFO - Validation total loss: 2.4057305247998544
2026-08-24 14:15:31,947 - INFO - Validation CE loss: 2.279738990022389
2026-08-24 14:15:31,947 - INFO - Validation COS align loss: 0.0629957599701288
2026-08-24 14:15:31,947 - INFO - Early stop metric (ce): 2.279738990022389
2026-08-24 14:15:32,011 - INFO - Best validation ce loss: 2.279738990022389
2026-08-24 14:15:32,011 - INFO - Best model saved to ./ckpt/causal_tiger_Beauty_cos2_token.pth
2026-08-24 14:15:32,011 - INFO - Epoch 47/200
2026-08-24 14:16:19,546 - INFO - Training loss: 2.291715028684891
2026-08-24 14:16:23,973 - INFO - Validation total loss: 2.4015824943141366
2026-08-24 14:16:23,973 - INFO - Validation CE loss: 2.2754510738307316
2026-08-24 14:16:23,973 - INFO - Validation COS align loss: 0.06306570410216827
2026-08-24 14:16:23,973 - INFO - Early stop metric (ce): 2.2754510738307316
2026-08-24 14:16:24,036 - INFO - Best validation ce loss: 2.2754510738307316
2026-08-24 14:16:24,036 - INFO - Best model saved to ./ckpt/causal_tiger_Beauty_cos2_token.pth
2026-08-24 14:16:24,036 - INFO - Epoch 48/200
2026-08-24 14:17:10,642 - INFO - Training loss: 2.2852116939158753
2026-08-24 14:17:15,444 - INFO - Validation total loss: 2.398430568465859
2026-08-24 14:17:15,444 - INFO - Validation CE loss: 2.272427575271017
2026-08-24 14:17:15,444 - INFO - Validation COS align loss: 0.06300148994625894
2026-08-24 14:17:15,444 - INFO - Early stop metric (ce): 2.272427575271017
2026-08-24 14:17:15,505 - INFO - Best validation ce loss: 2.272427575271017
2026-08-24 14:17:15,505 - INFO - Best model saved to ./ckpt/causal_tiger_Beauty_cos2_token.pth
2026-08-24 14:17:15,505 - INFO - Epoch 49/200
2026-08-24 14:18:01,311 - INFO - Training loss: 2.278478851578115
2026-08-24 14:18:06,134 - INFO - Validation total loss: 2.3999968158328993
2026-08-24 14:18:06,134 - INFO - Validation CE loss: 2.274099481463944
2026-08-24 14:18:06,134 - INFO - Validation COS align loss: 0.06294866539378023
2026-08-24 14:18:06,134 - INFO - Early stop metric (ce): 2.274099481463944
2026-08-24 14:18:06,134 - INFO - No improvement in validation loss. Early stop counter: 1
2026-08-24 14:18:06,134 - INFO - Epoch 50/200
2026-08-24 14:18:51,873 - INFO - Training loss: 2.272940702939312
2026-08-24 14:18:56,664 - INFO - Validation total loss: 2.3896735574042847
2026-08-24 14:18:56,664 - INFO - Validation CE loss: 2.2636366120735465
2026-08-24 14:18:56,664 - INFO - Validation COS align loss: 0.06301846268862614
2026-08-24 14:18:56,664 - INFO - Early stop metric (ce): 2.2636366120735465
2026-08-24 14:18:56,731 - INFO - Best validation ce loss: 2.2636366120735465
2026-08-24 14:18:56,731 - INFO - Best model saved to ./ckpt/causal_tiger_Beauty_cos2_token.pth
2026-08-24 14:18:56,731 - INFO - Epoch 51/200
2026-08-24 14:19:44,250 - INFO - Training loss: 2.2658892767902477
2026-08-24 14:19:48,563 - INFO - Validation total loss: 2.3911414432934937
2026-08-24 14:19:48,563 - INFO - Validation CE loss: 2.26525001362158
2026-08-24 14:19:48,563 - INFO - Validation COS align loss: 0.06294570946386444
2026-08-24 14:19:48,563 - INFO - Early stop metric (ce): 2.26525001362158
2026-08-24 14:19:48,563 - INFO - No improvement in validation loss. Early stop counter: 1
2026-08-24 14:19:48,563 - INFO - Epoch 52/200
2026-08-24 14:20:35,060 - INFO - Training loss: 2.2614274910915686
2026-08-24 14:20:39,849 - INFO - Validation total loss: 2.3892029881988983
2026-08-24 14:20:39,849 - INFO - Validation CE loss: 2.263459773534357
2026-08-24 14:20:39,849 - INFO - Validation COS align loss: 0.0628715950532021
2026-08-24 14:20:39,849 - INFO - Early stop metric (ce): 2.263459773534357
2026-08-24 14:20:39,914 - INFO - Best validation ce loss: 2.263459773534357
2026-08-24 14:20:39,914 - INFO - Best model saved to ./ckpt/causal_tiger_Beauty_cos2_token.pth
2026-08-24 14:20:39,914 - INFO - Epoch 53/200
2026-08-24 14:21:25,740 - INFO - Training loss: 2.256533294336341
2026-08-24 14:21:30,527 - INFO - Validation total loss: 2.383802596591573
2026-08-24 14:21:30,527 - INFO - Validation CE loss: 2.2581541875912907
2026-08-24 14:21:30,527 - INFO - Validation COS align loss: 0.06282420117456003
2026-08-24 14:21:30,527 - INFO - Early stop metric (ce): 2.2581541875912907
2026-08-24 14:21:30,585 - INFO - Best validation ce loss: 2.2581541875912907
2026-08-24 14:21:30,585 - INFO - Best model saved to ./ckpt/causal_tiger_Beauty_cos2_token.pth
2026-08-24 14:21:30,586 - INFO - Epoch 54/200
2026-08-24 14:22:16,311 - INFO - Training loss: 2.2511975310655883
2026-08-24 14:22:21,176 - INFO - Validation total loss: 2.3824778160823774
2026-08-24 14:22:21,177 - INFO - Validation CE loss: 2.2567590766710275
2026-08-24 14:22:21,177 - INFO - Validation COS align loss: 0.06285936484521039
2026-08-24 14:22:21,177 - INFO - Early stop metric (ce): 2.2567590766710275
2026-08-24 14:22:21,239 - INFO - Best validation ce loss: 2.2567590766710275
2026-08-24 14:22:21,239 - INFO - Best model saved to ./ckpt/causal_tiger_Beauty_cos2_token.pth
2026-08-24 14:22:21,239 - INFO - Epoch 55/200
2026-08-24 14:23:08,785 - INFO - Training loss: 2.2445340411672334
2026-08-24 14:23:13,143 - INFO - Validation total loss: 2.379238141452806
2026-08-24 14:23:13,143 - INFO - Validation CE loss: 2.2535422278064514
2026-08-24 14:23:13,143 - INFO - Validation COS align loss: 0.06284795119527072
2026-08-24 14:23:13,143 - INFO - Early stop metric (ce): 2.2535422278064514
2026-08-24 14:23:13,205 - INFO - Best validation ce loss: 2.2535422278064514
2026-08-24 14:23:13,205 - INFO - Best model saved to ./ckpt/causal_tiger_Beauty_cos2_token.pth
2026-08-24 14:23:13,206 - INFO - Epoch 56/200
2026-08-24 14:23:59,798 - INFO - Training loss: 2.2402712779286307
2026-08-24 14:24:04,611 - INFO - Validation total loss: 2.374094669910971
2026-08-24 14:24:04,611 - INFO - Validation CE loss: 2.2483567976644623
2026-08-24 14:24:04,611 - INFO - Validation COS align loss: 0.06286892998372025
2026-08-24 14:24:04,611 - INFO - Early stop metric (ce): 2.2483567976644623
2026-08-24 14:24:04,672 - INFO - Best validation ce loss: 2.2483567976644623
2026-08-24 14:24:04,672 - INFO - Best model saved to ./ckpt/causal_tiger_Beauty_cos2_token.pth
2026-08-24 14:24:04,672 - INFO - Epoch 57/200
2026-08-24 14:24:50,447 - INFO - Training loss: 2.232877727148598
2026-08-24 14:24:55,240 - INFO - Validation total loss: 2.375931054737435
2026-08-24 14:24:55,240 - INFO - Validation CE loss: 2.2503746650761287
2026-08-24 14:24:55,240 - INFO - Validation COS align loss: 0.06277818690042128
2026-08-24 14:24:55,240 - INFO - Early stop metric (ce): 2.2503746650761287
2026-08-24 14:24:55,240 - INFO - No improvement in validation loss. Early stop counter: 1
2026-08-24 14:24:55,241 - INFO - Epoch 58/200
2026-08-24 14:25:41,098 - INFO - Training loss: 2.229452203219967
2026-08-24 14:25:45,886 - INFO - Validation total loss: 2.37501741274232
2026-08-24 14:25:45,886 - INFO - Validation CE loss: 2.249547274839213
2026-08-24 14:25:45,886 - INFO - Validation COS align loss: 0.06273506511434465
2026-08-24 14:25:45,887 - INFO - Early stop metric (ce): 2.249547274839213
2026-08-24 14:25:45,887 - INFO - No improvement in validation loss. Early stop counter: 2
2026-08-24 14:25:45,887 - INFO - Epoch 59/200
2026-08-24 14:26:33,375 - INFO - Training loss: 2.2256776600032464
2026-08-24 14:26:37,656 - INFO - Validation total loss: 2.3717868911350233
2026-08-24 14:26:37,657 - INFO - Validation CE loss: 2.246078123350512
2026-08-24 14:26:37,657 - INFO - Validation COS align loss: 0.06285437979923297
2026-08-24 14:26:37,657 - INFO - Early stop metric (ce): 2.246078123350512
2026-08-24 14:26:37,716 - INFO - Best validation ce loss: 2.246078123350512
2026-08-24 14:26:37,716 - INFO - Best model saved to ./ckpt/causal_tiger_Beauty_cos2_token.pth
2026-08-24 14:26:37,716 - INFO - Epoch 60/200
2026-08-24 14:27:24,374 - INFO - Training loss: 2.219785411070293
2026-08-24 14:27:29,166 - INFO - Validation total loss: 2.364101709214403
2026-08-24 14:27:29,166 - INFO - Validation CE loss: 2.2387623121810063
2026-08-24 14:27:29,166 - INFO - Validation COS align loss: 0.06266969723762872
2026-08-24 14:27:29,166 - INFO - Early stop metric (ce): 2.2387623121810063
2026-08-24 14:27:29,227 - INFO - Best validation ce loss: 2.2387623121810063
2026-08-24 14:27:29,227 - INFO - Best model saved to ./ckpt/causal_tiger_Beauty_cos2_token.pth
2026-08-24 14:27:29,227 - INFO - Epoch 61/200
2026-08-24 14:28:14,915 - INFO - Training loss: 2.2156222928822737
2026-08-24 14:28:19,706 - INFO - Validation total loss: 2.3650254328363443
2026-08-24 14:28:19,706 - INFO - Validation CE loss: 2.239672853711337
2026-08-24 14:28:19,706 - INFO - Validation COS align loss: 0.06267628214389981
2026-08-24 14:28:19,706 - INFO - Early stop metric (ce): 2.239672853711337
2026-08-24 14:28:19,706 - INFO - No improvement in validation loss. Early stop counter: 1
2026-08-24 14:28:19,707 - INFO - Epoch 62/200
2026-08-24 14:29:05,444 - INFO - Training loss: 2.210485294635194
2026-08-24 14:29:10,232 - INFO - Validation total loss: 2.370365879054745
2026-08-24 14:29:10,233 - INFO - Validation CE loss: 2.2450379424852365
2026-08-24 14:29:10,233 - INFO - Validation COS align loss: 0.06266396419173147
2026-08-24 14:29:10,233 - INFO - Early stop metric (ce): 2.2450379424852365
2026-08-24 14:29:10,233 - INFO - No improvement in validation loss. Early stop counter: 2
2026-08-24 14:29:10,233 - INFO - Epoch 63/200
2026-08-24 14:29:57,726 - INFO - Training loss: 2.20608812129915
2026-08-24 14:30:02,084 - INFO - Validation total loss: 2.3617691768597124
2026-08-24 14:30:02,084 - INFO - Validation CE loss: 2.23640312606173
2026-08-24 14:30:02,084 - INFO - Validation COS align loss: 0.06268302028271262
2026-08-24 14:30:02,084 - INFO - Early stop metric (ce): 2.23640312606173
2026-08-24 14:30:02,144 - INFO - Best validation ce loss: 2.23640312606173
2026-08-24 14:30:02,144 - INFO - Best model saved to ./ckpt/causal_tiger_Beauty_cos2_token.pth
2026-08-24 14:30:02,144 - INFO - Epoch 64/200
2026-08-24 14:30:48,763 - INFO - Training loss: 2.2019439490388804
2026-08-24 14:30:53,542 - INFO - Validation total loss: 2.359633210902562
2026-08-24 14:30:53,542 - INFO - Validation CE loss: 2.2342019173208736
2026-08-24 14:30:53,542 - INFO - Validation COS align loss: 0.06271563604665928
2026-08-24 14:30:53,542 - INFO - Early stop metric (ce): 2.2342019173208736
2026-08-24 14:30:53,600 - INFO - Best validation ce loss: 2.2342019173208736
2026-08-24 14:30:53,601 - INFO - Best model saved to ./ckpt/causal_tiger_Beauty_cos2_token.pth
2026-08-24 14:30:53,601 - INFO - Epoch 65/200
2026-08-24 14:31:39,410 - INFO - Training loss: 2.1980681725513147
2026-08-24 14:31:44,192 - INFO - Validation total loss: 2.3602591921843175
2026-08-24 14:31:44,192 - INFO - Validation CE loss: 2.235172606844759
2026-08-24 14:31:44,192 - INFO - Validation COS align loss: 0.06254328908838427
2026-08-24 14:31:44,192 - INFO - Early stop metric (ce): 2.235172606844759
2026-08-24 14:31:44,192 - INFO - No improvement in validation loss. Early stop counter: 1
2026-08-24 14:31:44,193 - INFO - Epoch 66/200
2026-08-24 14:32:29,842 - INFO - Training loss: 2.191332998906592
2026-08-24 14:32:34,619 - INFO - Validation total loss: 2.3541532524665536
2026-08-24 14:32:34,619 - INFO - Validation CE loss: 2.228832240780024
2026-08-24 14:32:34,619 - INFO - Validation COS align loss: 0.06266050482000916
2026-08-24 14:32:34,619 - INFO - Early stop metric (ce): 2.228832240780024
2026-08-24 14:32:34,686 - INFO - Best validation ce loss: 2.228832240780024
2026-08-24 14:32:34,687 - INFO - Best model saved to ./ckpt/causal_tiger_Beauty_cos2_token.pth
2026-08-24 14:32:34,687 - INFO - Epoch 67/200
2026-08-24 14:33:22,181 - INFO - Training loss: 2.187293373657108
2026-08-24 14:33:26,621 - INFO - Validation total loss: 2.354161791535406
2026-08-24 14:33:26,621 - INFO - Validation CE loss: 2.228827226827073
2026-08-24 14:33:26,621 - INFO - Validation COS align loss: 0.06266727877277162
2026-08-24 14:33:26,621 - INFO - Early stop metric (ce): 2.228827226827073
2026-08-24 14:33:26,686 - INFO - Best validation ce loss: 2.228827226827073
2026-08-24 14:33:26,686 - INFO - Best model saved to ./ckpt/causal_tiger_Beauty_cos2_token.pth
2026-08-24 14:33:26,686 - INFO - Epoch 68/200
2026-08-24 14:34:13,178 - INFO - Training loss: 2.181996433651401
2026-08-24 14:34:17,956 - INFO - Validation total loss: 2.353653225775952
2026-08-24 14:34:17,956 - INFO - Validation CE loss: 2.228484179328951
2026-08-24 14:34:17,956 - INFO - Validation COS align loss: 0.06258450966536232
2026-08-24 14:34:17,956 - INFO - Early stop metric (ce): 2.228484179328951
2026-08-24 14:34:18,019 - INFO - Best validation ce loss: 2.228484179328951
2026-08-24 14:34:18,019 - INFO - Best model saved to ./ckpt/causal_tiger_Beauty_cos2_token.pth
2026-08-24 14:34:18,019 - INFO - Epoch 69/200
2026-08-24 14:35:03,824 - INFO - Training loss: 2.180156102904086
2026-08-24 14:35:08,592 - INFO - Validation total loss: 2.35494220359131
2026-08-24 14:35:08,592 - INFO - Validation CE loss: 2.2299695194023363
2026-08-24 14:35:08,592 - INFO - Validation COS align loss: 0.0624863374898362
2026-08-24 14:35:08,593 - INFO - Early stop metric (ce): 2.2299695194023363
2026-08-24 14:35:08,593 - INFO - No improvement in validation loss. Early stop counter: 1
2026-08-24 14:35:08,593 - INFO - Epoch 70/200
2026-08-24 14:35:54,386 - INFO - Training loss: 2.175522909090213
2026-08-24 14:35:59,168 - INFO - Validation total loss: 2.351495502332761
2026-08-24 14:35:59,168 - INFO - Validation CE loss: 2.226404698109934
2026-08-24 14:35:59,168 - INFO - Validation COS align loss: 0.0625453967393212
2026-08-24 14:35:59,168 - INFO - Early stop metric (ce): 2.226404698109934
2026-08-24 14:35:59,231 - INFO - Best validation ce loss: 2.226404698109934
2026-08-24 14:35:59,231 - INFO - Best model saved to ./ckpt/causal_tiger_Beauty_cos2_token.pth
2026-08-24 14:35:59,232 - INFO - Epoch 71/200
2026-08-24 14:36:46,793 - INFO - Training loss: 2.169324304343198
2026-08-24 14:36:51,082 - INFO - Validation total loss: 2.3530551087702802
2026-08-24 14:36:51,082 - INFO - Validation CE loss: 2.228022003890107
2026-08-24 14:36:51,082 - INFO - Validation COS align loss: 0.06251655295171452
2026-08-24 14:36:51,082 - INFO - Early stop metric (ce): 2.228022003890107
2026-08-24 14:36:51,082 - INFO - No improvement in validation loss. Early stop counter: 1
2026-08-24 14:36:51,082 - INFO - Epoch 72/200
2026-08-24 14:37:37,498 - INFO - Training loss: 2.168149135456011
2026-08-24 14:37:42,295 - INFO - Validation total loss: 2.3558513647496957
2026-08-24 14:37:42,295 - INFO - Validation CE loss: 2.2309385476705854
2026-08-24 14:37:42,295 - INFO - Validation COS align loss: 0.06245640572560192
2026-08-24 14:37:42,295 - INFO - Early stop metric (ce): 2.2309385476705854
2026-08-24 14:37:42,295 - INFO - No improvement in validation loss. Early stop counter: 2
2026-08-24 14:37:42,296 - INFO - Epoch 73/200
2026-08-24 14:38:28,072 - INFO - Training loss: 2.1619820998336556
2026-08-24 14:38:32,870 - INFO - Validation total loss: 2.349522356823279
2026-08-24 14:38:32,870 - INFO - Validation CE loss: 2.224486927617773
2026-08-24 14:38:32,870 - INFO - Validation COS align loss: 0.06251770769577682
2026-08-24 14:38:32,870 - INFO - Early stop metric (ce): 2.224486927617773
2026-08-24 14:38:32,935 - INFO - Best validation ce loss: 2.224486927617773
2026-08-24 14:38:32,935 - INFO - Best model saved to ./ckpt/causal_tiger_Beauty_cos2_token.pth
2026-08-24 14:38:32,935 - INFO - Epoch 74/200
2026-08-24 14:39:18,786 - INFO - Training loss: 2.159886547563605
2026-08-24 14:39:23,565 - INFO - Validation total loss: 2.3498793328780474
2026-08-24 14:39:23,565 - INFO - Validation CE loss: 2.2248842010170606
2026-08-24 14:39:23,565 - INFO - Validation COS align loss: 0.06249755927933132
2026-08-24 14:39:23,565 - INFO - Early stop metric (ce): 2.2248842010170606
2026-08-24 14:39:23,565 - INFO - No improvement in validation loss. Early stop counter: 1
2026-08-24 14:39:23,565 - INFO - Epoch 75/200
2026-08-24 14:40:11,089 - INFO - Training loss: 2.1567432328420852
2026-08-24 14:40:15,528 - INFO - Validation total loss: 2.3508737020738133
2026-08-24 14:40:15,528 - INFO - Validation CE loss: 2.2257503987381897
2026-08-24 14:40:15,528 - INFO - Validation COS align loss: 0.06256164910967257
2026-08-24 14:40:15,528 - INFO - Early stop metric (ce): 2.2257503987381897
2026-08-24 14:40:15,528 - INFO - No improvement in validation loss. Early stop counter: 2
2026-08-24 14:40:15,528 - INFO - Epoch 76/200
2026-08-24 14:41:02,049 - INFO - Training loss: 2.1508097092001353
2026-08-24 14:41:06,862 - INFO - Validation total loss: 2.3476279549332646
2026-08-24 14:41:06,863 - INFO - Validation CE loss: 2.222587635588748
2026-08-24 14:41:06,863 - INFO - Validation COS align loss: 0.06252015430016579
2026-08-24 14:41:06,863 - INFO - Early stop metric (ce): 2.222587635588748
2026-08-24 14:41:06,925 - INFO - Best validation ce loss: 2.222587635588748
2026-08-24 14:41:06,925 - INFO - Best model saved to ./ckpt/causal_tiger_Beauty_cos2_token.pth
2026-08-24 14:41:06,925 - INFO - Epoch 77/200
2026-08-24 14:41:52,624 - INFO - Training loss: 2.148868755143904
2026-08-24 14:41:57,422 - INFO - Validation total loss: 2.347714346877495
2026-08-24 14:41:57,422 - INFO - Validation CE loss: 2.2228358073295955
2026-08-24 14:41:57,422 - INFO - Validation COS align loss: 0.06243926619255492
2026-08-24 14:41:57,422 - INFO - Early stop metric (ce): 2.2228358073295955
2026-08-24 14:41:57,422 - INFO - No improvement in validation loss. Early stop counter: 1
2026-08-24 14:41:57,422 - INFO - Epoch 78/200
2026-08-24 14:42:43,186 - INFO - Training loss: 2.14413489673852
2026-08-24 14:42:47,956 - INFO - Validation total loss: 2.3436038509458945
2026-08-24 14:42:47,956 - INFO - Validation CE loss: 2.2187577219991725
2026-08-24 14:42:47,956 - INFO - Validation COS align loss: 0.06242305807801275
2026-08-24 14:42:47,956 - INFO - Early stop metric (ce): 2.2187577219991725
2026-08-24 14:42:48,020 - INFO - Best validation ce loss: 2.2187577219991725
2026-08-24 14:42:48,020 - INFO - Best model saved to ./ckpt/causal_tiger_Beauty_cos2_token.pth
2026-08-24 14:42:48,020 - INFO - Epoch 79/200
2026-08-24 14:43:35,506 - INFO - Training loss: 2.141727218368174
2026-08-24 14:43:39,909 - INFO - Validation total loss: 2.348996500600561
2026-08-24 14:43:39,909 - INFO - Validation CE loss: 2.2241817912318678
2026-08-24 14:43:39,909 - INFO - Validation COS align loss: 0.06240734521923147
2026-08-24 14:43:39,909 - INFO - Early stop metric (ce): 2.2241817912318678
2026-08-24 14:43:39,909 - INFO - No improvement in validation loss. Early stop counter: 1
2026-08-24 14:43:39,909 - INFO - Epoch 80/200
2026-08-24 14:44:26,250 - INFO - Training loss: 2.134833571975797
2026-08-24 14:44:31,031 - INFO - Validation total loss: 2.347407822445227
2026-08-24 14:44:31,032 - INFO - Validation CE loss: 2.2224620278812783
2026-08-24 14:44:31,032 - INFO - Validation COS align loss: 0.06247289293313743
2026-08-24 14:44:31,032 - INFO - Early stop metric (ce): 2.2224620278812783
2026-08-24 14:44:31,032 - INFO - No improvement in validation loss. Early stop counter: 2
2026-08-24 14:44:31,032 - INFO - Epoch 81/200
2026-08-24 14:45:16,849 - INFO - Training loss: 2.1332790450363306
2026-08-24 14:45:21,639 - INFO - Validation total loss: 2.345383613406333
2026-08-24 14:45:21,640 - INFO - Validation CE loss: 2.220392603730951
2026-08-24 14:45:21,640 - INFO - Validation COS align loss: 0.0624955007446682
2026-08-24 14:45:21,640 - INFO - Early stop metric (ce): 2.220392603730951
2026-08-24 14:45:21,640 - INFO - No improvement in validation loss. Early stop counter: 3
2026-08-24 14:45:21,640 - INFO - Epoch 82/200
2026-08-24 14:46:07,540 - INFO - Training loss: 2.12941956937545
2026-08-24 14:46:12,339 - INFO - Validation total loss: 2.3441256474016052
2026-08-24 14:46:12,339 - INFO - Validation CE loss: 2.2193481159824158
2026-08-24 14:46:12,339 - INFO - Validation COS align loss: 0.06238875957006037
2026-08-24 14:46:12,339 - INFO - Early stop metric (ce): 2.2193481159824158
2026-08-24 14:46:12,339 - INFO - No improvement in validation loss. Early stop counter: 4
2026-08-24 14:46:12,340 - INFO - Epoch 83/200
2026-08-24 14:46:59,850 - INFO - Training loss: 2.1253997511900815
2026-08-24 14:47:04,275 - INFO - Validation total loss: 2.3446004559553746
2026-08-24 14:47:04,276 - INFO - Validation CE loss: 2.2197672282165724
2026-08-24 14:47:04,276 - INFO - Validation COS align loss: 0.06241660568335537
2026-08-24 14:47:04,276 - INFO - Early stop metric (ce): 2.2197672282165724
2026-08-24 14:47:04,276 - INFO - No improvement in validation loss. Early stop counter: 5
2026-08-24 14:47:04,276 - INFO - Epoch 84/200
2026-08-24 14:47:50,507 - INFO - Training loss: 2.1220339942535076
2026-08-24 14:47:55,288 - INFO - Validation total loss: 2.339243782948015
2026-08-24 14:47:55,288 - INFO - Validation CE loss: 2.2143947157225385
2026-08-24 14:47:55,289 - INFO - Validation COS align loss: 0.06242452875227376
2026-08-24 14:47:55,289 - INFO - Early stop metric (ce): 2.2143947157225385
2026-08-24 14:47:55,350 - INFO - Best validation ce loss: 2.2143947157225385
2026-08-24 14:47:55,351 - INFO - Best model saved to ./ckpt/causal_tiger_Beauty_cos2_token.pth
2026-08-24 14:47:55,351 - INFO - Epoch 85/200
2026-08-24 14:48:41,132 - INFO - Training loss: 2.118983120305993
2026-08-24 14:48:45,954 - INFO - Validation total loss: 2.3443676959803175
2026-08-24 14:48:45,954 - INFO - Validation CE loss: 2.219545118798514
2026-08-24 14:48:45,954 - INFO - Validation COS align loss: 0.06241128526532087
2026-08-24 14:48:45,954 - INFO - Early stop metric (ce): 2.219545118798514
2026-08-24 14:48:45,954 - INFO - No improvement in validation loss. Early stop counter: 1
2026-08-24 14:48:45,954 - INFO - Epoch 86/200
2026-08-24 14:49:31,787 - INFO - Training loss: 2.115640526383767
2026-08-24 14:49:36,558 - INFO - Validation total loss: 2.3424550438131897
2026-08-24 14:49:36,558 - INFO - Validation CE loss: 2.2178488657709865
2026-08-24 14:49:36,558 - INFO - Validation COS align loss: 0.062303086462962266
2026-08-24 14:49:36,558 - INFO - Early stop metric (ce): 2.2178488657709865
2026-08-24 14:49:36,558 - INFO - No improvement in validation loss. Early stop counter: 2
2026-08-24 14:49:36,559 - INFO - Epoch 87/200
2026-08-24 14:50:24,005 - INFO - Training loss: 2.110756630331626
2026-08-24 14:50:28,490 - INFO - Validation total loss: 2.340519773090346
2026-08-24 14:50:28,490 - INFO - Validation CE loss: 2.2157263499984414
2026-08-24 14:50:28,490 - INFO - Validation COS align loss: 0.0623967066854878
2026-08-24 14:50:28,490 - INFO - Early stop metric (ce): 2.2157263499984414
2026-08-24 14:50:28,490 - INFO - No improvement in validation loss. Early stop counter: 3
2026-08-24 14:50:28,490 - INFO - Epoch 88/200
2026-08-24 14:51:14,530 - INFO - Training loss: 2.108462001794971
2026-08-24 14:51:19,346 - INFO - Validation total loss: 2.3435946974119917
2026-08-24 14:51:19,346 - INFO - Validation CE loss: 2.218819576271614
2026-08-24 14:51:19,346 - INFO - Validation COS align loss: 0.062387556732979965
2026-08-24 14:51:19,346 - INFO - Early stop metric (ce): 2.218819576271614
2026-08-24 14:51:19,346 - INFO - No improvement in validation loss. Early stop counter: 4
2026-08-24 14:51:19,347 - INFO - Epoch 89/200
2026-08-24 14:52:05,068 - INFO - Training loss: 2.1063404825410954
2026-08-24 14:52:09,871 - INFO - Validation total loss: 2.340098713600584
2026-08-24 14:52:09,871 - INFO - Validation CE loss: 2.21526016493212
2026-08-24 14:52:09,871 - INFO - Validation COS align loss: 0.06241926947376759
2026-08-24 14:52:09,871 - INFO - Early stop metric (ce): 2.21526016493212
2026-08-24 14:52:09,871 - INFO - No improvement in validation loss. Early stop counter: 5
2026-08-24 14:52:09,871 - INFO - Epoch 90/200
2026-08-24 14:52:55,632 - INFO - Training loss: 2.1013650390888468
2026-08-24 14:53:00,443 - INFO - Validation total loss: 2.3480354987500562
2026-08-24 14:53:00,443 - INFO - Validation CE loss: 2.223101947952238
2026-08-24 14:53:00,443 - INFO - Validation COS align loss: 0.062466769771002906
2026-08-24 14:53:00,443 - INFO - Early stop metric (ce): 2.223101947952238
2026-08-24 14:53:00,443 - INFO - No improvement in validation loss. Early stop counter: 6
2026-08-24 14:53:00,443 - INFO - Epoch 91/200
2026-08-24 14:53:48,068 - INFO - Training loss: 2.0976500805713787
2026-08-24 14:53:52,756 - INFO - Validation total loss: 2.340698283629356
2026-08-24 14:53:52,756 - INFO - Validation CE loss: 2.2160310637797407
2026-08-24 14:53:52,756 - INFO - Validation COS align loss: 0.06233360557597083
2026-08-24 14:53:52,756 - INFO - Early stop metric (ce): 2.2160310637797407
2026-08-24 14:53:52,756 - INFO - No improvement in validation loss. Early stop counter: 7
2026-08-24 14:53:52,757 - INFO - Epoch 92/200
2026-08-24 14:54:38,768 - INFO - Training loss: 2.0958067642575573
2026-08-24 14:54:43,625 - INFO - Validation total loss: 2.3475626599635175
2026-08-24 14:54:43,626 - INFO - Validation CE loss: 2.222791384218077
2026-08-24 14:54:43,626 - INFO - Validation COS align loss: 0.06238563275644196
2026-08-24 14:54:43,626 - INFO - Early stop metric (ce): 2.222791384218077
2026-08-24 14:54:43,626 - INFO - No improvement in validation loss. Early stop counter: 8
2026-08-24 14:54:43,626 - INFO - Epoch 93/200
2026-08-24 14:55:29,347 - INFO - Training loss: 2.091792438512646
2026-08-24 14:55:34,146 - INFO - Validation total loss: 2.3371400659176413
2026-08-24 14:55:34,146 - INFO - Validation CE loss: 2.2125663015463832
2026-08-24 14:55:34,146 - INFO - Validation COS align loss: 0.06228687604609477
2026-08-24 14:55:34,146 - INFO - Early stop metric (ce): 2.2125663015463832
2026-08-24 14:55:34,214 - INFO - Best validation ce loss: 2.2125663015463832
2026-08-24 14:55:34,214 - INFO - Best model saved to ./ckpt/causal_tiger_Beauty_cos2_token.pth
2026-08-24 14:55:34,214 - INFO - Epoch 94/200
2026-08-24 14:56:20,008 - INFO - Training loss: 2.0885892640291948
2026-08-24 14:56:24,819 - INFO - Validation total loss: 2.3426964436477857
2026-08-24 14:56:24,819 - INFO - Validation CE loss: 2.21802970984463
2026-08-24 14:56:24,819 - INFO - Validation COS align loss: 0.06233336255274106
2026-08-24 14:56:24,819 - INFO - Early stop metric (ce): 2.21802970984463
2026-08-24 14:56:24,819 - INFO - No improvement in validation loss. Early stop counter: 1
2026-08-24 14:56:24,819 - INFO - Epoch 95/200
2026-08-24 14:57:12,367 - INFO - Training loss: 2.0846314908001675
2026-08-24 14:57:17,148 - INFO - Validation total loss: 2.3418745774567893
2026-08-24 14:57:17,148 - INFO - Validation CE loss: 2.2172535719278033
2026-08-24 14:57:17,148 - INFO - Validation COS align loss: 0.06231049867147028
2026-08-24 14:57:17,148 - INFO - Early stop metric (ce): 2.2172535719278033
2026-08-24 14:57:17,148 - INFO - No improvement in validation loss. Early stop counter: 2
2026-08-24 14:57:17,148 - INFO - Epoch 96/200
2026-08-24 14:58:03,042 - INFO - Training loss: 2.0840326675181258
2026-08-24 14:58:07,854 - INFO - Validation total loss: 2.3394678273426104
2026-08-24 14:58:07,854 - INFO - Validation CE loss: 2.2148964328315635
2026-08-24 14:58:07,854 - INFO - Validation COS align loss: 0.06228569137180312
2026-08-24 14:58:07,854 - INFO - Early stop metric (ce): 2.2148964328315635
2026-08-24 14:58:07,854 - INFO - No improvement in validation loss. Early stop counter: 3
2026-08-24 14:58:07,855 - INFO - Epoch 97/200
2026-08-24 14:58:53,490 - INFO - Training loss: 2.0792641472723696
2026-08-24 14:58:58,292 - INFO - Validation total loss: 2.3386184151080545
2026-08-24 14:58:58,293 - INFO - Validation CE loss: 2.2139062538679064
2026-08-24 14:58:58,293 - INFO - Validation COS align loss: 0.06235607550379545
2026-08-24 14:58:58,293 - INFO - Early stop metric (ce): 2.2139062538679064
2026-08-24 14:58:58,293 - INFO - No improvement in validation loss. Early stop counter: 4
2026-08-24 14:58:58,293 - INFO - Epoch 98/200
2026-08-24 14:59:44,045 - INFO - Training loss: 2.0745960485610517
2026-08-24 14:59:48,875 - INFO - Validation total loss: 2.341625642367187
2026-08-24 14:59:48,875 - INFO - Validation CE loss: 2.2170267391614136
2026-08-24 14:59:48,875 - INFO - Validation COS align loss: 0.06229944316102711
2026-08-24 14:59:48,875 - INFO - Early stop metric (ce): 2.2170267391614136
2026-08-24 14:59:48,875 - INFO - No improvement in validation loss. Early stop counter: 5
2026-08-24 14:59:48,875 - INFO - Epoch 99/200
2026-08-24 15:00:36,274 - INFO - Training loss: 2.0729680096129037
2026-08-24 15:00:41,077 - INFO - Validation total loss: 2.3440714189423
2026-08-24 15:00:41,077 - INFO - Validation CE loss: 2.2192971726855495
2026-08-24 15:00:41,077 - INFO - Validation COS align loss: 0.06238711494232964
2026-08-24 15:00:41,077 - INFO - Early stop metric (ce): 2.2192971726855495
2026-08-24 15:00:41,077 - INFO - No improvement in validation loss. Early stop counter: 6
2026-08-24 15:00:41,077 - INFO - Epoch 100/200
2026-08-24 15:01:26,868 - INFO - Training loss: 2.0691184930300435
2026-08-24 15:01:31,687 - INFO - Validation total loss: 2.3427348929925027
2026-08-24 15:01:31,687 - INFO - Validation CE loss: 2.2181547240637913
2026-08-24 15:01:31,687 - INFO - Validation COS align loss: 0.06229008062714671
2026-08-24 15:01:31,687 - INFO - Early stop metric (ce): 2.2181547240637913
2026-08-24 15:01:31,687 - INFO - No improvement in validation loss. Early stop counter: 7
2026-08-24 15:01:31,687 - INFO - Epoch 101/200
2026-08-24 15:02:17,477 - INFO - Training loss: 2.066214840467802
2026-08-24 15:02:22,283 - INFO - Validation total loss: 2.345742308019057
2026-08-24 15:02:22,283 - INFO - Validation CE loss: 2.221133544721317
2026-08-24 15:02:22,283 - INFO - Validation COS align loss: 0.062304378323288945
2026-08-24 15:02:22,283 - INFO - Early stop metric (ce): 2.221133544721317
2026-08-24 15:02:22,283 - INFO - No improvement in validation loss. Early stop counter: 8
2026-08-24 15:02:22,283 - INFO - Epoch 102/200
2026-08-24 15:03:08,247 - INFO - Training loss: 2.0627538056225165
2026-08-24 15:03:13,084 - INFO - Validation total loss: 2.3421636436118587
2026-08-24 15:03:13,084 - INFO - Validation CE loss: 2.2176062753783787
2026-08-24 15:03:13,084 - INFO - Validation COS align loss: 0.062278677465578004
2026-08-24 15:03:13,084 - INFO - Early stop metric (ce): 2.2176062753783787
2026-08-24 15:03:13,084 - INFO - No improvement in validation loss. Early stop counter: 9
2026-08-24 15:03:13,084 - INFO - Epoch 103/200
2026-08-24 15:04:00,527 - INFO - Training loss: 2.059918371156032
2026-08-24 15:04:05,317 - INFO - Validation total loss: 2.3408028634321023
2026-08-24 15:04:05,317 - INFO - Validation CE loss: 2.2161254493975333
2026-08-24 15:04:05,317 - INFO - Validation COS align loss: 0.06233869678472756
2026-08-24 15:04:05,317 - INFO - Early stop metric (ce): 2.2161254493975333
2026-08-24 15:04:05,317 - INFO - No improvement in validation loss. Early stop counter: 10
2026-08-24 15:04:05,317 - INFO - Early stopping triggered.
2026-08-24 15:04:05,317 - INFO - Loading best model for final testing...
2026-08-24 15:50:58,420 - INFO - Final Epoch: 93
2026-08-24 15:50:58,422 - INFO - Final Test Recalls: {'Recall@5': 0.03705892665511549, 'Recall@10': 0.057246223016134405, 'Recall@20': 0.08553280585441467}
2026-08-24 15:50:58,422 - INFO - Final Test NDCGs: {'NDCG@5': 0.024121426545531198, 'NDCG@10': 0.03061078246203231, 'NDCG@20': 0.03771889559093207}
2026-08-25 17:46:31,732 - INFO - Configuration: {'batch_size': 256, 'infer_size': 96, 'num_epochs': 120, 'lr': 0.001, 'device': 'cuda', 'num_layers': 4, 'num_decoder_layers': 0, 'd_model': 128, 'd_ff': 1024, 'num_heads': 6, 'd_kv': 64, 'dropout_rate': 0.1, 'vocab_size': 1025, 'pad_token_id': 0, 'eos_token_id': 0, 'feed_forward_proj': 'relu', 'max_len': 20, 'dataset_path': '../data/Beauty', 'code_path': '../data/Beauty/Beauty_t5_rqvae.npy', 'item_emb_path': '../data/Beauty/item_emb.parquet', 'item_emb_dim': 768, 'mse_loss_weight': 2.0, 'mse_loss_mode': 'token', 'align_loss_type': 'cos', 'early_stop_metric': 'ce', 'mode': 'train', 'model_type': 'causal', 'log_path': './logs/causal_tiger_Beauty_cos2_token.log', 'tensorboard_dir': None, 'seed': 2025, 'save_path': './ckpt/causal_tiger_Beauty_cos2_token.pth', 'early_stop': 10, 'topk_list': [5, 10, 20], 'beam_size': 30}
2026-08-25 17:46:31,740 - INFO - TensorBoard dir: ./runs/causal_tiger_Beauty_cos2_token
2026-08-25 17:46:32,407 - INFO - #Embedding parameters: 131200
#Non-embedding parameters: 1934784
#Total trainable parameters: 2065984

2026-08-25 17:46:36,729 - INFO - Epoch 1/120
2026-08-25 17:46:49,476 - INFO - Training total loss: 4.432634689928492
2026-08-25 17:46:49,476 - INFO - Training CE loss: 4.233054289558054
2026-08-25 17:46:49,476 - INFO - Training COS align loss: 0.09979020064906852
2026-08-25 17:46:49,476 - INFO - Training geometry effective rank: 58.26320771391754
2026-08-25 17:46:49,476 - INFO - Training geometry avg cosine: 0.7271681913837849
2026-08-25 17:46:51,455 - INFO - Validation total loss: 3.6108276618908404
2026-08-25 17:46:51,455 - INFO - Validation CE loss: 3.4670303174866115
2026-08-25 17:46:51,455 - INFO - Validation COS align loss: 0.07189866555095231
2026-08-25 17:46:51,455 - INFO - Early stop metric (ce): 3.4670303174866115
2026-08-25 17:46:51,494 - INFO - Best validation ce loss: 3.4670303174866115
2026-08-25 17:46:51,494 - INFO - Best model saved to ./ckpt/causal_tiger_Beauty_cos2_token.pth
2026-08-25 17:46:51,494 - INFO - Epoch 2/120
2026-08-25 17:47:03,615 - INFO - Training total loss: 3.4368524013326325
2026-08-25 17:47:03,616 - INFO - Training CE loss: 3.292045329331424
2026-08-25 17:47:03,616 - INFO - Training COS align loss: 0.07240353623252899
2026-08-25 17:47:03,616 - INFO - Training geometry effective rank: 58.247103049133536
2026-08-25 17:47:03,616 - INFO - Training geometry avg cosine: 0.6975758229944029
2026-08-25 17:47:05,716 - INFO - Validation total loss: 3.245021973556715
2026-08-25 17:47:05,717 - INFO - Validation CE loss: 3.110056467322321
2026-08-25 17:47:05,717 - INFO - Validation COS align loss: 0.06748274953580209
2026-08-25 17:47:05,717 - INFO - Early stop metric (ce): 3.110056467322321
2026-08-25 17:47:05,753 - INFO - Best validation ce loss: 3.110056467322321
2026-08-25 17:47:05,753 - INFO - Best model saved to ./ckpt/causal_tiger_Beauty_cos2_token.pth
2026-08-25 17:47:05,753 - INFO - Epoch 3/120
2026-08-25 17:47:18,025 - INFO - Training total loss: 3.1525818364629488
2026-08-25 17:47:18,025 - INFO - Training CE loss: 3.01598272620472
2026-08-25 17:47:18,025 - INFO - Training COS align loss: 0.06829955501315195
2026-08-25 17:47:18,025 - INFO - Training geometry effective rank: 56.95613496683915
2026-08-25 17:47:18,025 - INFO - Training geometry avg cosine: 0.688910255404298
2026-08-25 17:47:20,176 - INFO - Validation total loss: 3.0310948324817444
2026-08-25 17:47:20,176 - INFO - Validation CE loss: 2.8995920066669774
2026-08-25 17:47:20,176 - INFO - Validation COS align loss: 0.06575140830273281
2026-08-25 17:47:20,176 - INFO - Early stop metric (ce): 2.8995920066669774
2026-08-25 17:47:20,213 - INFO - Best validation ce loss: 2.8995920066669774
2026-08-25 17:47:20,214 - INFO - Best model saved to ./ckpt/causal_tiger_Beauty_cos2_token.pth
2026-08-25 17:47:20,214 - INFO - Epoch 4/120
2026-08-25 17:47:32,489 - INFO - Training total loss: 2.970631660190538
2026-08-25 17:47:32,489 - INFO - Training CE loss: 2.8364315543193297
2026-08-25 17:47:32,489 - INFO - Training COS align loss: 0.06710005444311447
2026-08-25 17:47:32,489 - INFO - Training geometry effective rank: 54.36989460659398
2026-08-25 17:47:32,489 - INFO - Training geometry avg cosine: 0.6832606508342208
2026-08-25 17:47:34,670 - INFO - Validation total loss: 2.8777997319790427
2026-08-25 17:47:34,671 - INFO - Validation CE loss: 2.7476253749986577
2026-08-25 17:47:34,671 - INFO - Validation COS align loss: 0.06508717209484444
2026-08-25 17:47:34,671 - INFO - Early stop metric (ce): 2.7476253749986577
2026-08-25 17:47:34,705 - INFO - Best validation ce loss: 2.7476253749986577
2026-08-25 17:47:34,705 - INFO - Best model saved to ./ckpt/causal_tiger_Beauty_cos2_token.pth
2026-08-25 17:47:34,706 - INFO - Epoch 5/120
2026-08-25 17:47:46,848 - INFO - Training total loss: 2.8474808769003426
2026-08-25 17:47:46,848 - INFO - Training CE loss: 2.714104005334906
2026-08-25 17:47:46,848 - INFO - Training COS align loss: 0.06668843601464297
2026-08-25 17:47:46,848 - INFO - Training geometry effective rank: 51.455683162704055
2026-08-25 17:47:46,848 - INFO - Training geometry avg cosine: 0.6793961458864843
2026-08-25 17:47:48,864 - INFO - Validation total loss: 2.775451597226024
2026-08-25 17:47:48,864 - INFO - Validation CE loss: 2.646215281261395
2026-08-25 17:47:48,864 - INFO - Validation COS align loss: 0.06461814979626897
2026-08-25 17:47:48,865 - INFO - Early stop metric (ce): 2.646215281261395
2026-08-25 17:47:48,900 - INFO - Best validation ce loss: 2.646215281261395
2026-08-25 17:47:48,900 - INFO - Best model saved to ./ckpt/causal_tiger_Beauty_cos2_token.pth
2026-08-25 17:47:48,900 - INFO - Epoch 6/120
2026-08-25 17:48:01,082 - INFO - Training total loss: 2.7499593746801296
2026-08-25 17:48:01,082 - INFO - Training CE loss: 2.6170927105246813
2026-08-25 17:48:01,082 - INFO - Training COS align loss: 0.06643333161387462
2026-08-25 17:48:01,082 - INFO - Training geometry effective rank: 49.157995379852416
2026-08-25 17:48:01,082 - INFO - Training geometry avg cosine: 0.6727055143057604
2026-08-25 17:48:03,085 - INFO - Validation total loss: 2.7042366931366817
2026-08-25 17:48:03,085 - INFO - Validation CE loss: 2.57477062710365
2026-08-25 17:48:03,086 - INFO - Validation COS align loss: 0.06473302636535383
2026-08-25 17:48:03,086 - INFO - Early stop metric (ce): 2.57477062710365
2026-08-25 17:48:03,121 - INFO - Best validation ce loss: 2.57477062710365
2026-08-25 17:48:03,121 - INFO - Best model saved to ./ckpt/causal_tiger_Beauty_cos2_token.pth
2026-08-25 17:48:03,121 - INFO - Epoch 7/120
2026-08-25 17:48:15,464 - INFO - Training total loss: 2.6814148704365532
2026-08-25 17:48:15,465 - INFO - Training CE loss: 2.5488918982591144
2026-08-25 17:48:15,465 - INFO - Training COS align loss: 0.06626148608871935
2026-08-25 17:48:15,465 - INFO - Training geometry effective rank: 48.21469180778771
2026-08-25 17:48:15,465 - INFO - Training geometry avg cosine: 0.6671274943342469
2026-08-25 17:48:17,507 - INFO - Validation total loss: 2.64268407596539
2026-08-25 17:48:17,507 - INFO - Validation CE loss: 2.513466837580112
2026-08-25 17:48:17,507 - INFO - Validation COS align loss: 0.0646086120298492
2026-08-25 17:48:17,507 - INFO - Early stop metric (ce): 2.513466837580112
2026-08-25 17:48:17,544 - INFO - Best validation ce loss: 2.513466837580112
2026-08-25 17:48:17,544 - INFO - Best model saved to ./ckpt/causal_tiger_Beauty_cos2_token.pth
2026-08-25 17:48:17,544 - INFO - Epoch 8/120
2026-08-25 17:48:29,966 - INFO - Training total loss: 2.6230975565743355
2026-08-25 17:48:29,966 - INFO - Training CE loss: 2.49083360438217
2026-08-25 17:48:29,966 - INFO - Training COS align loss: 0.06613197598012041
2026-08-25 17:48:29,966 - INFO - Training geometry effective rank: 47.68891140088033
2026-08-25 17:48:29,966 - INFO - Training geometry avg cosine: 0.6608555725112499
2026-08-25 17:48:32,081 - INFO - Validation total loss: 2.595107167575492
2026-08-25 17:48:32,081 - INFO - Validation CE loss: 2.4661383644194053
2026-08-25 17:48:32,081 - INFO - Validation COS align loss: 0.06448439620595121
2026-08-25 17:48:32,081 - INFO - Early stop metric (ce): 2.4661383644194053
2026-08-25 17:48:32,115 - INFO - Best validation ce loss: 2.4661383644194053
2026-08-25 17:48:32,115 - INFO - Best model saved to ./ckpt/causal_tiger_Beauty_cos2_token.pth
2026-08-25 17:48:32,116 - INFO - Epoch 9/120
2026-08-25 17:48:44,338 - INFO - Training total loss: 2.580846956267895
2026-08-25 17:48:44,338 - INFO - Training CE loss: 2.448745534113873
2026-08-25 17:48:44,338 - INFO - Training COS align loss: 0.06605071142489809
2026-08-25 17:48:44,338 - INFO - Training geometry effective rank: 47.31384782011871
2026-08-25 17:48:44,338 - INFO - Training geometry avg cosine: 0.6550071304410349
2026-08-25 17:48:46,339 - INFO - Validation total loss: 2.566876754740277
2026-08-25 17:48:46,340 - INFO - Validation CE loss: 2.438424362133501
2026-08-25 17:48:46,340 - INFO - Validation COS align loss: 0.064226189652226
2026-08-25 17:48:46,340 - INFO - Early stop metric (ce): 2.438424362133501
2026-08-25 17:48:46,376 - INFO - Best validation ce loss: 2.438424362133501
2026-08-25 17:48:46,376 - INFO - Best model saved to ./ckpt/causal_tiger_Beauty_cos2_token.pth
2026-08-25 17:48:46,376 - INFO - Epoch 10/120
2026-08-25 17:48:58,498 - INFO - Training total loss: 2.543438557984764
2026-08-25 17:48:58,498 - INFO - Training CE loss: 2.4115917483192475
2026-08-25 17:48:58,498 - INFO - Training COS align loss: 0.0659234063402688
2026-08-25 17:48:58,498 - INFO - Training geometry effective rank: 47.44885895873786
2026-08-25 17:48:58,498 - INFO - Training geometry avg cosine: 0.650844101775945
2026-08-25 17:49:00,631 - INFO - Validation total loss: 2.539032411166015
2026-08-25 17:49:00,631 - INFO - Validation CE loss: 2.4107094859872253
2026-08-25 17:49:00,631 - INFO - Validation COS align loss: 0.06416145696148852
2026-08-25 17:49:00,631 - INFO - Early stop metric (ce): 2.4107094859872253
2026-08-25 17:49:00,667 - INFO - Best validation ce loss: 2.4107094859872253
2026-08-25 17:49:00,667 - INFO - Best model saved to ./ckpt/causal_tiger_Beauty_cos2_token.pth
2026-08-25 17:49:00,667 - INFO - Epoch 11/120
2026-08-25 17:49:12,844 - INFO - Training total loss: 2.513335498854344
2026-08-25 17:49:12,844 - INFO - Training CE loss: 2.381695906011975
2026-08-25 17:49:12,844 - INFO - Training COS align loss: 0.06581979329020132
2026-08-25 17:49:12,844 - INFO - Training geometry effective rank: 47.18983388967551
2026-08-25 17:49:12,844 - INFO - Training geometry avg cosine: 0.6459961839687036
2026-08-25 17:49:14,823 - INFO - Validation total loss: 2.518744080363425
2026-08-25 17:49:14,823 - INFO - Validation CE loss: 2.3906730582274083
2026-08-25 17:49:14,823 - INFO - Validation COS align loss: 0.06403550339359071
2026-08-25 17:49:14,823 - INFO - Early stop metric (ce): 2.3906730582274083
2026-08-25 17:49:14,858 - INFO - Best validation ce loss: 2.3906730582274083
2026-08-25 17:49:14,858 - INFO - Best model saved to ./ckpt/causal_tiger_Beauty_cos2_token.pth
2026-08-25 17:49:14,858 - INFO - Epoch 12/120
2026-08-25 17:49:27,023 - INFO - Training total loss: 2.486313579611277
2026-08-25 17:49:27,023 - INFO - Training CE loss: 2.3548166816800484
2026-08-25 17:49:27,023 - INFO - Training COS align loss: 0.06574844896561441
2026-08-25 17:49:27,023 - INFO - Training geometry effective rank: 46.9934648150136
2026-08-25 17:49:27,023 - INFO - Training geometry avg cosine: 0.642596331899732
2026-08-25 17:49:29,015 - INFO - Validation total loss: 2.49892402053391
2026-08-25 17:49:29,015 - INFO - Validation CE loss: 2.37092724020389
2026-08-25 17:49:29,015 - INFO - Validation COS align loss: 0.06399838376966158
2026-08-25 17:49:29,015 - INFO - Early stop metric (ce): 2.37092724020389
2026-08-25 17:49:29,054 - INFO - Best validation ce loss: 2.37092724020389
2026-08-25 17:49:29,054 - INFO - Best model saved to ./ckpt/causal_tiger_Beauty_cos2_token.pth
2026-08-25 17:49:29,054 - INFO - Epoch 13/120
2026-08-25 17:49:41,288 - INFO - Training total loss: 2.462580698937294
2026-08-25 17:49:41,289 - INFO - Training CE loss: 2.331300776756227
2026-08-25 17:49:41,289 - INFO - Training COS align loss: 0.06563995935109802
2026-08-25 17:49:41,289 - INFO - Training geometry effective rank: 46.819629453963344
2026-08-25 17:49:41,289 - INFO - Training geometry avg cosine: 0.639916458714333
2026-08-25 17:49:43,290 - INFO - Validation total loss: 2.4830180815872716
2026-08-25 17:49:43,291 - INFO - Validation CE loss: 2.354876872295985
2026-08-25 17:49:43,291 - INFO - Validation COS align loss: 0.06407060080843421
2026-08-25 17:49:43,291 - INFO - Early stop metric (ce): 2.354876872295985
2026-08-25 17:49:43,326 - INFO - Best validation ce loss: 2.354876872295985
2026-08-25 17:49:43,326 - INFO - Best model saved to ./ckpt/causal_tiger_Beauty_cos2_token.pth
2026-08-25 17:49:43,326 - INFO - Epoch 14/120
2026-08-25 17:49:55,511 - INFO - Training total loss: 2.441173717669476
2026-08-25 17:49:55,511 - INFO - Training CE loss: 2.310012815527415
2026-08-25 17:49:55,511 - INFO - Training COS align loss: 0.06558044851985886
2026-08-25 17:49:55,511 - INFO - Training geometry effective rank: 47.01431033212387
2026-08-25 17:49:55,511 - INFO - Training geometry avg cosine: 0.6360437956997392
2026-08-25 17:49:57,490 - INFO - Validation total loss: 2.465184914707626
2026-08-25 17:49:57,490 - INFO - Validation CE loss: 2.337358087940789
2026-08-25 17:49:57,490 - INFO - Validation COS align loss: 0.06391340980202344
2026-08-25 17:49:57,490 - INFO - Early stop metric (ce): 2.337358087940789
2026-08-25 17:49:57,526 - INFO - Best validation ce loss: 2.337358087940789
2026-08-25 17:49:57,527 - INFO - Best model saved to ./ckpt/causal_tiger_Beauty_cos2_token.pth
2026-08-25 17:49:57,527 - INFO - Epoch 15/120
2026-08-25 17:50:09,760 - INFO - Training total loss: 2.424761205795674
2026-08-25 17:50:09,760 - INFO - Training CE loss: 2.2937456378677012
2026-08-25 17:50:09,760 - INFO - Training COS align loss: 0.06550778338417469
2026-08-25 17:50:09,760 - INFO - Training geometry effective rank: 46.60272454287755
2026-08-25 17:50:09,760 - INFO - Training geometry avg cosine: 0.633967297434343
2026-08-25 17:50:11,759 - INFO - Validation total loss: 2.451364274188684
2026-08-25 17:50:11,759 - INFO - Validation CE loss: 2.3238953602672137
2026-08-25 17:50:11,759 - INFO - Validation COS align loss: 0.06373445158864295
2026-08-25 17:50:11,759 - INFO - Early stop metric (ce): 2.3238953602672137
2026-08-25 17:50:11,797 - INFO - Best validation ce loss: 2.3238953602672137
2026-08-25 17:50:11,797 - INFO - Best model saved to ./ckpt/causal_tiger_Beauty_cos2_token.pth
2026-08-25 17:50:11,797 - INFO - Epoch 16/120
2026-08-25 17:50:23,943 - INFO - Training total loss: 2.4062969392375724
2026-08-25 17:50:23,943 - INFO - Training CE loss: 2.2754784980172778
2026-08-25 17:50:23,943 - INFO - Training COS align loss: 0.0654092218857331
2026-08-25 17:50:23,943 - INFO - Training geometry effective rank: 46.05229764411422
2026-08-25 17:50:23,944 - INFO - Training geometry avg cosine: 0.6332664504821198
2026-08-25 17:50:25,926 - INFO - Validation total loss: 2.4459926846712956
2026-08-25 17:50:25,926 - INFO - Validation CE loss: 2.318571190977301
2026-08-25 17:50:25,927 - INFO - Validation COS align loss: 0.06371073994002117
2026-08-25 17:50:25,927 - INFO - Early stop metric (ce): 2.318571190977301
2026-08-25 17:50:25,962 - INFO - Best validation ce loss: 2.318571190977301
2026-08-25 17:50:25,962 - INFO - Best model saved to ./ckpt/causal_tiger_Beauty_cos2_token.pth
2026-08-25 17:50:25,962 - INFO - Epoch 17/120
2026-08-25 17:50:38,151 - INFO - Training total loss: 2.390482723944846
2026-08-25 17:50:38,151 - INFO - Training CE loss: 2.259831114965654
2026-08-25 17:50:38,151 - INFO - Training COS align loss: 0.0653258050694076
2026-08-25 17:50:38,151 - INFO - Training geometry effective rank: 46.2572744421458
2026-08-25 17:50:38,151 - INFO - Training geometry avg cosine: 0.6306294579682183
2026-08-25 17:50:40,114 - INFO - Validation total loss: 2.4279481203259317
2026-08-25 17:50:40,114 - INFO - Validation CE loss: 2.3006826536849845
2026-08-25 17:50:40,114 - INFO - Validation COS align loss: 0.06363272794838115
2026-08-25 17:50:40,114 - INFO - Early stop metric (ce): 2.3006826536849845
2026-08-25 17:50:40,150 - INFO - Best validation ce loss: 2.3006826536849845
2026-08-25 17:50:40,150 - INFO - Best model saved to ./ckpt/causal_tiger_Beauty_cos2_token.pth
2026-08-25 17:50:40,150 - INFO - Epoch 18/120
2026-08-25 17:50:52,365 - INFO - Training total loss: 2.375823491742175
2026-08-25 17:50:52,365 - INFO - Training CE loss: 2.2452901778054146
2026-08-25 17:50:52,365 - INFO - Training COS align loss: 0.06526665673645554
2026-08-25 17:50:52,365 - INFO - Training geometry effective rank: 46.02238617240223
2026-08-25 17:50:52,365 - INFO - Training geometry avg cosine: 0.6302931721572282
2026-08-25 17:50:54,349 - INFO - Validation total loss: 2.4185520579374913
2026-08-25 17:50:54,349 - INFO - Validation CE loss: 2.2914620433242536
2026-08-25 17:50:54,349 - INFO - Validation COS align loss: 0.06354500346940986
2026-08-25 17:50:54,349 - INFO - Early stop metric (ce): 2.2914620433242536
2026-08-25 17:50:54,384 - INFO - Best validation ce loss: 2.2914620433242536
2026-08-25 17:50:54,384 - INFO - Best model saved to ./ckpt/causal_tiger_Beauty_cos2_token.pth
2026-08-25 17:50:54,384 - INFO - Epoch 19/120
2026-08-25 17:51:06,593 - INFO - Training total loss: 2.3639577924045607
2026-08-25 17:51:06,594 - INFO - Training CE loss: 2.233557356934603
2026-08-25 17:51:06,594 - INFO - Training COS align loss: 0.06520021576361898
2026-08-25 17:51:06,594 - INFO - Training geometry effective rank: 45.63536989828028
2026-08-25 17:51:06,594 - INFO - Training geometry avg cosine: 0.6297154222480982
2026-08-25 17:51:08,618 - INFO - Validation total loss: 2.4056436979719495
2026-08-25 17:51:08,618 - INFO - Validation CE loss: 2.2786594721380733
2026-08-25 17:51:08,618 - INFO - Validation COS align loss: 0.06349210524252044
2026-08-25 17:51:08,618 - INFO - Early stop metric (ce): 2.2786594721380733
2026-08-25 17:51:08,653 - INFO - Best validation ce loss: 2.2786594721380733
2026-08-25 17:51:08,653 - INFO - Best model saved to ./ckpt/causal_tiger_Beauty_cos2_token.pth
2026-08-25 17:51:08,653 - INFO - Epoch 20/120
2026-08-25 17:51:20,872 - INFO - Training total loss: 2.3511276068854423
2026-08-25 17:51:20,872 - INFO - Training CE loss: 2.220854221614882
2026-08-25 17:51:20,872 - INFO - Training COS align loss: 0.06513669263528014
2026-08-25 17:51:20,872 - INFO - Training geometry effective rank: 45.28471770453546
2026-08-25 17:51:20,872 - INFO - Training geometry avg cosine: 0.6278597405216573
2026-08-25 17:51:22,826 - INFO - Validation total loss: 2.3979711634918344
2026-08-25 17:51:22,826 - INFO - Validation CE loss: 2.270919452409376
2026-08-25 17:51:22,826 - INFO - Validation COS align loss: 0.06352584863425324
2026-08-25 17:51:22,826 - INFO - Early stop metric (ce): 2.270919452409376
2026-08-25 17:51:22,866 - INFO - Best validation ce loss: 2.270919452409376
2026-08-25 17:51:22,866 - INFO - Best model saved to ./ckpt/causal_tiger_Beauty_cos2_token.pth
2026-08-25 17:51:22,866 - INFO - Epoch 21/120
2026-08-25 17:51:35,008 - INFO - Training total loss: 2.3419526639151664
2026-08-25 17:51:35,009 - INFO - Training CE loss: 2.2117860822826043
2026-08-25 17:51:35,009 - INFO - Training COS align loss: 0.06508329070031875
2026-08-25 17:51:35,009 - INFO - Training geometry effective rank: 45.0390139850661
2026-08-25 17:51:35,009 - INFO - Training geometry avg cosine: 0.62720256672759
2026-08-25 17:51:36,992 - INFO - Validation total loss: 2.397654016130472
2026-08-25 17:51:36,992 - INFO - Validation CE loss: 2.2709094142709167
2026-08-25 17:51:36,992 - INFO - Validation COS align loss: 0.06337229939489405
2026-08-25 17:51:36,992 - INFO - Early stop metric (ce): 2.2709094142709167
2026-08-25 17:51:37,028 - INFO - Best validation ce loss: 2.2709094142709167
2026-08-25 17:51:37,028 - INFO - Best model saved to ./ckpt/causal_tiger_Beauty_cos2_token.pth
2026-08-25 17:51:37,028 - INFO - Epoch 22/120
2026-08-25 17:51:49,231 - INFO - Training total loss: 2.332085332981807
2026-08-25 17:51:49,231 - INFO - Training CE loss: 2.201960434245692
2026-08-25 17:51:49,231 - INFO - Training COS align loss: 0.06506244913613286
2026-08-25 17:51:49,231 - INFO - Training geometry effective rank: 44.563737379437754
2026-08-25 17:51:49,231 - INFO - Training geometry avg cosine: 0.6289904816837162
2026-08-25 17:51:51,151 - INFO - Validation total loss: 2.3933062220847656
2026-08-25 17:51:51,151 - INFO - Validation CE loss: 2.266616998823927
2026-08-25 17:51:51,151 - INFO - Validation COS align loss: 0.06334460267693189
2026-08-25 17:51:51,151 - INFO - Early stop metric (ce): 2.266616998823927
2026-08-25 17:51:51,190 - INFO - Best validation ce loss: 2.266616998823927
2026-08-25 17:51:51,190 - INFO - Best model saved to ./ckpt/causal_tiger_Beauty_cos2_token.pth
2026-08-25 17:51:51,190 - INFO - Epoch 23/120
2026-08-25 17:52:03,468 - INFO - Training total loss: 2.3220639136050925
2026-08-25 17:52:03,468 - INFO - Training CE loss: 2.192040066310868
2026-08-25 17:52:03,468 - INFO - Training COS align loss: 0.06501192364711242
2026-08-25 17:52:03,468 - INFO - Training geometry effective rank: 44.25459845056793
2026-08-25 17:52:03,468 - INFO - Training geometry avg cosine: 0.628036503545969
2026-08-25 17:52:05,384 - INFO - Validation total loss: 2.388035728696078
2026-08-25 17:52:05,384 - INFO - Validation CE loss: 2.2617339939518546
2026-08-25 17:52:05,384 - INFO - Validation COS align loss: 0.0631508643023446
2026-08-25 17:52:05,384 - INFO - Early stop metric (ce): 2.2617339939518546
2026-08-25 17:52:05,417 - INFO - Best validation ce loss: 2.2617339939518546
2026-08-25 17:52:05,418 - INFO - Best model saved to ./ckpt/causal_tiger_Beauty_cos2_token.pth
2026-08-25 17:52:05,418 - INFO - Epoch 24/120
2026-08-25 17:52:17,744 - INFO - Training total loss: 2.3120358018095857
2026-08-25 17:52:17,744 - INFO - Training CE loss: 2.1821055565362775
2026-08-25 17:52:17,744 - INFO - Training COS align loss: 0.06496512402820216
2026-08-25 17:52:17,744 - INFO - Training geometry effective rank: 43.78933358099674
2026-08-25 17:52:17,744 - INFO - Training geometry avg cosine: 0.6289934681779216
2026-08-25 17:52:19,729 - INFO - Validation total loss: 2.3762991039538077
2026-08-25 17:52:19,729 - INFO - Validation CE loss: 2.2496970032417725
2026-08-25 17:52:19,730 - INFO - Validation COS align loss: 0.06330104856532019
2026-08-25 17:52:19,730 - INFO - Early stop metric (ce): 2.2496970032417725
2026-08-25 17:52:19,765 - INFO - Best validation ce loss: 2.2496970032417725
2026-08-25 17:52:19,765 - INFO - Best model saved to ./ckpt/causal_tiger_Beauty_cos2_token.pth
2026-08-25 17:52:19,765 - INFO - Epoch 25/120
2026-08-25 17:52:31,908 - INFO - Training total loss: 2.3040318336004413
2026-08-25 17:52:31,908 - INFO - Training CE loss: 2.1741287457803806
2026-08-25 17:52:31,908 - INFO - Training COS align loss: 0.06495154553350307
2026-08-25 17:52:31,908 - INFO - Training geometry effective rank: 43.156228095177084
2026-08-25 17:52:31,908 - INFO - Training geometry avg cosine: 0.6309854857884493
2026-08-25 17:52:33,927 - INFO - Validation total loss: 2.3788350805192544
2026-08-25 17:52:33,927 - INFO - Validation CE loss: 2.252349423748229
2026-08-25 17:52:33,927 - INFO - Validation COS align loss: 0.0632428232692342
2026-08-25 17:52:33,927 - INFO - Early stop metric (ce): 2.252349423748229
2026-08-25 17:52:33,927 - INFO - No improvement in validation loss. Early stop counter: 1
2026-08-25 17:52:33,928 - INFO - Epoch 26/120
2026-08-25 17:52:46,141 - INFO - Training total loss: 2.2956858117292827
2026-08-25 17:52:46,142 - INFO - Training CE loss: 2.1658824445672535
2026-08-25 17:52:46,142 - INFO - Training COS align loss: 0.06490168416082627
2026-08-25 17:52:46,142 - INFO - Training geometry effective rank: 42.72336321953206
2026-08-25 17:52:46,142 - INFO - Training geometry avg cosine: 0.6320584453497415
2026-08-25 17:52:48,100 - INFO - Validation total loss: 2.3704535019755877
2026-08-25 17:52:48,100 - INFO - Validation CE loss: 2.2439733308783927
2026-08-25 17:52:48,100 - INFO - Validation COS align loss: 0.0632400811997606
2026-08-25 17:52:48,100 - INFO - Early stop metric (ce): 2.2439733308783927
2026-08-25 17:52:48,135 - INFO - Best validation ce loss: 2.2439733308783927
2026-08-25 17:52:48,136 - INFO - Best model saved to ./ckpt/causal_tiger_Beauty_cos2_token.pth
2026-08-25 17:52:48,136 - INFO - Epoch 27/120
2026-08-25 17:53:00,370 - INFO - Training total loss: 2.28866495047098
2026-08-25 17:53:00,370 - INFO - Training CE loss: 2.159018109048851
2026-08-25 17:53:00,370 - INFO - Training COS align loss: 0.06482342059510228
2026-08-25 17:53:00,370 - INFO - Training geometry effective rank: 42.01742727747223
2026-08-25 17:53:00,370 - INFO - Training geometry avg cosine: 0.633396075973251
2026-08-25 17:53:02,372 - INFO - Validation total loss: 2.3644647178731764
2026-08-25 17:53:02,372 - INFO - Validation CE loss: 2.238316262228806
2026-08-25 17:53:02,372 - INFO - Validation COS align loss: 0.06307421938032551
2026-08-25 17:53:02,372 - INFO - Early stop metric (ce): 2.238316262228806
2026-08-25 17:53:02,407 - INFO - Best validation ce loss: 2.238316262228806
2026-08-25 17:53:02,408 - INFO - Best model saved to ./ckpt/causal_tiger_Beauty_cos2_token.pth
2026-08-25 17:53:02,408 - INFO - Epoch 28/120
2026-08-25 17:53:14,608 - INFO - Training total loss: 2.2802566772305086
2026-08-25 17:53:14,608 - INFO - Training CE loss: 2.150682956328188
2026-08-25 17:53:14,609 - INFO - Training COS align loss: 0.06478685987134852
2026-08-25 17:53:14,609 - INFO - Training geometry effective rank: 41.76977232550833
2026-08-25 17:53:14,609 - INFO - Training geometry avg cosine: 0.6339529593862913
2026-08-25 17:53:16,583 - INFO - Validation total loss: 2.3625833604468807
2026-08-25 17:53:16,583 - INFO - Validation CE loss: 2.2364480106615714
2026-08-25 17:53:16,583 - INFO - Validation COS align loss: 0.06306766619498126
2026-08-25 17:53:16,583 - INFO - Early stop metric (ce): 2.2364480106615714
2026-08-25 17:53:16,618 - INFO - Best validation ce loss: 2.2364480106615714
2026-08-25 17:53:16,618 - INFO - Best model saved to ./ckpt/causal_tiger_Beauty_cos2_token.pth
2026-08-25 17:53:16,619 - INFO - Epoch 29/120
2026-08-25 17:53:28,730 - INFO - Training total loss: 2.274367696580256
2026-08-25 17:53:28,731 - INFO - Training CE loss: 2.1448905488860284
2026-08-25 17:53:28,731 - INFO - Training COS align loss: 0.06473857338326451
2026-08-25 17:53:28,731 - INFO - Training geometry effective rank: 41.29393360123096
2026-08-25 17:53:28,731 - INFO - Training geometry avg cosine: 0.6354563268706028
2026-08-25 17:53:30,809 - INFO - Validation total loss: 2.3542658909195993
2026-08-25 17:53:30,809 - INFO - Validation CE loss: 2.227981577103742
2026-08-25 17:53:30,809 - INFO - Validation COS align loss: 0.06314215230327819
2026-08-25 17:53:30,809 - INFO - Early stop metric (ce): 2.227981577103742
2026-08-25 17:53:30,842 - INFO - Best validation ce loss: 2.227981577103742
2026-08-25 17:53:30,842 - INFO - Best model saved to ./ckpt/causal_tiger_Beauty_cos2_token.pth
2026-08-25 17:53:30,843 - INFO - Epoch 30/120
2026-08-25 17:53:43,070 - INFO - Training total loss: 2.267593137485044
2026-08-25 17:53:43,070 - INFO - Training CE loss: 2.1381476711670246
2026-08-25 17:53:43,070 - INFO - Training COS align loss: 0.06472273443459536
2026-08-25 17:53:43,070 - INFO - Training geometry effective rank: 40.426970185008955
2026-08-25 17:53:43,070 - INFO - Training geometry avg cosine: 0.6369213408533237
2026-08-25 17:53:45,051 - INFO - Validation total loss: 2.3518577251311537
2026-08-25 17:53:45,051 - INFO - Validation CE loss: 2.225803786081306
2026-08-25 17:53:45,051 - INFO - Validation COS align loss: 0.06302696466445923
2026-08-25 17:53:45,051 - INFO - Early stop metric (ce): 2.225803786081306
2026-08-25 17:53:45,086 - INFO - Best validation ce loss: 2.225803786081306
2026-08-25 17:53:45,086 - INFO - Best model saved to ./ckpt/causal_tiger_Beauty_cos2_token.pth
2026-08-25 17:53:45,086 - INFO - Epoch 31/120
2026-08-25 17:53:57,342 - INFO - Training total loss: 2.2604402498512415
2026-08-25 17:53:57,342 - INFO - Training CE loss: 2.131059269496903
2026-08-25 17:53:57,342 - INFO - Training COS align loss: 0.0646904915687175
2026-08-25 17:53:57,342 - INFO - Training geometry effective rank: 39.949539904464544
2026-08-25 17:53:57,343 - INFO - Training geometry avg cosine: 0.6374288038984811
2026-08-25 17:53:59,295 - INFO - Validation total loss: 2.3515149534004443
2026-08-25 17:53:59,296 - INFO - Validation CE loss: 2.2253774563130393
2026-08-25 17:53:59,296 - INFO - Validation COS align loss: 0.06306874496230752
2026-08-25 17:53:59,296 - INFO - Early stop metric (ce): 2.2253774563130393
2026-08-25 17:53:59,330 - INFO - Best validation ce loss: 2.2253774563130393
2026-08-25 17:53:59,330 - INFO - Best model saved to ./ckpt/causal_tiger_Beauty_cos2_token.pth
2026-08-25 17:53:59,330 - INFO - Epoch 32/120
2026-08-25 17:54:11,550 - INFO - Training total loss: 2.256140999293049
2026-08-25 17:54:11,550 - INFO - Training CE loss: 2.126787856858992
2026-08-25 17:54:11,550 - INFO - Training COS align loss: 0.06467657098510386
2026-08-25 17:54:11,550 - INFO - Training geometry effective rank: 39.548615422230284
2026-08-25 17:54:11,550 - INFO - Training geometry avg cosine: 0.6389343626072435
2026-08-25 17:54:13,485 - INFO - Validation total loss: 2.3529693758027235
2026-08-25 17:54:13,485 - INFO - Validation CE loss: 2.2269618669804587
2026-08-25 17:54:13,486 - INFO - Validation COS align loss: 0.06300374852741225
2026-08-25 17:54:13,486 - INFO - Early stop metric (ce): 2.2269618669804587
2026-08-25 17:54:13,486 - INFO - No improvement in validation loss. Early stop counter: 1
2026-08-25 17:54:13,486 - INFO - Epoch 33/120
2026-08-25 17:54:25,721 - INFO - Training total loss: 2.2493707818279933
2026-08-25 17:54:25,721 - INFO - Training CE loss: 2.12008153232619
2026-08-25 17:54:25,721 - INFO - Training COS align loss: 0.06464462324339128
2026-08-25 17:54:25,721 - INFO - Training geometry effective rank: 38.943318960731595
2026-08-25 17:54:25,721 - INFO - Training geometry avg cosine: 0.6410472727007439
2026-08-25 17:54:27,623 - INFO - Validation total loss: 2.345586712779917
2026-08-25 17:54:27,623 - INFO - Validation CE loss: 2.2197690588210275
2026-08-25 17:54:27,624 - INFO - Validation COS align loss: 0.0629088223747941
2026-08-25 17:54:27,624 - INFO - Early stop metric (ce): 2.2197690588210275
2026-08-25 17:54:27,657 - INFO - Best validation ce loss: 2.2197690588210275
2026-08-25 17:54:27,657 - INFO - Best model saved to ./ckpt/causal_tiger_Beauty_cos2_token.pth
2026-08-25 17:54:27,657 - INFO - Epoch 34/120
2026-08-25 17:54:39,881 - INFO - Training total loss: 2.2429848306373863
2026-08-25 17:54:39,881 - INFO - Training CE loss: 2.1137144906511565
2026-08-25 17:54:39,881 - INFO - Training COS align loss: 0.06463517080485125
2026-08-25 17:54:39,881 - INFO - Training geometry effective rank: 38.476433405152555
2026-08-25 17:54:39,881 - INFO - Training geometry avg cosine: 0.6436249642752487
2026-08-25 17:54:41,820 - INFO - Validation total loss: 2.3409752932740897
2026-08-25 17:54:41,821 - INFO - Validation CE loss: 2.2148883245533626
2026-08-25 17:54:41,821 - INFO - Validation COS align loss: 0.06304347770920127
2026-08-25 17:54:41,821 - INFO - Early stop metric (ce): 2.2148883245533626
2026-08-25 17:54:41,855 - INFO - Best validation ce loss: 2.2148883245533626
2026-08-25 17:54:41,855 - INFO - Best model saved to ./ckpt/causal_tiger_Beauty_cos2_token.pth
2026-08-25 17:54:41,855 - INFO - Epoch 35/120
2026-08-25 17:54:54,070 - INFO - Training total loss: 2.237156914829744
2026-08-25 17:54:54,070 - INFO - Training CE loss: 2.108071075803111
2026-08-25 17:54:54,070 - INFO - Training COS align loss: 0.06454291858561771
2026-08-25 17:54:54,070 - INFO - Training geometry effective rank: 37.59292327940232
2026-08-25 17:54:54,070 - INFO - Training geometry avg cosine: 0.6446901797552517
2026-08-25 17:54:56,019 - INFO - Validation total loss: 2.3401404348054156
2026-08-25 17:54:56,019 - INFO - Validation CE loss: 2.214117556682472
2026-08-25 17:54:56,019 - INFO - Validation COS align loss: 0.06301143599170472
2026-08-25 17:54:56,019 - INFO - Early stop metric (ce): 2.214117556682472
2026-08-25 17:54:56,055 - INFO - Best validation ce loss: 2.214117556682472
2026-08-25 17:54:56,055 - INFO - Best model saved to ./ckpt/causal_tiger_Beauty_cos2_token.pth
2026-08-25 17:54:56,055 - INFO - Epoch 36/120
2026-08-25 17:55:08,267 - INFO - Training total loss: 2.2328161511439757
2026-08-25 17:55:08,268 - INFO - Training CE loss: 2.103765491149769
2026-08-25 17:55:08,268 - INFO - Training COS align loss: 0.06452533254827507
2026-08-25 17:55:08,268 - INFO - Training geometry effective rank: 37.380479415567
2026-08-25 17:55:08,268 - INFO - Training geometry avg cosine: 0.6451348495390629
2026-08-25 17:55:10,238 - INFO - Validation total loss: 2.343799228320306
2026-08-25 17:55:10,238 - INFO - Validation CE loss: 2.2180174512412925
2026-08-25 17:55:10,238 - INFO - Validation COS align loss: 0.06289088060927493
2026-08-25 17:55:10,238 - INFO - Early stop metric (ce): 2.2180174512412925
2026-08-25 17:55:10,239 - INFO - No improvement in validation loss. Early stop counter: 1
2026-08-25 17:55:10,239 - INFO - Epoch 37/120
2026-08-25 17:55:22,441 - INFO - Training total loss: 2.227437753621706
2026-08-25 17:55:22,441 - INFO - Training CE loss: 2.0983652115332014
2026-08-25 17:55:22,441 - INFO - Training COS align loss: 0.06453627023251604
2026-08-25 17:55:22,441 - INFO - Training geometry effective rank: 36.63612505248548
2026-08-25 17:55:22,441 - INFO - Training geometry avg cosine: 0.6478176895050687
2026-08-25 17:55:24,421 - INFO - Validation total loss: 2.340060299558189
2026-08-25 17:55:24,421 - INFO - Validation CE loss: 2.2141052356605364
2026-08-25 17:55:24,421 - INFO - Validation COS align loss: 0.0629775265767339
2026-08-25 17:55:24,421 - INFO - Early stop metric (ce): 2.2141052356605364
2026-08-25 17:55:24,459 - INFO - Best validation ce loss: 2.2141052356605364
2026-08-25 17:55:24,459 - INFO - Best model saved to ./ckpt/causal_tiger_Beauty_cos2_token.pth
2026-08-25 17:55:24,459 - INFO - Epoch 38/120
2026-08-25 17:55:36,693 - INFO - Training total loss: 2.2203370290971454
2026-08-25 17:55:36,693 - INFO - Training CE loss: 2.091320636671341
2026-08-25 17:55:36,693 - INFO - Training COS align loss: 0.06450819853214902
2026-08-25 17:55:36,693 - INFO - Training geometry effective rank: 36.20840831118335
2026-08-25 17:55:36,693 - INFO - Training geometry avg cosine: 0.6491057686072843
2026-08-25 17:55:38,751 - INFO - Validation total loss: 2.3349189742951943
2026-08-25 17:55:38,752 - INFO - Validation CE loss: 2.209230307857366
2026-08-25 17:55:38,752 - INFO - Validation COS align loss: 0.06284432963751928
2026-08-25 17:55:38,752 - INFO - Early stop metric (ce): 2.209230307857366
2026-08-25 17:55:38,786 - INFO - Best validation ce loss: 2.209230307857366
2026-08-25 17:55:38,787 - INFO - Best model saved to ./ckpt/causal_tiger_Beauty_cos2_token.pth
2026-08-25 17:55:38,787 - INFO - Epoch 39/120
2026-08-25 17:55:50,940 - INFO - Training total loss: 2.218869383696916
2026-08-25 17:55:50,940 - INFO - Training CE loss: 2.089879583987744
2026-08-25 17:55:50,940 - INFO - Training COS align loss: 0.06449489857900004
2026-08-25 17:55:50,940 - INFO - Training geometry effective rank: 35.253939168462495
2026-08-25 17:55:50,940 - INFO - Training geometry avg cosine: 0.6512378508710676
2026-08-25 17:55:52,856 - INFO - Validation total loss: 2.3378169372869664
2026-08-25 17:55:52,856 - INFO - Validation CE loss: 2.2121637757755654
2026-08-25 17:55:52,856 - INFO - Validation COS align loss: 0.06282657180221296
2026-08-25 17:55:52,857 - INFO - Early stop metric (ce): 2.2121637757755654
2026-08-25 17:55:52,857 - INFO - No improvement in validation loss. Early stop counter: 1
2026-08-25 17:55:52,857 - INFO - Epoch 40/120
2026-08-25 17:56:05,018 - INFO - Training total loss: 2.2135503245698804
2026-08-25 17:56:05,018 - INFO - Training CE loss: 2.0846442526880407
2026-08-25 17:56:05,018 - INFO - Training COS align loss: 0.06445303304186127
2026-08-25 17:56:05,018 - INFO - Training geometry effective rank: 34.9529342799799
2026-08-25 17:56:05,018 - INFO - Training geometry avg cosine: 0.6511880571044373
2026-08-25 17:56:06,976 - INFO - Validation total loss: 2.3341901711639927
2026-08-25 17:56:06,976 - INFO - Validation CE loss: 2.2086182234113307
2026-08-25 17:56:06,976 - INFO - Validation COS align loss: 0.06278596927168031
2026-08-25 17:56:06,976 - INFO - Early stop metric (ce): 2.2086182234113307
2026-08-25 17:56:07,010 - INFO - Best validation ce loss: 2.2086182234113307
2026-08-25 17:56:07,010 - INFO - Best model saved to ./ckpt/causal_tiger_Beauty_cos2_token.pth
2026-08-25 17:56:07,011 - INFO - Epoch 41/120
2026-08-25 17:56:19,193 - INFO - Training total loss: 2.2067141096879537
2026-08-25 17:56:19,193 - INFO - Training CE loss: 2.0778212579771704
2026-08-25 17:56:19,193 - INFO - Training COS align loss: 0.06444642550750465
2026-08-25 17:56:19,193 - INFO - Training geometry effective rank: 34.357567219418776
2026-08-25 17:56:19,193 - INFO - Training geometry avg cosine: 0.6542139380358536
2026-08-25 17:56:21,137 - INFO - Validation total loss: 2.3314072476947767
2026-08-25 17:56:21,137 - INFO - Validation CE loss: 2.20579963948082
2026-08-25 17:56:21,137 - INFO - Validation COS align loss: 0.06280379643256061
2026-08-25 17:56:21,137 - INFO - Early stop metric (ce): 2.20579963948082
2026-08-25 17:56:21,171 - INFO - Best validation ce loss: 2.20579963948082
2026-08-25 17:56:21,171 - INFO - Best model saved to ./ckpt/causal_tiger_Beauty_cos2_token.pth
2026-08-25 17:56:21,171 - INFO - Epoch 42/120
2026-08-25 17:56:33,295 - INFO - Training total loss: 2.201582960581501
2026-08-25 17:56:33,295 - INFO - Training CE loss: 2.0728215206457947
2026-08-25 17:56:33,295 - INFO - Training COS align loss: 0.06438071846034277
2026-08-25 17:56:33,295 - INFO - Training geometry effective rank: 34.05727256596784
2026-08-25 17:56:33,295 - INFO - Training geometry avg cosine: 0.6535985900038411
2026-08-25 17:56:35,310 - INFO - Validation total loss: 2.330495553466895
2026-08-25 17:56:35,310 - INFO - Validation CE loss: 2.2047569388483725
2026-08-25 17:56:35,310 - INFO - Validation COS align loss: 0.06286930321623839
2026-08-25 17:56:35,310 - INFO - Early stop metric (ce): 2.2047569388483725
2026-08-25 17:56:35,346 - INFO - Best validation ce loss: 2.2047569388483725
2026-08-25 17:56:35,346 - INFO - Best model saved to ./ckpt/causal_tiger_Beauty_cos2_token.pth
2026-08-25 17:56:35,346 - INFO - Epoch 43/120
2026-08-25 17:56:47,585 - INFO - Training total loss: 2.1995111536886904
2026-08-25 17:56:47,585 - INFO - Training CE loss: 2.070780874922118
2026-08-25 17:56:47,585 - INFO - Training COS align loss: 0.06436513926732401
2026-08-25 17:56:47,585 - INFO - Training geometry effective rank: 33.323898920289274
2026-08-25 17:56:47,585 - INFO - Training geometry avg cosine: 0.6560988534053476
2026-08-25 17:56:49,495 - INFO - Validation total loss: 2.322285464393223
2026-08-25 17:56:49,496 - INFO - Validation CE loss: 2.196751387334177
2026-08-25 17:56:49,496 - INFO - Validation COS align loss: 0.06276703213417478
2026-08-25 17:56:49,496 - INFO - Early stop metric (ce): 2.196751387334177
2026-08-25 17:56:49,532 - INFO - Best validation ce loss: 2.196751387334177
2026-08-25 17:56:49,532 - INFO - Best model saved to ./ckpt/causal_tiger_Beauty_cos2_token.pth
2026-08-25 17:56:49,532 - INFO - Epoch 44/120
2026-08-25 17:57:01,765 - INFO - Training total loss: 2.195096355004069
2026-08-25 17:57:01,766 - INFO - Training CE loss: 2.0663510326745445
2026-08-25 17:57:01,766 - INFO - Training COS align loss: 0.06437266302015995
2026-08-25 17:57:01,766 - INFO - Training geometry effective rank: 33.03673096296852
2026-08-25 17:57:01,766 - INFO - Training geometry avg cosine: 0.6575647729380122
2026-08-25 17:57:03,743 - INFO - Validation total loss: 2.3274861640684597
2026-08-25 17:57:03,743 - INFO - Validation CE loss: 2.2021335521992698
2026-08-25 17:57:03,743 - INFO - Validation COS align loss: 0.0626763005625025
2026-08-25 17:57:03,743 - INFO - Early stop metric (ce): 2.2021335521992698
2026-08-25 17:57:03,743 - INFO - No improvement in validation loss. Early stop counter: 1
2026-08-25 17:57:03,744 - INFO - Epoch 45/120
2026-08-25 17:57:15,939 - INFO - Training total loss: 2.1914487460244025
2026-08-25 17:57:15,939 - INFO - Training CE loss: 2.062801254166703
2026-08-25 17:57:15,939 - INFO - Training COS align loss: 0.0643237459288497
2026-08-25 17:57:15,939 - INFO - Training geometry effective rank: 32.80368587850133
2026-08-25 17:57:15,939 - INFO - Training geometry avg cosine: 0.6590234069044952
2026-08-25 17:57:17,874 - INFO - Validation total loss: 2.3272228097711
2026-08-25 17:57:17,874 - INFO - Validation CE loss: 2.201718869127429
2026-08-25 17:57:17,874 - INFO - Validation COS align loss: 0.06275196367067329
2026-08-25 17:57:17,874 - INFO - Early stop metric (ce): 2.201718869127429
2026-08-25 17:57:17,874 - INFO - No improvement in validation loss. Early stop counter: 2
2026-08-25 17:57:17,875 - INFO - Epoch 46/120
2026-08-25 17:57:30,028 - INFO - Training total loss: 2.1861231443019227
2026-08-25 17:57:30,029 - INFO - Training CE loss: 2.057484413167382
2026-08-25 17:57:30,029 - INFO - Training COS align loss: 0.06431936533534573
2026-08-25 17:57:30,029 - INFO - Training geometry effective rank: 32.21978479971681
2026-08-25 17:57:30,029 - INFO - Training geometry avg cosine: 0.6610943320196426
2026-08-25 17:57:32,015 - INFO - Validation total loss: 2.321092419358282
2026-08-25 17:57:32,015 - INFO - Validation CE loss: 2.19555984443861
2026-08-25 17:57:32,015 - INFO - Validation COS align loss: 0.06276628080867391
2026-08-25 17:57:32,015 - INFO - Early stop metric (ce): 2.19555984443861
2026-08-25 17:57:32,049 - INFO - Best validation ce loss: 2.19555984443861
2026-08-25 17:57:32,050 - INFO - Best model saved to ./ckpt/causal_tiger_Beauty_cos2_token.pth
2026-08-25 17:57:32,050 - INFO - Epoch 47/120
2026-08-25 17:57:44,244 - INFO - Training total loss: 2.1850957309225656
2026-08-25 17:57:44,244 - INFO - Training CE loss: 2.0564741886543394
2026-08-25 17:57:44,244 - INFO - Training COS align loss: 0.06431077032237666
2026-08-25 17:57:44,244 - INFO - Training geometry effective rank: 31.748752464116315
2026-08-25 17:57:44,244 - INFO - Training geometry avg cosine: 0.6608665845273534
2026-08-25 17:57:46,328 - INFO - Validation total loss: 2.327700394417595
2026-08-25 17:57:46,328 - INFO - Validation CE loss: 2.202306735157455
2026-08-25 17:57:46,328 - INFO - Validation COS align loss: 0.06269682272309397
2026-08-25 17:57:46,328 - INFO - Early stop metric (ce): 2.202306735157455
2026-08-25 17:57:46,328 - INFO - No improvement in validation loss. Early stop counter: 1
2026-08-25 17:57:46,329 - INFO - Epoch 48/120
2026-08-25 17:57:58,556 - INFO - Training total loss: 2.1792078161981783
2026-08-25 17:57:58,556 - INFO - Training CE loss: 2.050570178356616
2026-08-25 17:57:58,556 - INFO - Training COS align loss: 0.0643188195005929
2026-08-25 17:57:58,556 - INFO - Training geometry effective rank: 31.512215892628472
2026-08-25 17:57:58,556 - INFO - Training geometry avg cosine: 0.662730646736427
2026-08-25 17:58:00,533 - INFO - Validation total loss: 2.3180895255870575
2026-08-25 17:58:00,533 - INFO - Validation CE loss: 2.1926751428407663
2026-08-25 17:58:00,533 - INFO - Validation COS align loss: 0.06270718062896073
2026-08-25 17:58:00,533 - INFO - Early stop metric (ce): 2.1926751428407663
2026-08-25 17:58:00,568 - INFO - Best validation ce loss: 2.1926751428407663
2026-08-25 17:58:00,568 - INFO - Best model saved to ./ckpt/causal_tiger_Beauty_cos2_token.pth
2026-08-25 17:58:00,568 - INFO - Epoch 49/120
2026-08-25 17:58:12,753 - INFO - Training total loss: 2.174920485641242
2026-08-25 17:58:12,753 - INFO - Training CE loss: 2.046354658640776
2026-08-25 17:58:12,753 - INFO - Training COS align loss: 0.06428291535563042
2026-08-25 17:58:12,753 - INFO - Training geometry effective rank: 30.989031620990442
2026-08-25 17:58:12,753 - INFO - Training geometry avg cosine: 0.6646569658810063
2026-08-25 17:58:14,747 - INFO - Validation total loss: 2.3188189636484235
2026-08-25 17:58:14,747 - INFO - Validation CE loss: 2.1933457078851855
2026-08-25 17:58:14,747 - INFO - Validation COS align loss: 0.06273662174208482
2026-08-25 17:58:14,748 - INFO - Early stop metric (ce): 2.1933457078851855
2026-08-25 17:58:14,748 - INFO - No improvement in validation loss. Early stop counter: 1
2026-08-25 17:58:14,748 - INFO - Epoch 50/120
2026-08-25 17:58:26,961 - INFO - Training total loss: 2.1722849115787315
2026-08-25 17:58:26,961 - INFO - Training CE loss: 2.0437201412271433
2026-08-25 17:58:26,961 - INFO - Training COS align loss: 0.06428238691522917
2026-08-25 17:58:26,961 - INFO - Training geometry effective rank: 30.80292046023714
2026-08-25 17:58:26,961 - INFO - Training geometry avg cosine: 0.6646669116233573
2026-08-25 17:58:28,971 - INFO - Validation total loss: 2.3232821819608303
2026-08-25 17:58:28,971 - INFO - Validation CE loss: 2.1979456485085223
2026-08-25 17:58:28,971 - INFO - Validation COS align loss: 0.06266826109824775
2026-08-25 17:58:28,971 - INFO - Early stop metric (ce): 2.1979456485085223
2026-08-25 17:58:28,971 - INFO - No improvement in validation loss. Early stop counter: 2
2026-08-25 17:58:28,972 - INFO - Epoch 51/120
2026-08-25 17:58:41,279 - INFO - Training total loss: 2.167875964353984
2026-08-25 17:58:41,279 - INFO - Training CE loss: 2.0393533129172567
2026-08-25 17:58:41,279 - INFO - Training COS align loss: 0.06426132664606266
2026-08-25 17:58:41,279 - INFO - Training geometry effective rank: 30.642336782314434
2026-08-25 17:58:41,279 - INFO - Training geometry avg cosine: 0.6655544741840214
2026-08-25 17:58:43,315 - INFO - Validation total loss: 2.318779256722446
2026-08-25 17:58:43,315 - INFO - Validation CE loss: 2.193578900697405
2026-08-25 17:58:43,315 - INFO - Validation COS align loss: 0.06260017366368371
2026-08-25 17:58:43,315 - INFO - Early stop metric (ce): 2.193578900697405
2026-08-25 17:58:43,315 - INFO - No improvement in validation loss. Early stop counter: 3
2026-08-25 17:58:43,316 - INFO - Epoch 52/120
2026-08-25 17:58:55,476 - INFO - Training total loss: 2.164477018298806
2026-08-25 17:58:55,476 - INFO - Training CE loss: 2.036070870286296
2026-08-25 17:58:55,476 - INFO - Training COS align loss: 0.06420307389029269
2026-08-25 17:58:55,476 - INFO - Training geometry effective rank: 30.276464306426885
2026-08-25 17:58:55,476 - INFO - Training geometry avg cosine: 0.6671351314982552
2026-08-25 17:58:57,383 - INFO - Validation total loss: 2.3143743604037894
2026-08-25 17:58:57,384 - INFO - Validation CE loss: 2.1889665965870213
2026-08-25 17:58:57,384 - INFO - Validation COS align loss: 0.06270387474559408
2026-08-25 17:58:57,384 - INFO - Early stop metric (ce): 2.1889665965870213
2026-08-25 17:58:57,417 - INFO - Best validation ce loss: 2.1889665965870213
2026-08-25 17:58:57,418 - INFO - Best model saved to ./ckpt/causal_tiger_Beauty_cos2_token.pth
2026-08-25 17:58:57,418 - INFO - Epoch 53/120
2026-08-25 17:59:09,671 - INFO - Training total loss: 2.1601569337139797
2026-08-25 17:59:09,671 - INFO - Training CE loss: 2.031704252332101
2026-08-25 17:59:09,671 - INFO - Training COS align loss: 0.06422633721206902
2026-08-25 17:59:09,671 - INFO - Training geometry effective rank: 29.728649428846307
2026-08-25 17:59:09,671 - INFO - Training geometry avg cosine: 0.667456472198323
2026-08-25 17:59:11,617 - INFO - Validation total loss: 2.318631213622032
2026-08-25 17:59:11,617 - INFO - Validation CE loss: 2.1930186288039573
2026-08-25 17:59:11,617 - INFO - Validation COS align loss: 0.06280628575787524
2026-08-25 17:59:11,617 - INFO - Early stop metric (ce): 2.1930186288039573
2026-08-25 17:59:11,618 - INFO - No improvement in validation loss. Early stop counter: 1
2026-08-25 17:59:11,618 - INFO - Epoch 54/120
2026-08-25 17:59:23,800 - INFO - Training total loss: 2.157302254368823
2026-08-25 17:59:23,800 - INFO - Training CE loss: 2.0289414228168443
2026-08-25 17:59:23,800 - INFO - Training COS align loss: 0.06418041612387632
2026-08-25 17:59:23,800 - INFO - Training geometry effective rank: 29.489075679259543
2026-08-25 17:59:23,800 - INFO - Training geometry avg cosine: 0.669014876570683
2026-08-25 17:59:25,749 - INFO - Validation total loss: 2.3149236640193434
2026-08-25 17:59:25,750 - INFO - Validation CE loss: 2.1896173841451883
2026-08-25 17:59:25,750 - INFO - Validation COS align loss: 0.06265313789056606
2026-08-25 17:59:25,750 - INFO - Early stop metric (ce): 2.1896173841451883
2026-08-25 17:59:25,750 - INFO - No improvement in validation loss. Early stop counter: 2
2026-08-25 17:59:25,751 - INFO - Epoch 55/120
2026-08-25 17:59:38,006 - INFO - Training total loss: 2.156496418589284
2026-08-25 17:59:38,006 - INFO - Training CE loss: 2.028083804516477
2026-08-25 17:59:38,006 - INFO - Training COS align loss: 0.0642063071523659
2026-08-25 17:59:38,006 - INFO - Training geometry effective rank: 29.474976079473237
2026-08-25 17:59:38,007 - INFO - Training geometry avg cosine: 0.6690210302284255
2026-08-25 17:59:40,015 - INFO - Validation total loss: 2.3188396170415593
2026-08-25 17:59:40,015 - INFO - Validation CE loss: 2.193536621306587
2026-08-25 17:59:40,015 - INFO - Validation COS align loss: 0.0626514968442303
2026-08-25 17:59:40,015 - INFO - Early stop metric (ce): 2.193536621306587
2026-08-25 17:59:40,015 - INFO - No improvement in validation loss. Early stop counter: 3
2026-08-25 17:59:40,016 - INFO - Epoch 56/120
2026-08-25 17:59:52,165 - INFO - Training total loss: 2.151470740481573
2026-08-25 17:59:52,165 - INFO - Training CE loss: 2.0230932293698944
2026-08-25 17:59:52,165 - INFO - Training COS align loss: 0.06418875741123689
2026-08-25 17:59:52,165 - INFO - Training geometry effective rank: 28.76054214225205
2026-08-25 17:59:52,165 - INFO - Training geometry avg cosine: 0.6714631126548529
2026-08-25 17:59:54,153 - INFO - Validation total loss: 2.3148166892866207
2026-08-25 17:59:54,153 - INFO - Validation CE loss: 2.1894599270922943
2026-08-25 17:59:54,153 - INFO - Validation COS align loss: 0.06267837751576828
2026-08-25 17:59:54,153 - INFO - Early stop metric (ce): 2.1894599270922943
2026-08-25 17:59:54,153 - INFO - No improvement in validation loss. Early stop counter: 4
2026-08-25 17:59:54,154 - INFO - Epoch 57/120
2026-08-25 18:00:06,375 - INFO - Training total loss: 2.148801887081755
2026-08-25 18:00:06,375 - INFO - Training CE loss: 2.020462798005412
2026-08-25 18:00:06,375 - INFO - Training COS align loss: 0.06416954465413371
2026-08-25 18:00:06,375 - INFO - Training geometry effective rank: 28.280566052240157
2026-08-25 18:00:06,375 - INFO - Training geometry avg cosine: 0.6717439042223103
2026-08-25 18:00:08,381 - INFO - Validation total loss: 2.312871239727659
2026-08-25 18:00:08,381 - INFO - Validation CE loss: 2.187652509099936
2026-08-25 18:00:08,381 - INFO - Validation COS align loss: 0.06260936198828046
2026-08-25 18:00:08,381 - INFO - Early stop metric (ce): 2.187652509099936
2026-08-25 18:00:08,418 - INFO - Best validation ce loss: 2.187652509099936
2026-08-25 18:00:08,418 - INFO - Best model saved to ./ckpt/causal_tiger_Beauty_cos2_token.pth
2026-08-25 18:00:08,418 - INFO - Epoch 58/120
2026-08-25 18:00:20,665 - INFO - Training total loss: 2.145990950124273
2026-08-25 18:00:20,665 - INFO - Training CE loss: 2.017653249117187
2026-08-25 18:00:20,665 - INFO - Training COS align loss: 0.06416884841622082
2026-08-25 18:00:20,665 - INFO - Training geometry effective rank: 27.884801734746198
2026-08-25 18:00:20,665 - INFO - Training geometry avg cosine: 0.672338169952311
2026-08-25 18:00:22,641 - INFO - Validation total loss: 2.310829942318503
2026-08-25 18:00:22,642 - INFO - Validation CE loss: 2.1854833011463475
2026-08-25 18:00:22,642 - INFO - Validation COS align loss: 0.06267331291165987
2026-08-25 18:00:22,642 - INFO - Early stop metric (ce): 2.1854833011463475
2026-08-25 18:00:22,676 - INFO - Best validation ce loss: 2.1854833011463475
2026-08-25 18:00:22,676 - INFO - Best model saved to ./ckpt/causal_tiger_Beauty_cos2_token.pth
2026-08-25 18:00:22,676 - INFO - Epoch 59/120
2026-08-25 18:00:34,810 - INFO - Training total loss: 2.141709752583782
2026-08-25 18:00:34,810 - INFO - Training CE loss: 2.013358828854468
2026-08-25 18:00:34,810 - INFO - Training COS align loss: 0.0641754632562051
2026-08-25 18:00:34,810 - INFO - Training geometry effective rank: 27.98455506632764
2026-08-25 18:00:34,811 - INFO - Training geometry avg cosine: 0.6720806429822157
2026-08-25 18:00:36,775 - INFO - Validation total loss: 2.3165155874301435
2026-08-25 18:00:36,775 - INFO - Validation CE loss: 2.1913700492596933
2026-08-25 18:00:36,775 - INFO - Validation COS align loss: 0.06257276524801622
2026-08-25 18:00:36,775 - INFO - Early stop metric (ce): 2.1913700492596933
2026-08-25 18:00:36,776 - INFO - No improvement in validation loss. Early stop counter: 1
2026-08-25 18:00:36,776 - INFO - Epoch 60/120
2026-08-25 18:00:49,026 - INFO - Training total loss: 2.1398547871567395
2026-08-25 18:00:49,026 - INFO - Training CE loss: 2.0115882830861014
2026-08-25 18:00:49,026 - INFO - Training COS align loss: 0.06413325133954505
2026-08-25 18:00:49,026 - INFO - Training geometry effective rank: 27.51758070400253
2026-08-25 18:00:49,026 - INFO - Training geometry avg cosine: 0.6752736469882935
2026-08-25 18:00:50,977 - INFO - Validation total loss: 2.3132126899236263
2026-08-25 18:00:50,977 - INFO - Validation CE loss: 2.188039605709616
2026-08-25 18:00:50,977 - INFO - Validation COS align loss: 0.06258653980467964
2026-08-25 18:00:50,977 - INFO - Early stop metric (ce): 2.188039605709616
2026-08-25 18:00:50,978 - INFO - No improvement in validation loss. Early stop counter: 2
2026-08-25 18:00:50,978 - INFO - Epoch 61/120
2026-08-25 18:01:03,406 - INFO - Training total loss: 2.1361840773185405
2026-08-25 18:01:03,406 - INFO - Training CE loss: 2.007821273479016
2026-08-25 18:01:03,406 - INFO - Training COS align loss: 0.0641814006441762
2026-08-25 18:01:03,406 - INFO - Training geometry effective rank: 27.367770870372016
2026-08-25 18:01:03,406 - INFO - Training geometry avg cosine: 0.6742459431232646
2026-08-25 18:01:05,545 - INFO - Validation total loss: 2.30903562660381
2026-08-25 18:01:05,546 - INFO - Validation CE loss: 2.1836898935710924
2026-08-25 18:01:05,546 - INFO - Validation COS align loss: 0.0626728639582196
2026-08-25 18:01:05,546 - INFO - Early stop metric (ce): 2.1836898935710924
2026-08-25 18:01:05,582 - INFO - Best validation ce loss: 2.1836898935710924
2026-08-25 18:01:05,582 - INFO - Best model saved to ./ckpt/causal_tiger_Beauty_cos2_token.pth
2026-08-25 18:01:05,583 - INFO - Epoch 62/120
2026-08-25 18:01:17,875 - INFO - Training total loss: 2.1337815787541725
2026-08-25 18:01:17,875 - INFO - Training CE loss: 2.0054879798499528
2026-08-25 18:01:17,875 - INFO - Training COS align loss: 0.0641467999159594
2026-08-25 18:01:17,875 - INFO - Training geometry effective rank: 26.84521866957965
2026-08-25 18:01:17,875 - INFO - Training geometry avg cosine: 0.675710515289455
2026-08-25 18:01:19,857 - INFO - Validation total loss: 2.3112605155281756
2026-08-25 18:01:19,857 - INFO - Validation CE loss: 2.1860026402534847
2026-08-25 18:01:19,857 - INFO - Validation COS align loss: 0.06262893507920621
2026-08-25 18:01:19,857 - INFO - Early stop metric (ce): 2.1860026402534847
2026-08-25 18:01:19,858 - INFO - No improvement in validation loss. Early stop counter: 1
2026-08-25 18:01:19,858 - INFO - Epoch 63/120
2026-08-25 18:01:32,226 - INFO - Training total loss: 2.1315021398930236
2026-08-25 18:01:32,227 - INFO - Training CE loss: 2.0032273220181
2026-08-25 18:01:32,227 - INFO - Training COS align loss: 0.06413741021304743
2026-08-25 18:01:32,227 - INFO - Training geometry effective rank: 26.905404280131894
2026-08-25 18:01:32,227 - INFO - Training geometry avg cosine: 0.6759409340902989
2026-08-25 18:01:34,173 - INFO - Validation total loss: 2.3099223820436667
2026-08-25 18:01:34,174 - INFO - Validation CE loss: 2.1846911221614724
2026-08-25 18:01:34,174 - INFO - Validation COS align loss: 0.06261562687133003
2026-08-25 18:01:34,174 - INFO - Early stop metric (ce): 2.1846911221614724
2026-08-25 18:01:34,174 - INFO - No improvement in validation loss. Early stop counter: 2
2026-08-25 18:01:34,174 - INFO - Epoch 64/120
2026-08-25 18:01:46,378 - INFO - Training total loss: 2.1280974203046656
2026-08-25 18:01:46,378 - INFO - Training CE loss: 1.9998345553643044
2026-08-25 18:01:46,378 - INFO - Training COS align loss: 0.06413143142651954
2026-08-25 18:01:46,379 - INFO - Training geometry effective rank: 26.57468455496465
2026-08-25 18:01:46,379 - INFO - Training geometry avg cosine: 0.6774306025950362
2026-08-25 18:01:48,364 - INFO - Validation total loss: 2.3102294303828557
2026-08-25 18:01:48,364 - INFO - Validation CE loss: 2.184959687900134
2026-08-25 18:01:48,364 - INFO - Validation COS align loss: 0.06263486791577974
2026-08-25 18:01:48,364 - INFO - Early stop metric (ce): 2.184959687900134
2026-08-25 18:01:48,365 - INFO - No improvement in validation loss. Early stop counter: 3
2026-08-25 18:01:48,365 - INFO - Epoch 65/120
2026-08-25 18:02:00,580 - INFO - Training total loss: 2.1257726473567087
2026-08-25 18:02:00,580 - INFO - Training CE loss: 1.9975163287225863
2026-08-25 18:02:00,580 - INFO - Training COS align loss: 0.06412816128842098
2026-08-25 18:02:00,580 - INFO - Training geometry effective rank: 26.405060916559243
2026-08-25 18:02:00,580 - INFO - Training geometry avg cosine: 0.678485401641534
2026-08-25 18:02:02,582 - INFO - Validation total loss: 2.3148648984442453
2026-08-25 18:02:02,582 - INFO - Validation CE loss: 2.189773447523813
2026-08-25 18:02:02,582 - INFO - Validation COS align loss: 0.0625457244369605
2026-08-25 18:02:02,582 - INFO - Early stop metric (ce): 2.189773447523813
2026-08-25 18:02:02,583 - INFO - No improvement in validation loss. Early stop counter: 4
2026-08-25 18:02:02,583 - INFO - Epoch 66/120
2026-08-25 18:02:14,805 - INFO - Training total loss: 2.1243757992866903
2026-08-25 18:02:14,805 - INFO - Training CE loss: 1.99614115911699
2026-08-25 18:02:14,805 - INFO - Training COS align loss: 0.06411731869330202
2026-08-25 18:02:14,805 - INFO - Training geometry effective rank: 26.117001555773072
2026-08-25 18:02:14,805 - INFO - Training geometry avg cosine: 0.6782040418585915
2026-08-25 18:02:16,785 - INFO - Validation total loss: 2.306639756255907
2026-08-25 18:02:16,785 - INFO - Validation CE loss: 2.1815611763573513
2026-08-25 18:02:16,785 - INFO - Validation COS align loss: 0.06253928432137158
2026-08-25 18:02:16,785 - INFO - Early stop metric (ce): 2.1815611763573513
2026-08-25 18:02:16,820 - INFO - Best validation ce loss: 2.1815611763573513
2026-08-25 18:02:16,820 - INFO - Best model saved to ./ckpt/causal_tiger_Beauty_cos2_token.pth
2026-08-25 18:02:16,821 - INFO - Epoch 67/120
2026-08-25 18:02:29,075 - INFO - Training total loss: 2.1212421929326037
2026-08-25 18:02:29,076 - INFO - Training CE loss: 1.9930157826104518
2026-08-25 18:02:29,076 - INFO - Training COS align loss: 0.06411320272586689
2026-08-25 18:02:29,076 - INFO - Training geometry effective rank: 25.93287531782217
2026-08-25 18:02:29,076 - INFO - Training geometry avg cosine: 0.6799348086002736
2026-08-25 18:02:31,105 - INFO - Validation total loss: 2.3080424766172154
2026-08-25 18:02:31,105 - INFO - Validation CE loss: 2.1827886217141867
2026-08-25 18:02:31,105 - INFO - Validation COS align loss: 0.06262691798639912
2026-08-25 18:02:31,105 - INFO - Early stop metric (ce): 2.1827886217141867
2026-08-25 18:02:31,106 - INFO - No improvement in validation loss. Early stop counter: 1
2026-08-25 18:02:31,106 - INFO - Epoch 68/120
2026-08-25 18:02:43,285 - INFO - Training total loss: 2.117728827064603
2026-08-25 18:02:43,285 - INFO - Training CE loss: 1.9895809418032606
2026-08-25 18:02:43,285 - INFO - Training COS align loss: 0.0640739435583701
2026-08-25 18:02:43,285 - INFO - Training geometry effective rank: 25.919040550053815
2026-08-25 18:02:43,285 - INFO - Training geometry avg cosine: 0.6792775575752852
2026-08-25 18:02:45,217 - INFO - Validation total loss: 2.306822329120063
2026-08-25 18:02:45,217 - INFO - Validation CE loss: 2.1817983046110094
2026-08-25 18:02:45,217 - INFO - Validation COS align loss: 0.0625120056033646
2026-08-25 18:02:45,217 - INFO - Early stop metric (ce): 2.1817983046110094
2026-08-25 18:02:45,218 - INFO - No improvement in validation loss. Early stop counter: 2
2026-08-25 18:02:45,218 - INFO - Epoch 69/120
2026-08-25 18:02:57,477 - INFO - Training total loss: 2.114188406717916
2026-08-25 18:02:57,477 - INFO - Training CE loss: 1.9860081763119086
2026-08-25 18:02:57,477 - INFO - Training COS align loss: 0.06409011624666504
2026-08-25 18:02:57,477 - INFO - Training geometry effective rank: 25.601441513239642
2026-08-25 18:02:57,477 - INFO - Training geometry avg cosine: 0.6806391214350318
2026-08-25 18:02:59,423 - INFO - Validation total loss: 2.3160741845937247
2026-08-25 18:02:59,423 - INFO - Validation CE loss: 2.190819982807012
2026-08-25 18:02:59,423 - INFO - Validation COS align loss: 0.06262709654451952
2026-08-25 18:02:59,424 - INFO - Early stop metric (ce): 2.190819982807012
2026-08-25 18:02:59,424 - INFO - No improvement in validation loss. Early stop counter: 3
2026-08-25 18:02:59,424 - INFO - Epoch 70/120
2026-08-25 18:03:11,573 - INFO - Training total loss: 2.1125577173344356
2026-08-25 18:03:11,573 - INFO - Training CE loss: 1.9844420508188032
2026-08-25 18:03:11,573 - INFO - Training COS align loss: 0.0640578340695526
2026-08-25 18:03:11,573 - INFO - Training geometry effective rank: 25.471115012113223
2026-08-25 18:03:11,573 - INFO - Training geometry avg cosine: 0.6820571543177743
2026-08-25 18:03:13,541 - INFO - Validation total loss: 2.3086708390149946
2026-08-25 18:03:13,541 - INFO - Validation CE loss: 2.183593520790722
2026-08-25 18:03:13,541 - INFO - Validation COS align loss: 0.06253865553074128
2026-08-25 18:03:13,541 - INFO - Early stop metric (ce): 2.183593520790722
2026-08-25 18:03:13,541 - INFO - No improvement in validation loss. Early stop counter: 4
2026-08-25 18:03:13,541 - INFO - Epoch 71/120
2026-08-25 18:03:25,719 - INFO - Training total loss: 2.1098001116908476
2026-08-25 18:03:25,719 - INFO - Training CE loss: 1.981659486136084
2026-08-25 18:03:25,719 - INFO - Training COS align loss: 0.06407031556047818
2026-08-25 18:03:25,719 - INFO - Training geometry effective rank: 24.934430051870383
2026-08-25 18:03:25,719 - INFO - Training geometry avg cosine: 0.6828287216012116
2026-08-25 18:03:27,661 - INFO - Validation total loss: 2.3116153002808533
2026-08-25 18:03:27,661 - INFO - Validation CE loss: 2.1866113136766296
2026-08-25 18:03:27,661 - INFO - Validation COS align loss: 0.06250198716257775
2026-08-25 18:03:27,661 - INFO - Early stop metric (ce): 2.1866113136766296
2026-08-25 18:03:27,662 - INFO - No improvement in validation loss. Early stop counter: 5
2026-08-25 18:03:27,662 - INFO - Epoch 72/120
2026-08-25 18:03:39,885 - INFO - Training total loss: 2.1084254910509874
2026-08-25 18:03:39,886 - INFO - Training CE loss: 1.980289674454626
2026-08-25 18:03:39,886 - INFO - Training COS align loss: 0.06406790760240666
2026-08-25 18:03:39,886 - INFO - Training geometry effective rank: 24.91083374468733
2026-08-25 18:03:39,886 - INFO - Training geometry avg cosine: 0.6818819219964024
2026-08-25 18:03:41,862 - INFO - Validation total loss: 2.3049736851786338
2026-08-25 18:03:41,862 - INFO - Validation CE loss: 2.17991422071989
2026-08-25 18:03:41,862 - INFO - Validation COS align loss: 0.06252972992704661
2026-08-25 18:03:41,862 - INFO - Early stop metric (ce): 2.17991422071989
2026-08-25 18:03:41,897 - INFO - Best validation ce loss: 2.17991422071989
2026-08-25 18:03:41,897 - INFO - Best model saved to ./ckpt/causal_tiger_Beauty_cos2_token.pth
2026-08-25 18:03:41,898 - INFO - Epoch 73/120
2026-08-25 18:03:54,081 - INFO - Training total loss: 2.1063061862140313
2026-08-25 18:03:54,082 - INFO - Training CE loss: 1.9781897844971386
2026-08-25 18:03:54,082 - INFO - Training COS align loss: 0.06405820201806985
2026-08-25 18:03:54,082 - INFO - Training geometry effective rank: 24.686352202864473
2026-08-25 18:03:54,082 - INFO - Training geometry avg cosine: 0.6840200170236803
2026-08-25 18:03:55,997 - INFO - Validation total loss: 2.307716931907916
2026-08-25 18:03:55,997 - INFO - Validation CE loss: 2.182601317827282
2026-08-25 18:03:55,997 - INFO - Validation COS align loss: 0.06255780192403834
2026-08-25 18:03:55,997 - INFO - Early stop metric (ce): 2.182601317827282
2026-08-25 18:03:55,997 - INFO - No improvement in validation loss. Early stop counter: 1
2026-08-25 18:03:55,998 - INFO - Epoch 74/120
2026-08-25 18:04:08,142 - INFO - Training total loss: 2.1041176648455373
2026-08-25 18:04:08,142 - INFO - Training CE loss: 1.9760610203798643
2026-08-25 18:04:08,142 - INFO - Training COS align loss: 0.06402832281264814
2026-08-25 18:04:08,142 - INFO - Training geometry effective rank: 24.56671457624621
2026-08-25 18:04:08,142 - INFO - Training geometry avg cosine: 0.6841787169415663
2026-08-25 18:04:10,134 - INFO - Validation total loss: 2.3110507061553105
2026-08-25 18:04:10,134 - INFO - Validation CE loss: 2.1859908886733486
2026-08-25 18:04:10,134 - INFO - Validation COS align loss: 0.06252990388051635
2026-08-25 18:04:10,134 - INFO - Early stop metric (ce): 2.1859908886733486
2026-08-25 18:04:10,135 - INFO - No improvement in validation loss. Early stop counter: 2
2026-08-25 18:04:10,135 - INFO - Epoch 75/120
2026-08-25 18:04:22,374 - INFO - Training total loss: 2.1017364360942916
2026-08-25 18:04:22,375 - INFO - Training CE loss: 1.9736323034253103
2026-08-25 18:04:22,375 - INFO - Training COS align loss: 0.06405206818988815
2026-08-25 18:04:22,375 - INFO - Training geometry effective rank: 24.079102174781177
2026-08-25 18:04:22,375 - INFO - Training geometry avg cosine: 0.6866651889415103
2026-08-25 18:04:24,380 - INFO - Validation total loss: 2.3058851205228224
2026-08-25 18:04:24,380 - INFO - Validation CE loss: 2.1807877239751203
2026-08-25 18:04:24,380 - INFO - Validation COS align loss: 0.06254869239013082
2026-08-25 18:04:24,380 - INFO - Early stop metric (ce): 2.1807877239751203
2026-08-25 18:04:24,381 - INFO - No improvement in validation loss. Early stop counter: 3
2026-08-25 18:04:24,381 - INFO - Epoch 76/120
2026-08-25 18:04:36,587 - INFO - Training total loss: 2.0992014034712825
2026-08-25 18:04:36,587 - INFO - Training CE loss: 1.9711377520969406
2026-08-25 18:04:36,587 - INFO - Training COS align loss: 0.06403182533928392
2026-08-25 18:04:36,587 - INFO - Training geometry effective rank: 23.88452587424549
2026-08-25 18:04:36,587 - INFO - Training geometry avg cosine: 0.6875069423176435
2026-08-25 18:04:38,583 - INFO - Validation total loss: 2.309084589389261
2026-08-25 18:04:38,584 - INFO - Validation CE loss: 2.184022258791289
2026-08-25 18:04:38,584 - INFO - Validation COS align loss: 0.06253115992689337
2026-08-25 18:04:38,584 - INFO - Early stop metric (ce): 2.184022258791289
2026-08-25 18:04:38,584 - INFO - No improvement in validation loss. Early stop counter: 4
2026-08-25 18:04:38,584 - INFO - Epoch 77/120
2026-08-25 18:04:50,756 - INFO - Training total loss: 2.097589859702708
2026-08-25 18:04:50,756 - INFO - Training CE loss: 1.9695314976027967
2026-08-25 18:04:50,756 - INFO - Training COS align loss: 0.06402917931052034
2026-08-25 18:04:50,756 - INFO - Training geometry effective rank: 24.04051107933549
2026-08-25 18:04:50,756 - INFO - Training geometry avg cosine: 0.6856791335321122
2026-08-25 18:04:52,713 - INFO - Validation total loss: 2.3113602420291164
2026-08-25 18:04:52,713 - INFO - Validation CE loss: 2.1862260364155914
2026-08-25 18:04:52,713 - INFO - Validation COS align loss: 0.06256709615560048
2026-08-25 18:04:52,713 - INFO - Early stop metric (ce): 2.1862260364155914
2026-08-25 18:04:52,714 - INFO - No improvement in validation loss. Early stop counter: 5
2026-08-25 18:04:52,714 - INFO - Epoch 78/120
2026-08-25 18:05:04,847 - INFO - Training total loss: 2.093870696390649
2026-08-25 18:05:04,847 - INFO - Training CE loss: 1.9657907812975723
2026-08-25 18:05:04,847 - INFO - Training COS align loss: 0.06403995534325388
2026-08-25 18:05:04,847 - INFO - Training geometry effective rank: 23.691044866806802
2026-08-25 18:05:04,847 - INFO - Training geometry avg cosine: 0.6870870272473139
2026-08-25 18:05:06,866 - INFO - Validation total loss: 2.311836499512963
2026-08-25 18:05:06,866 - INFO - Validation CE loss: 2.1868596885337337
2026-08-25 18:05:06,866 - INFO - Validation COS align loss: 0.06248839960589429
2026-08-25 18:05:06,866 - INFO - Early stop metric (ce): 2.1868596885337337
2026-08-25 18:05:06,866 - INFO - No improvement in validation loss. Early stop counter: 6
2026-08-25 18:05:06,867 - INFO - Epoch 79/120
2026-08-25 18:05:19,012 - INFO - Training total loss: 2.0910542672246346
2026-08-25 18:05:19,012 - INFO - Training CE loss: 1.9630014265557671
2026-08-25 18:05:19,012 - INFO - Training COS align loss: 0.06402642079828315
2026-08-25 18:05:19,012 - INFO - Training geometry effective rank: 23.49889517015984
2026-08-25 18:05:19,012 - INFO - Training geometry avg cosine: 0.6879857512995426
2026-08-25 18:05:21,000 - INFO - Validation total loss: 2.3131826051826643
2026-08-25 18:05:21,000 - INFO - Validation CE loss: 2.1881622603011235
2026-08-25 18:05:21,000 - INFO - Validation COS align loss: 0.06251016706867792
2026-08-25 18:05:21,000 - INFO - Early stop metric (ce): 2.1881622603011235
2026-08-25 18:05:21,001 - INFO - No improvement in validation loss. Early stop counter: 7
2026-08-25 18:05:21,001 - INFO - Epoch 80/120
2026-08-25 18:05:33,146 - INFO - Training total loss: 2.0890697616547462
2026-08-25 18:05:33,146 - INFO - Training CE loss: 1.9610156723033594
2026-08-25 18:05:33,146 - INFO - Training COS align loss: 0.06402704363203235
2026-08-25 18:05:33,146 - INFO - Training geometry effective rank: 23.376025385429887
2026-08-25 18:05:33,146 - INFO - Training geometry avg cosine: 0.6898408147147658
2026-08-25 18:05:35,066 - INFO - Validation total loss: 2.31512166041673
2026-08-25 18:05:35,066 - INFO - Validation CE loss: 2.1901133771618038
2026-08-25 18:05:35,066 - INFO - Validation COS align loss: 0.06250413548792892
2026-08-25 18:05:35,066 - INFO - Early stop metric (ce): 2.1901133771618038
2026-08-25 18:05:35,067 - INFO - No improvement in validation loss. Early stop counter: 8
2026-08-25 18:05:35,067 - INFO - Epoch 81/120
2026-08-25 18:05:47,360 - INFO - Training total loss: 2.088826429287283
2026-08-25 18:05:47,360 - INFO - Training CE loss: 1.9607851834612597
2026-08-25 18:05:47,360 - INFO - Training COS align loss: 0.06402062627591976
2026-08-25 18:05:47,360 - INFO - Training geometry effective rank: 23.041997772246482
2026-08-25 18:05:47,360 - INFO - Training geometry avg cosine: 0.6892479161808
2026-08-25 18:05:49,345 - INFO - Validation total loss: 2.311796313703316
2026-08-25 18:05:49,346 - INFO - Validation CE loss: 2.186964697592248
2026-08-25 18:05:49,346 - INFO - Validation COS align loss: 0.06241580217181357
2026-08-25 18:05:49,346 - INFO - Early stop metric (ce): 2.186964697592248
2026-08-25 18:05:49,346 - INFO - No improvement in validation loss. Early stop counter: 9
2026-08-25 18:05:49,346 - INFO - Epoch 82/120
2026-08-25 18:06:01,601 - INFO - Training total loss: 2.084245134188507
2026-08-25 18:06:01,601 - INFO - Training CE loss: 1.9561502437183365
2026-08-25 18:06:01,601 - INFO - Training COS align loss: 0.06404744558297243
2026-08-25 18:06:01,601 - INFO - Training geometry effective rank: 22.932089408547963
2026-08-25 18:06:01,601 - INFO - Training geometry avg cosine: 0.689197322737846
2026-08-25 18:06:03,598 - INFO - Validation total loss: 2.311873390439242
2026-08-25 18:06:03,598 - INFO - Validation CE loss: 2.1869332381072475
2026-08-25 18:06:03,598 - INFO - Validation COS align loss: 0.06247007284041638
2026-08-25 18:06:03,598 - INFO - Early stop metric (ce): 2.1869332381072475
2026-08-25 18:06:03,599 - INFO - No improvement in validation loss. Early stop counter: 10
2026-08-25 18:06:03,599 - INFO - Early stopping triggered.
2026-08-25 18:06:03,612 - INFO - Loading best model for final testing...
2026-08-25 18:14:29,130 - INFO - Final Epoch: 72
2026-08-25 18:14:29,132 - INFO - Final Test Recalls: {'Recall@5': 0.0398081446250365, 'Recall@10': 0.06043268258527497, 'Recall@20': 0.08843628665664165}
2026-08-25 18:14:29,132 - INFO - Final Test NDCGs: {'NDCG@5': 0.02632688597052522, 'NDCG@10': 0.03294166104564275, 'NDCG@20': 0.03996570687341332}
