2026-08-24 11:24:20,464 - INFO - Configuration: {'batch_size': 256, 'infer_size': 96, 'num_epochs': 200, 'lr': 0.0001, 'device': 'cuda', 'num_layers': 4, 'num_decoder_layers': 4, 'd_model': 128, 'd_ff': 1024, 'num_heads': 6, 'd_kv': 64, 'dropout_rate': 0.1, 'vocab_size': 1025, 'pad_token_id': 0, 'eos_token_id': 0, 'feed_forward_proj': 'relu', 'max_len': 20, 'dataset_path': '../data/Beauty', 'code_path': '../data/Beauty/Beauty_t5_rqvae.npy', 'item_emb_path': '../data/Beauty/item_emb.parquet', 'item_emb_dim': 768, 'mse_loss_weight': 0.1, 'mse_loss_mode': 'mean', 'align_loss_type': 'cos', 'early_stop_metric': 'ce', 'mode': 'train', 'model_type': 'causal', 'log_path': './logs/causal_tiger_Beauty_cos0.1_mean.log', 'seed': 2025, 'save_path': './ckpt/causal_tiger_Beauty_cos0.1_mean.pth', 'early_stop': 10, 'topk_list': [5, 10, 20], 'beam_size': 30}
2026-08-24 11:24:20,491 - INFO - #Embedding parameters: 131200
#Non-embedding parameters: 4557952
#Total trainable parameters: 4689152

2026-08-24 11:24:25,019 - INFO - Epoch 1/200
2026-08-24 11:24:48,334 - INFO - Training loss: 4.903960365265724
2026-08-24 11:24:50,692 - INFO - Validation total loss: 4.393543664989553
2026-08-24 11:24:50,692 - INFO - Validation CE loss: 4.382520063752269
2026-08-24 11:24:50,692 - INFO - Validation MSE loss: 0.11023590621006847
2026-08-24 11:24:50,692 - INFO - Early stop metric (ce): 4.382520063752269
2026-08-24 11:24:50,747 - INFO - Best validation ce loss: 4.382520063752269
2026-08-24 11:24:50,747 - INFO - Best model saved to ./ckpt/causal_tiger_Beauty_cos0.1_mean.pth
2026-08-24 11:24:50,747 - INFO - Epoch 2/200
2026-08-24 11:25:13,582 - INFO - Training loss: 4.222483130744459
2026-08-24 11:25:15,893 - INFO - Validation total loss: 4.055366189694712
2026-08-24 11:25:15,893 - INFO - Validation CE loss: 4.046279717924257
2026-08-24 11:25:15,893 - INFO - Validation MSE loss: 0.09086456779758306
2026-08-24 11:25:15,893 - INFO - Early stop metric (ce): 4.046279717924257
2026-08-24 11:25:15,955 - INFO - Best validation ce loss: 4.046279717924257
2026-08-24 11:25:15,955 - INFO - Best model saved to ./ckpt/causal_tiger_Beauty_cos0.1_mean.pth
2026-08-24 11:25:15,955 - INFO - Epoch 3/200
2026-08-24 11:25:38,843 - INFO - Training loss: 3.889721073529136
2026-08-24 11:25:41,329 - INFO - Validation total loss: 3.793605553745712
2026-08-24 11:25:41,329 - INFO - Validation CE loss: 3.7856195617643036
2026-08-24 11:25:41,329 - INFO - Validation MSE loss: 0.07985992365129005
2026-08-24 11:25:41,329 - INFO - Early stop metric (ce): 3.7856195617643036
2026-08-24 11:25:41,387 - INFO - Best validation ce loss: 3.7856195617643036
2026-08-24 11:25:41,387 - INFO - Best model saved to ./ckpt/causal_tiger_Beauty_cos0.1_mean.pth
2026-08-24 11:25:41,387 - INFO - Epoch 4/200
2026-08-24 11:26:04,297 - INFO - Training loss: 3.6390570536661704
2026-08-24 11:26:06,602 - INFO - Validation total loss: 3.587852739980804
2026-08-24 11:26:06,603 - INFO - Validation CE loss: 3.580395845896185
2026-08-24 11:26:06,603 - INFO - Validation MSE loss: 0.07456892268340475
2026-08-24 11:26:06,603 - INFO - Early stop metric (ce): 3.580395845896185
2026-08-24 11:26:06,666 - INFO - Best validation ce loss: 3.580395845896185
2026-08-24 11:26:06,666 - INFO - Best model saved to ./ckpt/causal_tiger_Beauty_cos0.1_mean.pth
2026-08-24 11:26:06,666 - INFO - Epoch 5/200
2026-08-24 11:26:29,493 - INFO - Training loss: 3.440154539008085
2026-08-24 11:26:31,872 - INFO - Validation total loss: 3.405812909163119
2026-08-24 11:26:31,872 - INFO - Validation CE loss: 3.3986849447176692
2026-08-24 11:26:31,872 - INFO - Validation MSE loss: 0.07127958894287567
2026-08-24 11:26:31,872 - INFO - Early stop metric (ce): 3.3986849447176692
2026-08-24 11:26:31,930 - INFO - Best validation ce loss: 3.3986849447176692
2026-08-24 11:26:31,930 - INFO - Best model saved to ./ckpt/causal_tiger_Beauty_cos0.1_mean.pth
2026-08-24 11:26:31,931 - INFO - Epoch 6/200
2026-08-24 11:26:54,864 - INFO - Training loss: 3.2799282375476704
2026-08-24 11:26:57,180 - INFO - Validation total loss: 3.257427834645873
2026-08-24 11:26:57,180 - INFO - Validation CE loss: 3.2505084987362056
2026-08-24 11:26:57,180 - INFO - Validation MSE loss: 0.0691933115152842
2026-08-24 11:26:57,180 - INFO - Early stop metric (ce): 3.2505084987362056
2026-08-24 11:26:57,241 - INFO - Best validation ce loss: 3.2505084987362056
2026-08-24 11:26:57,241 - INFO - Best model saved to ./ckpt/causal_tiger_Beauty_cos0.1_mean.pth
2026-08-24 11:26:57,241 - INFO - Epoch 7/200
2026-08-24 11:27:20,169 - INFO - Training loss: 3.1482177703760943
2026-08-24 11:27:22,446 - INFO - Validation total loss: 3.1347450278859283
2026-08-24 11:27:22,446 - INFO - Validation CE loss: 3.1280034898176727
2026-08-24 11:27:22,446 - INFO - Validation MSE loss: 0.0674153167290749
2026-08-24 11:27:22,446 - INFO - Early stop metric (ce): 3.1280034898176727
2026-08-24 11:27:22,505 - INFO - Best validation ce loss: 3.1280034898176727
2026-08-24 11:27:22,506 - INFO - Best model saved to ./ckpt/causal_tiger_Beauty_cos0.1_mean.pth
2026-08-24 11:27:22,506 - INFO - Epoch 8/200
2026-08-24 11:27:45,406 - INFO - Training loss: 3.038325675266726
2026-08-24 11:27:47,740 - INFO - Validation total loss: 3.036085083760929
2026-08-24 11:27:47,740 - INFO - Validation CE loss: 3.0294684698653325
2026-08-24 11:27:47,740 - INFO - Validation MSE loss: 0.06616604021178807
2026-08-24 11:27:47,741 - INFO - Early stop metric (ce): 3.0294684698653325
2026-08-24 11:27:47,800 - INFO - Best validation ce loss: 3.0294684698653325
2026-08-24 11:27:47,800 - INFO - Best model saved to ./ckpt/causal_tiger_Beauty_cos0.1_mean.pth
2026-08-24 11:27:47,800 - INFO - Epoch 9/200
2026-08-24 11:28:10,660 - INFO - Training loss: 2.9489003818786563
2026-08-24 11:28:12,951 - INFO - Validation total loss: 2.9526081028926012
2026-08-24 11:28:12,952 - INFO - Validation CE loss: 2.946099032148271
2026-08-24 11:28:12,952 - INFO - Validation MSE loss: 0.06509066190842396
2026-08-24 11:28:12,952 - INFO - Early stop metric (ce): 2.946099032148271
2026-08-24 11:28:13,009 - INFO - Best validation ce loss: 2.946099032148271
2026-08-24 11:28:13,009 - INFO - Best model saved to ./ckpt/causal_tiger_Beauty_cos0.1_mean.pth
2026-08-24 11:28:13,009 - INFO - Epoch 10/200
2026-08-24 11:28:35,813 - INFO - Training loss: 2.870790032561187
2026-08-24 11:28:38,122 - INFO - Validation total loss: 2.8791389091843698
2026-08-24 11:28:38,122 - INFO - Validation CE loss: 2.872723410569547
2026-08-24 11:28:38,122 - INFO - Validation MSE loss: 0.0641549569854409
2026-08-24 11:28:38,122 - INFO - Early stop metric (ce): 2.872723410569547
2026-08-24 11:28:38,187 - INFO - Best validation ce loss: 2.872723410569547
2026-08-24 11:28:38,187 - INFO - Best model saved to ./ckpt/causal_tiger_Beauty_cos0.1_mean.pth
2026-08-24 11:28:38,188 - INFO - Epoch 11/200
2026-08-24 11:29:01,042 - INFO - Training loss: 2.8064621060738766
2026-08-24 11:29:03,359 - INFO - Validation total loss: 2.81626888457286
2026-08-24 11:29:03,359 - INFO - Validation CE loss: 2.809921532741432
2026-08-24 11:29:03,359 - INFO - Validation MSE loss: 0.0634735201049772
2026-08-24 11:29:03,359 - INFO - Early stop metric (ce): 2.809921532741432
2026-08-24 11:29:03,423 - INFO - Best validation ce loss: 2.809921532741432
2026-08-24 11:29:03,423 - INFO - Best model saved to ./ckpt/causal_tiger_Beauty_cos0.1_mean.pth
2026-08-24 11:29:03,423 - INFO - Epoch 12/200
2026-08-24 11:29:26,328 - INFO - Training loss: 2.7508736570521553
2026-08-24 11:29:28,609 - INFO - Validation total loss: 2.7619808359719142
2026-08-24 11:29:28,609 - INFO - Validation CE loss: 2.7556977082731384
2026-08-24 11:29:28,609 - INFO - Validation MSE loss: 0.06283128645287052
2026-08-24 11:29:28,609 - INFO - Early stop metric (ce): 2.7556977082731384
2026-08-24 11:29:28,674 - INFO - Best validation ce loss: 2.7556977082731384
2026-08-24 11:29:28,674 - INFO - Best model saved to ./ckpt/causal_tiger_Beauty_cos0.1_mean.pth
2026-08-24 11:29:28,675 - INFO - Epoch 13/200
2026-08-24 11:29:51,524 - INFO - Training loss: 2.6994374271496726
2026-08-24 11:29:53,837 - INFO - Validation total loss: 2.7141026023119816
2026-08-24 11:29:53,837 - INFO - Validation CE loss: 2.7078725493517046
2026-08-24 11:29:53,837 - INFO - Validation MSE loss: 0.0623005173237027
2026-08-24 11:29:53,837 - INFO - Early stop metric (ce): 2.7078725493517046
2026-08-24 11:29:53,904 - INFO - Best validation ce loss: 2.7078725493517046
2026-08-24 11:29:53,904 - INFO - Best model saved to ./ckpt/causal_tiger_Beauty_cos0.1_mean.pth
2026-08-24 11:29:53,904 - INFO - Epoch 14/200
2026-08-24 11:30:16,706 - INFO - Training loss: 2.655995388439193
2026-08-24 11:30:19,123 - INFO - Validation total loss: 2.6792370940482666
2026-08-24 11:30:19,123 - INFO - Validation CE loss: 2.6730298494576386
2026-08-24 11:30:19,123 - INFO - Validation MSE loss: 0.06207234613885184
2026-08-24 11:30:19,123 - INFO - Early stop metric (ce): 2.6730298494576386
2026-08-24 11:30:19,190 - INFO - Best validation ce loss: 2.6730298494576386
2026-08-24 11:30:19,190 - INFO - Best model saved to ./ckpt/causal_tiger_Beauty_cos0.1_mean.pth
2026-08-24 11:30:19,190 - INFO - Epoch 15/200
2026-08-24 11:30:42,006 - INFO - Training loss: 2.61922281261548
2026-08-24 11:30:44,300 - INFO - Validation total loss: 2.639456751520542
2026-08-24 11:30:44,300 - INFO - Validation CE loss: 2.6333055132960044
2026-08-24 11:30:44,300 - INFO - Validation MSE loss: 0.061512329036074134
2026-08-24 11:30:44,300 - INFO - Early stop metric (ce): 2.6333055132960044
2026-08-24 11:30:44,369 - INFO - Best validation ce loss: 2.6333055132960044
2026-08-24 11:30:44,369 - INFO - Best model saved to ./ckpt/causal_tiger_Beauty_cos0.1_mean.pth
2026-08-24 11:30:44,370 - INFO - Epoch 16/200
2026-08-24 11:31:07,242 - INFO - Training loss: 2.5844241705386093
2026-08-24 11:31:09,500 - INFO - Validation total loss: 2.6119311495400295
2026-08-24 11:31:09,500 - INFO - Validation CE loss: 2.605803423173438
2026-08-24 11:31:09,500 - INFO - Validation MSE loss: 0.06127731175893366
2026-08-24 11:31:09,500 - INFO - Early stop metric (ce): 2.605803423173438
2026-08-24 11:31:09,567 - INFO - Best validation ce loss: 2.605803423173438
2026-08-24 11:31:09,567 - INFO - Best model saved to ./ckpt/causal_tiger_Beauty_cos0.1_mean.pth
2026-08-24 11:31:09,568 - INFO - Epoch 17/200
2026-08-24 11:31:32,429 - INFO - Training loss: 2.5492662321268815
2026-08-24 11:31:34,712 - INFO - Validation total loss: 2.5805747268537593
2026-08-24 11:31:34,713 - INFO - Validation CE loss: 2.574454202160815
2026-08-24 11:31:34,713 - INFO - Validation MSE loss: 0.06120516020852609
2026-08-24 11:31:34,713 - INFO - Early stop metric (ce): 2.574454202160815
2026-08-24 11:31:34,776 - INFO - Best validation ce loss: 2.574454202160815
2026-08-24 11:31:34,776 - INFO - Best model saved to ./ckpt/causal_tiger_Beauty_cos0.1_mean.pth
2026-08-24 11:31:34,776 - INFO - Epoch 18/200
2026-08-24 11:31:57,601 - INFO - Training loss: 2.5220242084696136
2026-08-24 11:31:59,966 - INFO - Validation total loss: 2.5550835112133763
2026-08-24 11:31:59,966 - INFO - Validation CE loss: 2.548993001168378
2026-08-24 11:31:59,966 - INFO - Validation MSE loss: 0.060905020891852645
2026-08-24 11:31:59,966 - INFO - Early stop metric (ce): 2.548993001168378
2026-08-24 11:32:00,034 - INFO - Best validation ce loss: 2.548993001168378
2026-08-24 11:32:00,034 - INFO - Best model saved to ./ckpt/causal_tiger_Beauty_cos0.1_mean.pth
2026-08-24 11:32:00,034 - INFO - Epoch 19/200
2026-08-24 11:32:22,874 - INFO - Training loss: 2.4972810035549715
2026-08-24 11:32:25,153 - INFO - Validation total loss: 2.528462795228917
2026-08-24 11:32:25,153 - INFO - Validation CE loss: 2.5223725803931893
2026-08-24 11:32:25,153 - INFO - Validation MSE loss: 0.06090206240379759
2026-08-24 11:32:25,153 - INFO - Early stop metric (ce): 2.5223725803931893
2026-08-24 11:32:25,219 - INFO - Best validation ce loss: 2.5223725803931893
2026-08-24 11:32:25,219 - INFO - Best model saved to ./ckpt/causal_tiger_Beauty_cos0.1_mean.pth
2026-08-24 11:32:25,219 - INFO - Epoch 20/200
2026-08-24 11:32:48,103 - INFO - Training loss: 2.4722445020415904
2026-08-24 11:32:50,442 - INFO - Validation total loss: 2.509335516348417
2026-08-24 11:32:50,442 - INFO - Validation CE loss: 2.503246584163715
2026-08-24 11:32:50,442 - INFO - Validation MSE loss: 0.060889313916791664
2026-08-24 11:32:50,442 - INFO - Early stop metric (ce): 2.503246584163715
2026-08-24 11:32:50,504 - INFO - Best validation ce loss: 2.503246584163715
2026-08-24 11:32:50,504 - INFO - Best model saved to ./ckpt/causal_tiger_Beauty_cos0.1_mean.pth
2026-08-24 11:32:50,505 - INFO - Epoch 21/200
2026-08-24 11:33:13,292 - INFO - Training loss: 2.45044657089367
2026-08-24 11:33:15,550 - INFO - Validation total loss: 2.4897501192379408
2026-08-24 11:33:15,551 - INFO - Validation CE loss: 2.483686473748203
2026-08-24 11:33:15,551 - INFO - Validation MSE loss: 0.06063639580436019
2026-08-24 11:33:15,551 - INFO - Early stop metric (ce): 2.483686473748203
2026-08-24 11:33:15,614 - INFO - Best validation ce loss: 2.483686473748203
2026-08-24 11:33:15,614 - INFO - Best model saved to ./ckpt/causal_tiger_Beauty_cos0.1_mean.pth
2026-08-24 11:33:15,614 - INFO - Epoch 22/200
2026-08-24 11:33:38,531 - INFO - Training loss: 2.4306952879122723
2026-08-24 11:33:40,795 - INFO - Validation total loss: 2.470792559595067
2026-08-24 11:33:40,796 - INFO - Validation CE loss: 2.4647414714993325
2026-08-24 11:33:40,796 - INFO - Validation MSE loss: 0.06051090858524961
2026-08-24 11:33:40,796 - INFO - Early stop metric (ce): 2.4647414714993325
2026-08-24 11:33:40,860 - INFO - Best validation ce loss: 2.4647414714993325
2026-08-24 11:33:40,860 - INFO - Best model saved to ./ckpt/causal_tiger_Beauty_cos0.1_mean.pth
2026-08-24 11:33:40,860 - INFO - Epoch 23/200
2026-08-24 11:34:03,749 - INFO - Training loss: 2.4123048068020596
2026-08-24 11:34:06,075 - INFO - Validation total loss: 2.4571272825478485
2026-08-24 11:34:06,075 - INFO - Validation CE loss: 2.451090633613357
2026-08-24 11:34:06,075 - INFO - Validation MSE loss: 0.06036655713560243
2026-08-24 11:34:06,075 - INFO - Early stop metric (ce): 2.451090633613357
2026-08-24 11:34:06,139 - INFO - Best validation ce loss: 2.451090633613357
2026-08-24 11:34:06,139 - INFO - Best model saved to ./ckpt/causal_tiger_Beauty_cos0.1_mean.pth
2026-08-24 11:34:06,140 - INFO - Epoch 24/200
2026-08-24 11:34:29,075 - INFO - Training loss: 2.396308338131886
2026-08-24 11:34:31,422 - INFO - Validation total loss: 2.445829024642322
2026-08-24 11:34:31,423 - INFO - Validation CE loss: 2.439793850219301
2026-08-24 11:34:31,423 - INFO - Validation MSE loss: 0.06035177339300066
2026-08-24 11:34:31,423 - INFO - Early stop metric (ce): 2.439793850219301
2026-08-24 11:34:31,484 - INFO - Best validation ce loss: 2.439793850219301
2026-08-24 11:34:31,485 - INFO - Best model saved to ./ckpt/causal_tiger_Beauty_cos0.1_mean.pth
2026-08-24 11:34:31,485 - INFO - Epoch 25/200
2026-08-24 11:34:54,367 - INFO - Training loss: 2.3794807789390653
2026-08-24 11:34:56,663 - INFO - Validation total loss: 2.42674583324547
2026-08-24 11:34:56,663 - INFO - Validation CE loss: 2.4206935192894017
2026-08-24 11:34:56,663 - INFO - Validation MSE loss: 0.060523049769995035
2026-08-24 11:34:56,663 - INFO - Early stop metric (ce): 2.4206935192894017
2026-08-24 11:34:56,730 - INFO - Best validation ce loss: 2.4206935192894017
2026-08-24 11:34:56,730 - INFO - Best model saved to ./ckpt/causal_tiger_Beauty_cos0.1_mean.pth
2026-08-24 11:34:56,730 - INFO - Epoch 26/200
2026-08-24 11:35:19,772 - INFO - Training loss: 2.364697970768821
2026-08-24 11:35:22,306 - INFO - Validation total loss: 2.4138935763436837
2026-08-24 11:35:22,306 - INFO - Validation CE loss: 2.407847583549729
2026-08-24 11:35:22,306 - INFO - Validation MSE loss: 0.060459839683745555
2026-08-24 11:35:22,306 - INFO - Early stop metric (ce): 2.407847583549729
2026-08-24 11:35:22,366 - INFO - Best validation ce loss: 2.407847583549729
2026-08-24 11:35:22,366 - INFO - Best model saved to ./ckpt/causal_tiger_Beauty_cos0.1_mean.pth
2026-08-24 11:35:22,366 - INFO - Epoch 27/200
2026-08-24 11:35:45,348 - INFO - Training loss: 2.3494819514018555
2026-08-24 11:35:47,896 - INFO - Validation total loss: 2.4037929998446943
2026-08-24 11:35:47,897 - INFO - Validation CE loss: 2.3977470162600407
2026-08-24 11:35:47,897 - INFO - Validation MSE loss: 0.06045987780002054
2026-08-24 11:35:47,897 - INFO - Early stop metric (ce): 2.3977470162600407
2026-08-24 11:35:47,959 - INFO - Best validation ce loss: 2.3977470162600407
2026-08-24 11:35:47,959 - INFO - Best model saved to ./ckpt/causal_tiger_Beauty_cos0.1_mean.pth
2026-08-24 11:35:47,959 - INFO - Epoch 28/200
2026-08-24 11:36:10,892 - INFO - Training loss: 2.3373165320793476
2026-08-24 11:36:13,391 - INFO - Validation total loss: 2.3912836993712725
2026-08-24 11:36:13,391 - INFO - Validation CE loss: 2.385248670250561
2026-08-24 11:36:13,391 - INFO - Validation MSE loss: 0.06035030936990173
2026-08-24 11:36:13,391 - INFO - Early stop metric (ce): 2.385248670250561
2026-08-24 11:36:13,456 - INFO - Best validation ce loss: 2.385248670250561
2026-08-24 11:36:13,456 - INFO - Best model saved to ./ckpt/causal_tiger_Beauty_cos0.1_mean.pth
2026-08-24 11:36:13,457 - INFO - Epoch 29/200
2026-08-24 11:36:36,400 - INFO - Training loss: 2.3236055898295302
2026-08-24 11:36:38,916 - INFO - Validation total loss: 2.3864951660704716
2026-08-24 11:36:38,916 - INFO - Validation CE loss: 2.3804534392295476
2026-08-24 11:36:38,916 - INFO - Validation MSE loss: 0.06041729322318867
2026-08-24 11:36:38,916 - INFO - Early stop metric (ce): 2.3804534392295476
2026-08-24 11:36:38,975 - INFO - Best validation ce loss: 2.3804534392295476
2026-08-24 11:36:38,975 - INFO - Best model saved to ./ckpt/causal_tiger_Beauty_cos0.1_mean.pth
2026-08-24 11:36:38,976 - INFO - Epoch 30/200
2026-08-24 11:37:01,935 - INFO - Training loss: 2.311980839833211
2026-08-24 11:37:04,453 - INFO - Validation total loss: 2.3738336476133615
2026-08-24 11:37:04,453 - INFO - Validation CE loss: 2.367808119421865
2026-08-24 11:37:04,453 - INFO - Validation MSE loss: 0.06025523510102039
2026-08-24 11:37:04,453 - INFO - Early stop metric (ce): 2.367808119421865
2026-08-24 11:37:04,513 - INFO - Best validation ce loss: 2.367808119421865
2026-08-24 11:37:04,513 - INFO - Best model saved to ./ckpt/causal_tiger_Beauty_cos0.1_mean.pth
2026-08-24 11:37:04,514 - INFO - Epoch 31/200
2026-08-24 11:37:27,529 - INFO - Training loss: 2.3013636759746863
2026-08-24 11:37:30,075 - INFO - Validation total loss: 2.3628994830176553
2026-08-24 11:37:30,076 - INFO - Validation CE loss: 2.3568608709670955
2026-08-24 11:37:30,076 - INFO - Validation MSE loss: 0.0603861391800156
2026-08-24 11:37:30,076 - INFO - Early stop metric (ce): 2.3568608709670955
2026-08-24 11:37:30,135 - INFO - Best validation ce loss: 2.3568608709670955
2026-08-24 11:37:30,136 - INFO - Best model saved to ./ckpt/causal_tiger_Beauty_cos0.1_mean.pth
2026-08-24 11:37:30,136 - INFO - Epoch 32/200
2026-08-24 11:37:53,121 - INFO - Training loss: 2.2881862249819687
2026-08-24 11:37:55,670 - INFO - Validation total loss: 2.357441347044425
2026-08-24 11:37:55,670 - INFO - Validation CE loss: 2.35140552797031
2026-08-24 11:37:55,670 - INFO - Validation MSE loss: 0.060358160043479034
2026-08-24 11:37:55,670 - INFO - Early stop metric (ce): 2.35140552797031
2026-08-24 11:37:55,730 - INFO - Best validation ce loss: 2.35140552797031
2026-08-24 11:37:55,730 - INFO - Best model saved to ./ckpt/causal_tiger_Beauty_cos0.1_mean.pth
2026-08-24 11:37:55,730 - INFO - Epoch 33/200
2026-08-24 11:38:18,743 - INFO - Training loss: 2.2792316378322557
2026-08-24 11:38:21,252 - INFO - Validation total loss: 2.3481055472541774
2026-08-24 11:38:21,252 - INFO - Validation CE loss: 2.342073170412252
2026-08-24 11:38:21,252 - INFO - Validation MSE loss: 0.06032378607041846
2026-08-24 11:38:21,252 - INFO - Early stop metric (ce): 2.342073170412252
2026-08-24 11:38:21,317 - INFO - Best validation ce loss: 2.342073170412252
2026-08-24 11:38:21,317 - INFO - Best model saved to ./ckpt/causal_tiger_Beauty_cos0.1_mean.pth
2026-08-24 11:38:21,318 - INFO - Epoch 34/200
2026-08-24 11:38:44,254 - INFO - Training loss: 2.2689152306619786
2026-08-24 11:38:46,795 - INFO - Validation total loss: 2.342334803081889
2026-08-24 11:38:46,795 - INFO - Validation CE loss: 2.3363116232622336
2026-08-24 11:38:46,795 - INFO - Validation MSE loss: 0.06023179794074128
2026-08-24 11:38:46,795 - INFO - Early stop metric (ce): 2.3363116232622336
2026-08-24 11:38:46,859 - INFO - Best validation ce loss: 2.3363116232622336
2026-08-24 11:38:46,859 - INFO - Best model saved to ./ckpt/causal_tiger_Beauty_cos0.1_mean.pth
2026-08-24 11:38:46,859 - INFO - Epoch 35/200
2026-08-24 11:39:09,828 - INFO - Training loss: 2.2589346680659728
2026-08-24 11:39:12,176 - INFO - Validation total loss: 2.3388752410340206
2026-08-24 11:39:12,176 - INFO - Validation CE loss: 2.33283956623896
2026-08-24 11:39:12,176 - INFO - Validation MSE loss: 0.060356834415714114
2026-08-24 11:39:12,176 - INFO - Early stop metric (ce): 2.33283956623896
2026-08-24 11:39:12,238 - INFO - Best validation ce loss: 2.33283956623896
2026-08-24 11:39:12,238 - INFO - Best model saved to ./ckpt/causal_tiger_Beauty_cos0.1_mean.pth
2026-08-24 11:39:12,239 - INFO - Epoch 36/200
2026-08-24 11:39:35,189 - INFO - Training loss: 2.250766155784696
2026-08-24 11:39:37,518 - INFO - Validation total loss: 2.3315834446526393
2026-08-24 11:39:37,518 - INFO - Validation CE loss: 2.3255636717628514
2026-08-24 11:39:37,518 - INFO - Validation MSE loss: 0.060197723014160286
2026-08-24 11:39:37,518 - INFO - Early stop metric (ce): 2.3255636717628514
2026-08-24 11:39:37,578 - INFO - Best validation ce loss: 2.3255636717628514
2026-08-24 11:39:37,578 - INFO - Best model saved to ./ckpt/causal_tiger_Beauty_cos0.1_mean.pth
2026-08-24 11:39:37,578 - INFO - Epoch 37/200
2026-08-24 11:40:00,582 - INFO - Training loss: 2.240489520451438
2026-08-24 11:40:03,068 - INFO - Validation total loss: 2.3246151960970507
2026-08-24 11:40:03,069 - INFO - Validation CE loss: 2.3185797540926627
2026-08-24 11:40:03,069 - INFO - Validation MSE loss: 0.0603544197880659
2026-08-24 11:40:03,069 - INFO - Early stop metric (ce): 2.3185797540926627
2026-08-24 11:40:03,131 - INFO - Best validation ce loss: 2.3185797540926627
2026-08-24 11:40:03,132 - INFO - Best model saved to ./ckpt/causal_tiger_Beauty_cos0.1_mean.pth
2026-08-24 11:40:03,132 - INFO - Epoch 38/200
2026-08-24 11:40:26,094 - INFO - Training loss: 2.232850774252925
2026-08-24 11:40:28,411 - INFO - Validation total loss: 2.317071375928723
2026-08-24 11:40:28,411 - INFO - Validation CE loss: 2.311040464900594
2026-08-24 11:40:28,411 - INFO - Validation MSE loss: 0.060309113862688446
2026-08-24 11:40:28,411 - INFO - Early stop metric (ce): 2.311040464900594
2026-08-24 11:40:28,471 - INFO - Best validation ce loss: 2.311040464900594
2026-08-24 11:40:28,472 - INFO - Best model saved to ./ckpt/causal_tiger_Beauty_cos0.1_mean.pth
2026-08-24 11:40:28,472 - INFO - Epoch 39/200
2026-08-24 11:40:51,422 - INFO - Training loss: 2.2263610771194045
2026-08-24 11:40:53,861 - INFO - Validation total loss: 2.3092925476925568
2026-08-24 11:40:53,861 - INFO - Validation CE loss: 2.303272010430758
2026-08-24 11:40:53,861 - INFO - Validation MSE loss: 0.060205386943571554
2026-08-24 11:40:53,861 - INFO - Early stop metric (ce): 2.303272010430758
2026-08-24 11:40:53,923 - INFO - Best validation ce loss: 2.303272010430758
2026-08-24 11:40:53,923 - INFO - Best model saved to ./ckpt/causal_tiger_Beauty_cos0.1_mean.pth
2026-08-24 11:40:53,923 - INFO - Epoch 40/200
2026-08-24 11:41:16,914 - INFO - Training loss: 2.217675844519055
2026-08-24 11:41:19,297 - INFO - Validation total loss: 2.306233680299423
2026-08-24 11:41:19,297 - INFO - Validation CE loss: 2.300191452574832
2026-08-24 11:41:19,297 - INFO - Validation MSE loss: 0.06042225038544814
2026-08-24 11:41:19,297 - INFO - Early stop metric (ce): 2.300191452574832
2026-08-24 11:41:19,358 - INFO - Best validation ce loss: 2.300191452574832
2026-08-24 11:41:19,359 - INFO - Best model saved to ./ckpt/causal_tiger_Beauty_cos0.1_mean.pth
2026-08-24 11:41:19,359 - INFO - Epoch 41/200
2026-08-24 11:41:42,450 - INFO - Training loss: 2.2107383156564913
2026-08-24 11:41:44,993 - INFO - Validation total loss: 2.300152889137104
2026-08-24 11:41:44,993 - INFO - Validation CE loss: 2.294128120712968
2026-08-24 11:41:44,993 - INFO - Validation MSE loss: 0.06024763026462604
2026-08-24 11:41:44,993 - INFO - Early stop metric (ce): 2.294128120712968
2026-08-24 11:41:45,053 - INFO - Best validation ce loss: 2.294128120712968
2026-08-24 11:41:45,053 - INFO - Best model saved to ./ckpt/causal_tiger_Beauty_cos0.1_mean.pth
2026-08-24 11:41:45,053 - INFO - Epoch 42/200
2026-08-24 11:42:08,037 - INFO - Training loss: 2.2031676685763704
2026-08-24 11:42:10,589 - INFO - Validation total loss: 2.296533177338956
2026-08-24 11:42:10,589 - INFO - Validation CE loss: 2.290510455937856
2026-08-24 11:42:10,589 - INFO - Validation MSE loss: 0.060227215545883506
2026-08-24 11:42:10,590 - INFO - Early stop metric (ce): 2.290510455937856
2026-08-24 11:42:10,654 - INFO - Best validation ce loss: 2.290510455937856
2026-08-24 11:42:10,654 - INFO - Best model saved to ./ckpt/causal_tiger_Beauty_cos0.1_mean.pth
2026-08-24 11:42:10,654 - INFO - Epoch 43/200
2026-08-24 11:42:33,625 - INFO - Training loss: 2.1961883018916684
2026-08-24 11:42:35,979 - INFO - Validation total loss: 2.289784803922596
2026-08-24 11:42:35,979 - INFO - Validation CE loss: 2.2837564438709372
2026-08-24 11:42:35,979 - INFO - Validation MSE loss: 0.060283612028211996
2026-08-24 11:42:35,979 - INFO - Early stop metric (ce): 2.2837564438709372
2026-08-24 11:42:36,043 - INFO - Best validation ce loss: 2.2837564438709372
2026-08-24 11:42:36,043 - INFO - Best model saved to ./ckpt/causal_tiger_Beauty_cos0.1_mean.pth
2026-08-24 11:42:36,043 - INFO - Epoch 44/200
2026-08-24 11:42:58,959 - INFO - Training loss: 2.18735619045881
2026-08-24 11:43:01,351 - INFO - Validation total loss: 2.2894868579545244
2026-08-24 11:43:01,351 - INFO - Validation CE loss: 2.2834572792053223
2026-08-24 11:43:01,351 - INFO - Validation MSE loss: 0.06029581230597435
2026-08-24 11:43:01,351 - INFO - Early stop metric (ce): 2.2834572792053223
2026-08-24 11:43:01,410 - INFO - Best validation ce loss: 2.2834572792053223
2026-08-24 11:43:01,410 - INFO - Best model saved to ./ckpt/causal_tiger_Beauty_cos0.1_mean.pth
2026-08-24 11:43:01,410 - INFO - Epoch 45/200
2026-08-24 11:43:24,255 - INFO - Training loss: 2.182351252448234
2026-08-24 11:43:26,526 - INFO - Validation total loss: 2.2870463342625698
2026-08-24 11:43:26,526 - INFO - Validation CE loss: 2.2810291778376173
2026-08-24 11:43:26,526 - INFO - Validation MSE loss: 0.060171561691382415
2026-08-24 11:43:26,526 - INFO - Early stop metric (ce): 2.2810291778376173
2026-08-24 11:43:26,586 - INFO - Best validation ce loss: 2.2810291778376173
2026-08-24 11:43:26,586 - INFO - Best model saved to ./ckpt/causal_tiger_Beauty_cos0.1_mean.pth
2026-08-24 11:43:26,587 - INFO - Epoch 46/200
2026-08-24 11:43:49,440 - INFO - Training loss: 2.1746844401155463
2026-08-24 11:43:51,770 - INFO - Validation total loss: 2.278564194241307
2026-08-24 11:43:51,770 - INFO - Validation CE loss: 2.272540436282178
2026-08-24 11:43:51,770 - INFO - Validation MSE loss: 0.060237521265709346
2026-08-24 11:43:51,770 - INFO - Early stop metric (ce): 2.272540436282178
2026-08-24 11:43:51,832 - INFO - Best validation ce loss: 2.272540436282178
2026-08-24 11:43:51,832 - INFO - Best model saved to ./ckpt/causal_tiger_Beauty_cos0.1_mean.pth
2026-08-24 11:43:51,833 - INFO - Epoch 47/200
2026-08-24 11:44:14,719 - INFO - Training loss: 2.1677344049461156
2026-08-24 11:44:17,049 - INFO - Validation total loss: 2.278780172311185
2026-08-24 11:44:17,049 - INFO - Validation CE loss: 2.272763725514064
2026-08-24 11:44:17,049 - INFO - Validation MSE loss: 0.060164425506100634
2026-08-24 11:44:17,049 - INFO - Early stop metric (ce): 2.272763725514064
2026-08-24 11:44:17,049 - INFO - No improvement in validation loss. Early stop counter: 1
2026-08-24 11:44:17,050 - INFO - Epoch 48/200
2026-08-24 11:44:39,934 - INFO - Training loss: 2.1623314985505337
2026-08-24 11:44:42,366 - INFO - Validation total loss: 2.2740944265807648
2026-08-24 11:44:42,366 - INFO - Validation CE loss: 2.2680844104341173
2026-08-24 11:44:42,366 - INFO - Validation MSE loss: 0.06010010032694739
2026-08-24 11:44:42,366 - INFO - Early stop metric (ce): 2.2680844104341173
2026-08-24 11:44:42,428 - INFO - Best validation ce loss: 2.2680844104341173
2026-08-24 11:44:42,428 - INFO - Best model saved to ./ckpt/causal_tiger_Beauty_cos0.1_mean.pth
2026-08-24 11:44:42,428 - INFO - Epoch 49/200
2026-08-24 11:45:05,334 - INFO - Training loss: 2.1574157917082077
2026-08-24 11:45:07,741 - INFO - Validation total loss: 2.2738151110293017
2026-08-24 11:45:07,742 - INFO - Validation CE loss: 2.2677840060942165
2026-08-24 11:45:07,742 - INFO - Validation MSE loss: 0.06031094523458522
2026-08-24 11:45:07,742 - INFO - Early stop metric (ce): 2.2677840060942165
2026-08-24 11:45:07,800 - INFO - Best validation ce loss: 2.2677840060942165
2026-08-24 11:45:07,801 - INFO - Best model saved to ./ckpt/causal_tiger_Beauty_cos0.1_mean.pth
2026-08-24 11:45:07,801 - INFO - Epoch 50/200
2026-08-24 11:45:30,672 - INFO - Training loss: 2.1517234808739985
2026-08-24 11:45:33,192 - INFO - Validation total loss: 2.271523365135357
2026-08-24 11:45:33,192 - INFO - Validation CE loss: 2.2655082015008885
2026-08-24 11:45:33,192 - INFO - Validation MSE loss: 0.06015158339119776
2026-08-24 11:45:33,192 - INFO - Early stop metric (ce): 2.2655082015008885
2026-08-24 11:45:33,250 - INFO - Best validation ce loss: 2.2655082015008885
2026-08-24 11:45:33,250 - INFO - Best model saved to ./ckpt/causal_tiger_Beauty_cos0.1_mean.pth
2026-08-24 11:45:33,250 - INFO - Epoch 51/200
2026-08-24 11:45:56,126 - INFO - Training loss: 2.146200161963585
2026-08-24 11:45:58,413 - INFO - Validation total loss: 2.2685428448501064
2026-08-24 11:45:58,413 - INFO - Validation CE loss: 2.2625210336349553
2026-08-24 11:45:58,413 - INFO - Validation MSE loss: 0.060218107546859544
2026-08-24 11:45:58,413 - INFO - Early stop metric (ce): 2.2625210336349553
2026-08-24 11:45:58,485 - INFO - Best validation ce loss: 2.2625210336349553
2026-08-24 11:45:58,485 - INFO - Best model saved to ./ckpt/causal_tiger_Beauty_cos0.1_mean.pth
2026-08-24 11:45:58,485 - INFO - Epoch 52/200
2026-08-24 11:46:21,291 - INFO - Training loss: 2.138890274767746
2026-08-24 11:46:23,634 - INFO - Validation total loss: 2.264880550777452
2026-08-24 11:46:23,634 - INFO - Validation CE loss: 2.2588648473755994
2026-08-24 11:46:23,634 - INFO - Validation MSE loss: 0.06015697339062016
2026-08-24 11:46:23,634 - INFO - Early stop metric (ce): 2.2588648473755994
2026-08-24 11:46:23,704 - INFO - Best validation ce loss: 2.2588648473755994
2026-08-24 11:46:23,705 - INFO - Best model saved to ./ckpt/causal_tiger_Beauty_cos0.1_mean.pth
2026-08-24 11:46:23,705 - INFO - Epoch 53/200
2026-08-24 11:46:46,490 - INFO - Training loss: 2.1346122995888677
2026-08-24 11:46:48,814 - INFO - Validation total loss: 2.2646899371699716
2026-08-24 11:46:48,814 - INFO - Validation CE loss: 2.2586759073028237
2026-08-24 11:46:48,814 - INFO - Validation MSE loss: 0.06014030788077817
2026-08-24 11:46:48,814 - INFO - Early stop metric (ce): 2.2586759073028237
2026-08-24 11:46:48,880 - INFO - Best validation ce loss: 2.2586759073028237
2026-08-24 11:46:48,880 - INFO - Best model saved to ./ckpt/causal_tiger_Beauty_cos0.1_mean.pth
2026-08-24 11:46:48,881 - INFO - Epoch 54/200
2026-08-24 11:47:11,736 - INFO - Training loss: 2.1285914398352923
2026-08-24 11:47:14,031 - INFO - Validation total loss: 2.261067888255795
2026-08-24 11:47:14,031 - INFO - Validation CE loss: 2.2550461333197074
2026-08-24 11:47:14,031 - INFO - Validation MSE loss: 0.06021751431436498
2026-08-24 11:47:14,031 - INFO - Early stop metric (ce): 2.2550461333197074
2026-08-24 11:47:14,099 - INFO - Best validation ce loss: 2.2550461333197074
2026-08-24 11:47:14,099 - INFO - Best model saved to ./ckpt/causal_tiger_Beauty_cos0.1_mean.pth
2026-08-24 11:47:14,099 - INFO - Epoch 55/200
2026-08-24 11:47:36,998 - INFO - Training loss: 2.122748175947583
2026-08-24 11:47:39,289 - INFO - Validation total loss: 2.2560534553978067
2026-08-24 11:47:39,289 - INFO - Validation CE loss: 2.2500183653933807
2026-08-24 11:47:39,289 - INFO - Validation MSE loss: 0.0603508074396158
2026-08-24 11:47:39,289 - INFO - Early stop metric (ce): 2.2500183653933807
2026-08-24 11:47:39,359 - INFO - Best validation ce loss: 2.2500183653933807
2026-08-24 11:47:39,359 - INFO - Best model saved to ./ckpt/causal_tiger_Beauty_cos0.1_mean.pth
2026-08-24 11:47:39,359 - INFO - Epoch 56/200
2026-08-24 11:48:02,206 - INFO - Training loss: 2.1171918840723745
2026-08-24 11:48:04,495 - INFO - Validation total loss: 2.2543903778550964
2026-08-24 11:48:04,496 - INFO - Validation CE loss: 2.2483734767324424
2026-08-24 11:48:04,496 - INFO - Validation MSE loss: 0.060168949319569336
2026-08-24 11:48:04,496 - INFO - Early stop metric (ce): 2.2483734767324424
2026-08-24 11:48:04,562 - INFO - Best validation ce loss: 2.2483734767324424
2026-08-24 11:48:04,562 - INFO - Best model saved to ./ckpt/causal_tiger_Beauty_cos0.1_mean.pth
2026-08-24 11:48:04,562 - INFO - Epoch 57/200
2026-08-24 11:48:27,371 - INFO - Training loss: 2.113512551970055
2026-08-24 11:48:29,635 - INFO - Validation total loss: 2.253761458806214
2026-08-24 11:48:29,635 - INFO - Validation CE loss: 2.247743702241791
2026-08-24 11:48:29,635 - INFO - Validation MSE loss: 0.06017757792329584
2026-08-24 11:48:29,635 - INFO - Early stop metric (ce): 2.247743702241791
2026-08-24 11:48:29,698 - INFO - Best validation ce loss: 2.247743702241791
2026-08-24 11:48:29,699 - INFO - Best model saved to ./ckpt/causal_tiger_Beauty_cos0.1_mean.pth
2026-08-24 11:48:29,699 - INFO - Epoch 58/200
2026-08-24 11:48:52,487 - INFO - Training loss: 2.108305232534149
2026-08-24 11:48:54,917 - INFO - Validation total loss: 2.2519372016063577
2026-08-24 11:48:54,917 - INFO - Validation CE loss: 2.2459142105773795
2026-08-24 11:48:54,917 - INFO - Validation MSE loss: 0.06022991028978077
2026-08-24 11:48:54,917 - INFO - Early stop metric (ce): 2.2459142105773795
2026-08-24 11:48:54,983 - INFO - Best validation ce loss: 2.2459142105773795
2026-08-24 11:48:54,983 - INFO - Best model saved to ./ckpt/causal_tiger_Beauty_cos0.1_mean.pth
2026-08-24 11:48:54,983 - INFO - Epoch 59/200
2026-08-24 11:49:17,807 - INFO - Training loss: 2.103114447473088
2026-08-24 11:49:20,097 - INFO - Validation total loss: 2.2492683517063123
2026-08-24 11:49:20,097 - INFO - Validation CE loss: 2.2432338807715877
2026-08-24 11:49:20,097 - INFO - Validation MSE loss: 0.06034471344026885
2026-08-24 11:49:20,097 - INFO - Early stop metric (ce): 2.2432338807715877
2026-08-24 11:49:20,163 - INFO - Best validation ce loss: 2.2432338807715877
2026-08-24 11:49:20,163 - INFO - Best model saved to ./ckpt/causal_tiger_Beauty_cos0.1_mean.pth
2026-08-24 11:49:20,163 - INFO - Epoch 60/200
2026-08-24 11:49:43,009 - INFO - Training loss: 2.099378488175136
2026-08-24 11:49:45,318 - INFO - Validation total loss: 2.2464940962361677
2026-08-24 11:49:45,318 - INFO - Validation CE loss: 2.2404760081368966
2026-08-24 11:49:45,318 - INFO - Validation MSE loss: 0.06018087971363968
2026-08-24 11:49:45,318 - INFO - Early stop metric (ce): 2.2404760081368966
2026-08-24 11:49:45,385 - INFO - Best validation ce loss: 2.2404760081368966
2026-08-24 11:49:45,385 - INFO - Best model saved to ./ckpt/causal_tiger_Beauty_cos0.1_mean.pth
2026-08-24 11:49:45,385 - INFO - Epoch 61/200
2026-08-24 11:50:08,192 - INFO - Training loss: 2.093849552976482
2026-08-24 11:50:10,490 - INFO - Validation total loss: 2.246396524200112
2026-08-24 11:50:10,490 - INFO - Validation CE loss: 2.2403759040546007
2026-08-24 11:50:10,490 - INFO - Validation MSE loss: 0.060206186106276614
2026-08-24 11:50:10,490 - INFO - Early stop metric (ce): 2.2403759040546007
2026-08-24 11:50:10,557 - INFO - Best validation ce loss: 2.2403759040546007
2026-08-24 11:50:10,557 - INFO - Best model saved to ./ckpt/causal_tiger_Beauty_cos0.1_mean.pth
2026-08-24 11:50:10,558 - INFO - Epoch 62/200
2026-08-24 11:50:33,435 - INFO - Training loss: 2.0899831750049667
2026-08-24 11:50:36,084 - INFO - Validation total loss: 2.2472691428507856
2026-08-24 11:50:36,084 - INFO - Validation CE loss: 2.2412637385175973
2026-08-24 11:50:36,084 - INFO - Validation MSE loss: 0.060053977587703984
2026-08-24 11:50:36,084 - INFO - Early stop metric (ce): 2.2412637385175973
2026-08-24 11:50:36,084 - INFO - No improvement in validation loss. Early stop counter: 1
2026-08-24 11:50:36,084 - INFO - Epoch 63/200
2026-08-24 11:50:58,903 - INFO - Training loss: 2.083032427826744
2026-08-24 11:51:01,219 - INFO - Validation total loss: 2.2416464479184457
2026-08-24 11:51:01,219 - INFO - Validation CE loss: 2.2356330831675058
2026-08-24 11:51:01,219 - INFO - Validation MSE loss: 0.06013361348614672
2026-08-24 11:51:01,219 - INFO - Early stop metric (ce): 2.2356330831675058
2026-08-24 11:51:01,284 - INFO - Best validation ce loss: 2.2356330831675058
2026-08-24 11:51:01,284 - INFO - Best model saved to ./ckpt/causal_tiger_Beauty_cos0.1_mean.pth
2026-08-24 11:51:01,285 - INFO - Epoch 64/200
2026-08-24 11:51:24,111 - INFO - Training loss: 2.0826811059903543
2026-08-24 11:51:26,392 - INFO - Validation total loss: 2.2406523386296286
2026-08-24 11:51:26,392 - INFO - Validation CE loss: 2.234628978205341
2026-08-24 11:51:26,392 - INFO - Validation MSE loss: 0.060233589149851656
2026-08-24 11:51:26,392 - INFO - Early stop metric (ce): 2.234628978205341
2026-08-24 11:51:26,456 - INFO - Best validation ce loss: 2.234628978205341
2026-08-24 11:51:26,456 - INFO - Best model saved to ./ckpt/causal_tiger_Beauty_cos0.1_mean.pth
2026-08-24 11:51:26,457 - INFO - Epoch 65/200
2026-08-24 11:51:49,324 - INFO - Training loss: 2.076459539539619
2026-08-24 11:51:51,608 - INFO - Validation total loss: 2.24301149251635
2026-08-24 11:51:51,608 - INFO - Validation CE loss: 2.236991432603337
2026-08-24 11:51:51,608 - INFO - Validation MSE loss: 0.06020055666501942
2026-08-24 11:51:51,608 - INFO - Early stop metric (ce): 2.236991432603337
2026-08-24 11:51:51,608 - INFO - No improvement in validation loss. Early stop counter: 1
2026-08-24 11:51:51,608 - INFO - Epoch 66/200
2026-08-24 11:52:14,425 - INFO - Training loss: 2.0716830468827183
2026-08-24 11:52:16,864 - INFO - Validation total loss: 2.2382207899134556
2026-08-24 11:52:16,864 - INFO - Validation CE loss: 2.232200482372562
2026-08-24 11:52:16,864 - INFO - Validation MSE loss: 0.06020303217638204
2026-08-24 11:52:16,864 - INFO - Early stop metric (ce): 2.232200482372562
2026-08-24 11:52:16,929 - INFO - Best validation ce loss: 2.232200482372562
2026-08-24 11:52:16,930 - INFO - Best model saved to ./ckpt/causal_tiger_Beauty_cos0.1_mean.pth
2026-08-24 11:52:16,930 - INFO - Epoch 67/200
2026-08-24 11:52:39,830 - INFO - Training loss: 2.0656656015243975
2026-08-24 11:52:42,169 - INFO - Validation total loss: 2.237422677580379
2026-08-24 11:52:42,169 - INFO - Validation CE loss: 2.2314089413876186
2026-08-24 11:52:42,169 - INFO - Validation MSE loss: 0.0601372923462176
2026-08-24 11:52:42,169 - INFO - Early stop metric (ce): 2.2314089413876186
2026-08-24 11:52:42,235 - INFO - Best validation ce loss: 2.2314089413876186
2026-08-24 11:52:42,235 - INFO - Best model saved to ./ckpt/causal_tiger_Beauty_cos0.1_mean.pth
2026-08-24 11:52:42,235 - INFO - Epoch 68/200
2026-08-24 11:53:05,114 - INFO - Training loss: 2.064453186691967
2026-08-24 11:53:07,538 - INFO - Validation total loss: 2.2388797706800467
2026-08-24 11:53:07,538 - INFO - Validation CE loss: 2.232863719882883
2026-08-24 11:53:07,539 - INFO - Validation MSE loss: 0.060160532273959705
2026-08-24 11:53:07,539 - INFO - Early stop metric (ce): 2.232863719882883
2026-08-24 11:53:07,539 - INFO - No improvement in validation loss. Early stop counter: 1
2026-08-24 11:53:07,539 - INFO - Epoch 69/200
2026-08-24 11:53:30,465 - INFO - Training loss: 2.0590299701876216
2026-08-24 11:53:32,736 - INFO - Validation total loss: 2.232503370665685
2026-08-24 11:53:32,737 - INFO - Validation CE loss: 2.2264821222411717
2026-08-24 11:53:32,737 - INFO - Validation MSE loss: 0.060212490384670796
2026-08-24 11:53:32,737 - INFO - Early stop metric (ce): 2.2264821222411717
2026-08-24 11:53:32,801 - INFO - Best validation ce loss: 2.2264821222411717
2026-08-24 11:53:32,802 - INFO - Best model saved to ./ckpt/causal_tiger_Beauty_cos0.1_mean.pth
2026-08-24 11:53:32,802 - INFO - Epoch 70/200
2026-08-24 11:53:55,592 - INFO - Training loss: 2.0554913648835416
2026-08-24 11:53:57,844 - INFO - Validation total loss: 2.234437032318934
2026-08-24 11:53:57,845 - INFO - Validation CE loss: 2.228424446777213
2026-08-24 11:53:57,845 - INFO - Validation MSE loss: 0.060125830347445904
2026-08-24 11:53:57,845 - INFO - Early stop metric (ce): 2.228424446777213
2026-08-24 11:53:57,845 - INFO - No improvement in validation loss. Early stop counter: 1
2026-08-24 11:53:57,845 - INFO - Epoch 71/200
2026-08-24 11:54:20,674 - INFO - Training loss: 2.051667057818476
2026-08-24 11:54:22,967 - INFO - Validation total loss: 2.232970981127203
2026-08-24 11:54:22,968 - INFO - Validation CE loss: 2.226952885865142
2026-08-24 11:54:22,968 - INFO - Validation MSE loss: 0.0601809014578234
2026-08-24 11:54:22,968 - INFO - Early stop metric (ce): 2.226952885865142
2026-08-24 11:54:22,968 - INFO - No improvement in validation loss. Early stop counter: 2
2026-08-24 11:54:22,968 - INFO - Epoch 72/200
2026-08-24 11:54:45,811 - INFO - Training loss: 2.0477023043521183
2026-08-24 11:54:48,114 - INFO - Validation total loss: 2.2361137836276206
2026-08-24 11:54:48,114 - INFO - Validation CE loss: 2.230110045154719
2026-08-24 11:54:48,114 - INFO - Validation MSE loss: 0.060037403659247535
2026-08-24 11:54:48,114 - INFO - Early stop metric (ce): 2.230110045154719
2026-08-24 11:54:48,114 - INFO - No improvement in validation loss. Early stop counter: 3
2026-08-24 11:54:48,114 - INFO - Epoch 73/200
2026-08-24 11:55:10,899 - INFO - Training loss: 2.0420435910558887
2026-08-24 11:55:13,191 - INFO - Validation total loss: 2.2329734082897335
2026-08-24 11:55:13,191 - INFO - Validation CE loss: 2.226952549214015
2026-08-24 11:55:13,191 - INFO - Validation MSE loss: 0.06020861198973758
2026-08-24 11:55:13,191 - INFO - Early stop metric (ce): 2.226952549214015
2026-08-24 11:55:13,191 - INFO - No improvement in validation loss. Early stop counter: 4
2026-08-24 11:55:13,191 - INFO - Epoch 74/200
2026-08-24 11:55:36,040 - INFO - Training loss: 2.038842144179437
2026-08-24 11:55:38,393 - INFO - Validation total loss: 2.2261180872569266
2026-08-24 11:55:38,393 - INFO - Validation CE loss: 2.220104396087417
2026-08-24 11:55:38,393 - INFO - Validation MSE loss: 0.06013691220672345
2026-08-24 11:55:38,393 - INFO - Early stop metric (ce): 2.220104396087417
2026-08-24 11:55:38,453 - INFO - Best validation ce loss: 2.220104396087417
2026-08-24 11:55:38,453 - INFO - Best model saved to ./ckpt/causal_tiger_Beauty_cos0.1_mean.pth
2026-08-24 11:55:38,454 - INFO - Epoch 75/200
2026-08-24 11:56:01,315 - INFO - Training loss: 2.034190580074889
2026-08-24 11:56:03,623 - INFO - Validation total loss: 2.2299031888978162
2026-08-24 11:56:03,623 - INFO - Validation CE loss: 2.2238820627523594
2026-08-24 11:56:03,623 - INFO - Validation MSE loss: 0.060211293942938546
2026-08-24 11:56:03,623 - INFO - Early stop metric (ce): 2.2238820627523594
2026-08-24 11:56:03,623 - INFO - No improvement in validation loss. Early stop counter: 1
2026-08-24 11:56:03,623 - INFO - Epoch 76/200
2026-08-24 11:56:26,466 - INFO - Training loss: 2.031722477437921
2026-08-24 11:56:28,764 - INFO - Validation total loss: 2.228494052211614
2026-08-24 11:56:28,764 - INFO - Validation CE loss: 2.2224705884385005
2026-08-24 11:56:28,764 - INFO - Validation MSE loss: 0.06023462545206618
2026-08-24 11:56:28,764 - INFO - Early stop metric (ce): 2.2224705884385005
2026-08-24 11:56:28,764 - INFO - No improvement in validation loss. Early stop counter: 2
2026-08-24 11:56:28,764 - INFO - Epoch 77/200
2026-08-24 11:56:51,668 - INFO - Training loss: 2.027540690472154
2026-08-24 11:56:53,979 - INFO - Validation total loss: 2.230085018878331
2026-08-24 11:56:53,979 - INFO - Validation CE loss: 2.2240786874754748
2026-08-24 11:56:53,979 - INFO - Validation MSE loss: 0.060063276423916796
2026-08-24 11:56:53,979 - INFO - Early stop metric (ce): 2.2240786874754748
2026-08-24 11:56:53,979 - INFO - No improvement in validation loss. Early stop counter: 3
2026-08-24 11:56:53,979 - INFO - Epoch 78/200
2026-08-24 11:57:17,286 - INFO - Training loss: 2.0222732614914265
2026-08-24 11:57:19,834 - INFO - Validation total loss: 2.2243557948411277
2026-08-24 11:57:19,834 - INFO - Validation CE loss: 2.2183383785092268
2026-08-24 11:57:19,834 - INFO - Validation MSE loss: 0.06017407915622891
2026-08-24 11:57:19,834 - INFO - Early stop metric (ce): 2.2183383785092268
2026-08-24 11:57:19,894 - INFO - Best validation ce loss: 2.2183383785092268
2026-08-24 11:57:19,894 - INFO - Best model saved to ./ckpt/causal_tiger_Beauty_cos0.1_mean.pth
2026-08-24 11:57:19,894 - INFO - Epoch 79/200
2026-08-24 11:57:42,828 - INFO - Training loss: 2.0196004194508266
2026-08-24 11:57:45,447 - INFO - Validation total loss: 2.2274113693974047
2026-08-24 11:57:45,447 - INFO - Validation CE loss: 2.2213939469259696
2026-08-24 11:57:45,447 - INFO - Validation MSE loss: 0.060174163063196666
2026-08-24 11:57:45,447 - INFO - Early stop metric (ce): 2.2213939469259696
2026-08-24 11:57:45,447 - INFO - No improvement in validation loss. Early stop counter: 1
2026-08-24 11:57:45,447 - INFO - Epoch 80/200
2026-08-24 11:58:08,495 - INFO - Training loss: 2.014110222632783
2026-08-24 11:58:11,038 - INFO - Validation total loss: 2.2283365347866337
2026-08-24 11:58:11,039 - INFO - Validation CE loss: 2.2223147511993866
2026-08-24 11:58:11,039 - INFO - Validation MSE loss: 0.06021778701201017
2026-08-24 11:58:11,039 - INFO - Early stop metric (ce): 2.2223147511993866
2026-08-24 11:58:11,039 - INFO - No improvement in validation loss. Early stop counter: 2
2026-08-24 11:58:11,039 - INFO - Epoch 81/200
2026-08-24 11:58:34,055 - INFO - Training loss: 2.0126854589477126
2026-08-24 11:58:36,569 - INFO - Validation total loss: 2.2283249801832206
2026-08-24 11:58:36,569 - INFO - Validation CE loss: 2.2223058238049944
2026-08-24 11:58:36,569 - INFO - Validation MSE loss: 0.06019153947993921
2026-08-24 11:58:36,569 - INFO - Early stop metric (ce): 2.2223058238049944
2026-08-24 11:58:36,569 - INFO - No improvement in validation loss. Early stop counter: 3
2026-08-24 11:58:36,570 - INFO - Epoch 82/200
2026-08-24 11:58:59,659 - INFO - Training loss: 2.0077287561698647
2026-08-24 11:59:02,193 - INFO - Validation total loss: 2.2242615100140224
2026-08-24 11:59:02,194 - INFO - Validation CE loss: 2.21824603530982
2026-08-24 11:59:02,194 - INFO - Validation MSE loss: 0.06015475804202035
2026-08-24 11:59:02,194 - INFO - Early stop metric (ce): 2.21824603530982
2026-08-24 11:59:02,259 - INFO - Best validation ce loss: 2.21824603530982
2026-08-24 11:59:02,259 - INFO - Best model saved to ./ckpt/causal_tiger_Beauty_cos0.1_mean.pth
2026-08-24 11:59:02,260 - INFO - Epoch 83/200
2026-08-24 11:59:25,268 - INFO - Training loss: 2.0043560173724875
2026-08-24 11:59:27,829 - INFO - Validation total loss: 2.2260638731232016
2026-08-24 11:59:27,829 - INFO - Validation CE loss: 2.22004426548921
2026-08-24 11:59:27,829 - INFO - Validation MSE loss: 0.06019597324690594
2026-08-24 11:59:27,829 - INFO - Early stop metric (ce): 2.22004426548921
2026-08-24 11:59:27,829 - INFO - No improvement in validation loss. Early stop counter: 1
2026-08-24 11:59:27,829 - INFO - Epoch 84/200
2026-08-24 11:59:50,857 - INFO - Training loss: 2.0013089010687652
2026-08-24 11:59:53,394 - INFO - Validation total loss: 2.22145692575643
2026-08-24 11:59:53,394 - INFO - Validation CE loss: 2.215419678217352
2026-08-24 11:59:53,394 - INFO - Validation MSE loss: 0.06037245262334275
2026-08-24 11:59:53,394 - INFO - Early stop metric (ce): 2.215419678217352
2026-08-24 11:59:53,453 - INFO - Best validation ce loss: 2.215419678217352
2026-08-24 11:59:53,453 - INFO - Best model saved to ./ckpt/causal_tiger_Beauty_cos0.1_mean.pth
2026-08-24 11:59:53,453 - INFO - Epoch 85/200
2026-08-24 12:00:16,434 - INFO - Training loss: 1.9989528776606698
2026-08-24 12:00:18,784 - INFO - Validation total loss: 2.2271375569151193
2026-08-24 12:00:18,784 - INFO - Validation CE loss: 2.2211106028167986
2026-08-24 12:00:18,784 - INFO - Validation MSE loss: 0.060269589587854215
2026-08-24 12:00:18,784 - INFO - Early stop metric (ce): 2.2211106028167986
2026-08-24 12:00:18,784 - INFO - No improvement in validation loss. Early stop counter: 1
2026-08-24 12:00:18,784 - INFO - Epoch 86/200
2026-08-24 12:00:41,728 - INFO - Training loss: 1.9951603317539053
2026-08-24 12:00:43,986 - INFO - Validation total loss: 2.2257881706876304
2026-08-24 12:00:43,986 - INFO - Validation CE loss: 2.2197567321711857
2026-08-24 12:00:43,986 - INFO - Validation MSE loss: 0.06031447137374223
2026-08-24 12:00:43,986 - INFO - Early stop metric (ce): 2.2197567321711857
2026-08-24 12:00:43,986 - INFO - No improvement in validation loss. Early stop counter: 2
2026-08-24 12:00:43,987 - INFO - Epoch 87/200
2026-08-24 12:01:06,805 - INFO - Training loss: 1.9901664751049146
2026-08-24 12:01:09,162 - INFO - Validation total loss: 2.2218845468733956
2026-08-24 12:01:09,162 - INFO - Validation CE loss: 2.2158564206356655
2026-08-24 12:01:09,162 - INFO - Validation MSE loss: 0.06028122247032853
2026-08-24 12:01:09,162 - INFO - Early stop metric (ce): 2.2158564206356655
2026-08-24 12:01:09,162 - INFO - No improvement in validation loss. Early stop counter: 3
2026-08-24 12:01:09,162 - INFO - Epoch 88/200
2026-08-24 12:01:31,960 - INFO - Training loss: 1.9873769807444472
2026-08-24 12:01:34,250 - INFO - Validation total loss: 2.223242101751172
2026-08-24 12:01:34,250 - INFO - Validation CE loss: 2.2172117489090293
2026-08-24 12:01:34,250 - INFO - Validation MSE loss: 0.06030353456096076
2026-08-24 12:01:34,250 - INFO - Early stop metric (ce): 2.2172117489090293
2026-08-24 12:01:34,250 - INFO - No improvement in validation loss. Early stop counter: 4
2026-08-24 12:01:34,250 - INFO - Epoch 89/200
2026-08-24 12:01:57,095 - INFO - Training loss: 1.9839761009012216
2026-08-24 12:01:59,387 - INFO - Validation total loss: 2.2269045569866
2026-08-24 12:01:59,387 - INFO - Validation CE loss: 2.2208674220056492
2026-08-24 12:01:59,387 - INFO - Validation MSE loss: 0.06037126001881939
2026-08-24 12:01:59,387 - INFO - Early stop metric (ce): 2.2208674220056492
2026-08-24 12:01:59,387 - INFO - No improvement in validation loss. Early stop counter: 5
2026-08-24 12:01:59,387 - INFO - Epoch 90/200
2026-08-24 12:02:22,175 - INFO - Training loss: 1.9802381994659335
2026-08-24 12:02:24,477 - INFO - Validation total loss: 2.2285368534628414
2026-08-24 12:02:24,477 - INFO - Validation CE loss: 2.2225092009925023
2026-08-24 12:02:24,477 - INFO - Validation MSE loss: 0.06027650142432282
2026-08-24 12:02:24,477 - INFO - Early stop metric (ce): 2.2225092009925023
2026-08-24 12:02:24,477 - INFO - No improvement in validation loss. Early stop counter: 6
2026-08-24 12:02:24,477 - INFO - Epoch 91/200
2026-08-24 12:02:47,257 - INFO - Training loss: 1.9766644547885495
2026-08-24 12:02:49,488 - INFO - Validation total loss: 2.2241358363065595
2026-08-24 12:02:49,488 - INFO - Validation CE loss: 2.218092842675074
2026-08-24 12:02:49,488 - INFO - Validation MSE loss: 0.06042992966369498
2026-08-24 12:02:49,488 - INFO - Early stop metric (ce): 2.218092842675074
2026-08-24 12:02:49,488 - INFO - No improvement in validation loss. Early stop counter: 7
2026-08-24 12:02:49,489 - INFO - Epoch 92/200
2026-08-24 12:03:12,336 - INFO - Training loss: 1.9732262802958953
2026-08-24 12:03:14,611 - INFO - Validation total loss: 2.2243719929789267
2026-08-24 12:03:14,611 - INFO - Validation CE loss: 2.218328722556773
2026-08-24 12:03:14,611 - INFO - Validation MSE loss: 0.06043259831457179
2026-08-24 12:03:14,611 - INFO - Early stop metric (ce): 2.218328722556773
2026-08-24 12:03:14,611 - INFO - No improvement in validation loss. Early stop counter: 8
2026-08-24 12:03:14,611 - INFO - Epoch 93/200
2026-08-24 12:03:37,379 - INFO - Training loss: 1.9700988164671664
2026-08-24 12:03:39,637 - INFO - Validation total loss: 2.2202211889586225
2026-08-24 12:03:39,637 - INFO - Validation CE loss: 2.2141920645349527
2026-08-24 12:03:39,637 - INFO - Validation MSE loss: 0.06029123886460398
2026-08-24 12:03:39,637 - INFO - Early stop metric (ce): 2.2141920645349527
2026-08-24 12:03:39,703 - INFO - Best validation ce loss: 2.2141920645349527
2026-08-24 12:03:39,703 - INFO - Best model saved to ./ckpt/causal_tiger_Beauty_cos0.1_mean.pth
2026-08-24 12:03:39,703 - INFO - Epoch 94/200
2026-08-24 12:04:02,454 - INFO - Training loss: 1.9682527583396852
2026-08-24 12:04:04,728 - INFO - Validation total loss: 2.220209386727329
2026-08-24 12:04:04,729 - INFO - Validation CE loss: 2.2141771674667816
2026-08-24 12:04:04,729 - INFO - Validation MSE loss: 0.060322239931049265
2026-08-24 12:04:04,729 - INFO - Early stop metric (ce): 2.2141771674667816
2026-08-24 12:04:04,794 - INFO - Best validation ce loss: 2.2141771674667816
2026-08-24 12:04:04,794 - INFO - Best model saved to ./ckpt/causal_tiger_Beauty_cos0.1_mean.pth
2026-08-24 12:04:04,794 - INFO - Epoch 95/200
2026-08-24 12:04:27,547 - INFO - Training loss: 1.9634415634875169
2026-08-24 12:04:29,919 - INFO - Validation total loss: 2.2247829253069833
2026-08-24 12:04:29,919 - INFO - Validation CE loss: 2.218750848278979
2026-08-24 12:04:29,919 - INFO - Validation MSE loss: 0.06032075262888307
2026-08-24 12:04:29,919 - INFO - Early stop metric (ce): 2.218750848278979
2026-08-24 12:04:29,919 - INFO - No improvement in validation loss. Early stop counter: 1
2026-08-24 12:04:29,919 - INFO - Epoch 96/200
2026-08-24 12:04:52,691 - INFO - Training loss: 1.9613819184934118
2026-08-24 12:04:54,974 - INFO - Validation total loss: 2.2222402034399336
2026-08-24 12:04:54,975 - INFO - Validation CE loss: 2.2161974773898145
2026-08-24 12:04:54,975 - INFO - Validation MSE loss: 0.060427242850029414
2026-08-24 12:04:54,975 - INFO - Early stop metric (ce): 2.2161974773898145
2026-08-24 12:04:54,975 - INFO - No improvement in validation loss. Early stop counter: 2
2026-08-24 12:04:54,975 - INFO - Epoch 97/200
2026-08-24 12:05:17,806 - INFO - Training loss: 1.9568195966894988
2026-08-24 12:05:20,104 - INFO - Validation total loss: 2.223421896476091
2026-08-24 12:05:20,104 - INFO - Validation CE loss: 2.2173840099138253
2026-08-24 12:05:20,104 - INFO - Validation MSE loss: 0.06037881318080067
2026-08-24 12:05:20,104 - INFO - Early stop metric (ce): 2.2173840099138253
2026-08-24 12:05:20,105 - INFO - No improvement in validation loss. Early stop counter: 3
2026-08-24 12:05:20,105 - INFO - Epoch 98/200
2026-08-24 12:05:42,832 - INFO - Training loss: 1.9542783999721365
2026-08-24 12:05:45,117 - INFO - Validation total loss: 2.2245291328225525
2026-08-24 12:05:45,117 - INFO - Validation CE loss: 2.2184959087249037
2026-08-24 12:05:45,117 - INFO - Validation MSE loss: 0.06033222358114218
2026-08-24 12:05:45,117 - INFO - Early stop metric (ce): 2.2184959087249037
2026-08-24 12:05:45,118 - INFO - No improvement in validation loss. Early stop counter: 4
2026-08-24 12:05:45,118 - INFO - Epoch 99/200
2026-08-24 12:06:07,962 - INFO - Training loss: 1.9507616099680445
2026-08-24 12:06:10,260 - INFO - Validation total loss: 2.2267038013802067
2026-08-24 12:06:10,260 - INFO - Validation CE loss: 2.22065613198178
2026-08-24 12:06:10,260 - INFO - Validation MSE loss: 0.060476596007531296
2026-08-24 12:06:10,260 - INFO - Early stop metric (ce): 2.22065613198178
2026-08-24 12:06:10,260 - INFO - No improvement in validation loss. Early stop counter: 5
2026-08-24 12:06:10,260 - INFO - Epoch 100/200
2026-08-24 12:06:33,029 - INFO - Training loss: 1.9485390548112327
2026-08-24 12:06:35,295 - INFO - Validation total loss: 2.223986382136529
2026-08-24 12:06:35,295 - INFO - Validation CE loss: 2.217946981667449
2026-08-24 12:06:35,295 - INFO - Validation MSE loss: 0.06039389417918455
2026-08-24 12:06:35,295 - INFO - Early stop metric (ce): 2.217946981667449
2026-08-24 12:06:35,295 - INFO - No improvement in validation loss. Early stop counter: 6
2026-08-24 12:06:35,295 - INFO - Epoch 101/200
2026-08-24 12:06:58,039 - INFO - Training loss: 1.9455220349104023
2026-08-24 12:07:00,327 - INFO - Validation total loss: 2.2272883136896615
2026-08-24 12:07:00,327 - INFO - Validation CE loss: 2.2212591145683254
2026-08-24 12:07:00,327 - INFO - Validation MSE loss: 0.06029192828313475
2026-08-24 12:07:00,327 - INFO - Early stop metric (ce): 2.2212591145683254
2026-08-24 12:07:00,327 - INFO - No improvement in validation loss. Early stop counter: 7
2026-08-24 12:07:00,328 - INFO - Epoch 102/200
2026-08-24 12:07:23,186 - INFO - Training loss: 1.942305436394094
2026-08-24 12:07:25,430 - INFO - Validation total loss: 2.2281623746192505
2026-08-24 12:07:25,430 - INFO - Validation CE loss: 2.2221097997329777
2026-08-24 12:07:25,430 - INFO - Validation MSE loss: 0.060525814095280205
2026-08-24 12:07:25,430 - INFO - Early stop metric (ce): 2.2221097997329777
2026-08-24 12:07:25,430 - INFO - No improvement in validation loss. Early stop counter: 8
2026-08-24 12:07:25,430 - INFO - Epoch 103/200
2026-08-24 12:07:48,294 - INFO - Training loss: 1.9385275587961368
2026-08-24 12:07:50,503 - INFO - Validation total loss: 2.2248831045985735
2026-08-24 12:07:50,503 - INFO - Validation CE loss: 2.2188424844086936
2026-08-24 12:07:50,503 - INFO - Validation MSE loss: 0.060406219294142825
2026-08-24 12:07:50,503 - INFO - Early stop metric (ce): 2.2188424844086936
2026-08-24 12:07:50,503 - INFO - No improvement in validation loss. Early stop counter: 9
2026-08-24 12:07:50,504 - INFO - Epoch 104/200
2026-08-24 12:08:13,271 - INFO - Training loss: 1.9372205500008994
2026-08-24 12:08:15,529 - INFO - Validation total loss: 2.22791725269203
2026-08-24 12:08:15,530 - INFO - Validation CE loss: 2.2218826298038334
2026-08-24 12:08:15,530 - INFO - Validation MSE loss: 0.0603462728819622
2026-08-24 12:08:15,530 - INFO - Early stop metric (ce): 2.2218826298038334
2026-08-24 12:08:15,530 - INFO - No improvement in validation loss. Early stop counter: 10
2026-08-24 12:08:15,530 - INFO - Early stopping triggered.
2026-08-24 12:08:15,530 - INFO - Loading best model for final testing...
2026-08-24 12:12:58,267 - INFO - Final Epoch: 94
2026-08-24 12:12:58,268 - INFO - Final Test Recalls: {'Recall@5': 0.03573000702463378, 'Recall@10': 0.05399491432494616, 'Recall@20': 0.08262441237756879}
2026-08-24 12:12:58,268 - INFO - Final Test NDCGs: {'NDCG@5': 0.02353016982982215, 'NDCG@10': 0.029433890507664418, 'NDCG@20': 0.03662154261150713}
2026-08-25 16:19:14,277 - INFO - Configuration: {'batch_size': 256, 'infer_size': 96, 'num_epochs': 120, 'lr': 0.001, 'device': 'cuda', 'num_layers': 4, 'num_decoder_layers': 0, 'd_model': 128, 'd_ff': 1024, 'num_heads': 6, 'd_kv': 64, 'dropout_rate': 0.1, 'vocab_size': 1025, 'pad_token_id': 0, 'eos_token_id': 0, 'feed_forward_proj': 'relu', 'max_len': 20, 'dataset_path': '../data/Beauty', 'code_path': '../data/Beauty/Beauty_t5_rqvae.npy', 'item_emb_path': '../data/Beauty/item_emb.parquet', 'item_emb_dim': 768, 'mse_loss_weight': 0.1, 'mse_loss_mode': 'mean', 'align_loss_type': 'cos', 'early_stop_metric': 'ce', 'mode': 'train', 'model_type': 'causal', 'log_path': './logs/causal_tiger_Beauty_cos0.1_mean.log', 'tensorboard_dir': None, 'seed': 2025, 'save_path': './ckpt/causal_tiger_Beauty_cos0.1_mean.pth', 'early_stop': 10, 'topk_list': [5, 10, 20], 'beam_size': 30}
2026-08-25 16:19:14,290 - INFO - TensorBoard dir: ./runs/causal_tiger_Beauty_cos0.1_mean
2026-08-25 16:19:14,872 - INFO - #Embedding parameters: 131200
#Non-embedding parameters: 1934784
#Total trainable parameters: 2065984

2026-08-25 16:19:19,141 - INFO - Epoch 1/120
2026-08-25 16:19:31,948 - INFO - Training total loss: 4.181067450964961
2026-08-25 16:19:31,950 - INFO - Training CE loss: 4.171351464342051
2026-08-25 16:19:31,950 - INFO - Training COS align loss: 0.09715986251831055
2026-08-25 16:19:31,950 - INFO - Training geometry effective rank: 59.05215012516957
2026-08-25 16:19:31,950 - INFO - Training geometry avg cosine: 0.7192896810950936
2026-08-25 16:19:33,922 - INFO - Validation total loss: 3.4512304277379116
2026-08-25 16:19:33,923 - INFO - Validation CE loss: 3.4442365036501905
2026-08-25 16:19:33,923 - INFO - Validation COS align loss: 0.06993921145860729
2026-08-25 16:19:33,923 - INFO - Early stop metric (ce): 3.4442365036501905
2026-08-25 16:19:33,958 - INFO - Best validation ce loss: 3.4442365036501905
2026-08-25 16:19:33,958 - INFO - Best model saved to ./ckpt/causal_tiger_Beauty_cos0.1_mean.pth
2026-08-25 16:19:33,958 - INFO - Epoch 2/120
2026-08-25 16:19:46,255 - INFO - Training total loss: 3.2862533525734094
2026-08-25 16:19:46,255 - INFO - Training CE loss: 3.2792277410336506
2026-08-25 16:19:46,255 - INFO - Training COS align loss: 0.07025609000183729
2026-08-25 16:19:46,255 - INFO - Training geometry effective rank: 59.91333790790246
2026-08-25 16:19:46,255 - INFO - Training geometry avg cosine: 0.6993432544780612
2026-08-25 16:19:48,220 - INFO - Validation total loss: 3.1145604644210554
2026-08-25 16:19:48,220 - INFO - Validation CE loss: 3.1080046344724335
2026-08-25 16:19:48,220 - INFO - Validation COS align loss: 0.06555826955598823
2026-08-25 16:19:48,220 - INFO - Early stop metric (ce): 3.1080046344724335
2026-08-25 16:19:48,257 - INFO - Best validation ce loss: 3.1080046344724335
2026-08-25 16:19:48,257 - INFO - Best model saved to ./ckpt/causal_tiger_Beauty_cos0.1_mean.pth
2026-08-25 16:19:48,258 - INFO - Epoch 3/120
2026-08-25 16:20:00,518 - INFO - Training total loss: 3.022778951240421
2026-08-25 16:20:00,518 - INFO - Training CE loss: 3.016165632682088
2026-08-25 16:20:00,518 - INFO - Training COS align loss: 0.06613319520820439
2026-08-25 16:20:00,518 - INFO - Training geometry effective rank: 58.22110796531351
2026-08-25 16:20:00,518 - INFO - Training geometry avg cosine: 0.6908234705720894
2026-08-25 16:20:02,487 - INFO - Validation total loss: 2.909327382181847
2026-08-25 16:20:02,487 - INFO - Validation CE loss: 2.9030047537431183
2026-08-25 16:20:02,487 - INFO - Validation COS align loss: 0.06322615955008969
2026-08-25 16:20:02,487 - INFO - Early stop metric (ce): 2.9030047537431183
2026-08-25 16:20:02,521 - INFO - Best validation ce loss: 2.9030047537431183
2026-08-25 16:20:02,521 - INFO - Best model saved to ./ckpt/causal_tiger_Beauty_cos0.1_mean.pth
2026-08-25 16:20:02,521 - INFO - Epoch 4/120
2026-08-25 16:20:14,775 - INFO - Training total loss: 2.85181666348231
2026-08-25 16:20:14,775 - INFO - Training CE loss: 2.8453797259683276
2026-08-25 16:20:14,775 - INFO - Training COS align loss: 0.06436930046007328
2026-08-25 16:20:14,775 - INFO - Training geometry effective rank: 55.252837259018
2026-08-25 16:20:14,775 - INFO - Training geometry avg cosine: 0.6845596962633764
2026-08-25 16:20:16,780 - INFO - Validation total loss: 2.7622917619385943
2026-08-25 16:20:16,780 - INFO - Validation CE loss: 2.756083051022542
2026-08-25 16:20:16,780 - INFO - Validation COS align loss: 0.06208718334656416
2026-08-25 16:20:16,780 - INFO - Early stop metric (ce): 2.756083051022542
2026-08-25 16:20:16,814 - INFO - Best validation ce loss: 2.756083051022542
2026-08-25 16:20:16,814 - INFO - Best model saved to ./ckpt/causal_tiger_Beauty_cos0.1_mean.pth
2026-08-25 16:20:16,815 - INFO - Epoch 5/120
2026-08-25 16:20:29,098 - INFO - Training total loss: 2.729718888316173
2026-08-25 16:20:29,098 - INFO - Training CE loss: 2.723371912533207
2026-08-25 16:20:29,098 - INFO - Training COS align loss: 0.06346978264560031
2026-08-25 16:20:29,098 - INFO - Training geometry effective rank: 52.358455450154466
2026-08-25 16:20:29,098 - INFO - Training geometry avg cosine: 0.6805471194625364
2026-08-25 16:20:31,125 - INFO - Validation total loss: 2.658919214179076
2026-08-25 16:20:31,125 - INFO - Validation CE loss: 2.6527992906488573
2026-08-25 16:20:31,125 - INFO - Validation COS align loss: 0.0611991767207952
2026-08-25 16:20:31,125 - INFO - Early stop metric (ce): 2.6527992906488573
2026-08-25 16:20:31,162 - INFO - Best validation ce loss: 2.6527992906488573
2026-08-25 16:20:31,162 - INFO - Best model saved to ./ckpt/causal_tiger_Beauty_cos0.1_mean.pth
2026-08-25 16:20:31,162 - INFO - Epoch 6/120
2026-08-25 16:20:43,433 - INFO - Training total loss: 2.6321395663435823
2026-08-25 16:20:43,433 - INFO - Training CE loss: 2.625832924583079
2026-08-25 16:20:43,433 - INFO - Training COS align loss: 0.06306641505386115
2026-08-25 16:20:43,433 - INFO - Training geometry effective rank: 50.24268503597274
2026-08-25 16:20:43,433 - INFO - Training geometry avg cosine: 0.6741158564498916
2026-08-25 16:20:45,474 - INFO - Validation total loss: 2.5860901549138737
2026-08-25 16:20:45,475 - INFO - Validation CE loss: 2.579948690827824
2026-08-25 16:20:45,475 - INFO - Validation COS align loss: 0.06141451500004453
2026-08-25 16:20:45,475 - INFO - Early stop metric (ce): 2.579948690827824
2026-08-25 16:20:45,508 - INFO - Best validation ce loss: 2.579948690827824
2026-08-25 16:20:45,508 - INFO - Best model saved to ./ckpt/causal_tiger_Beauty_cos0.1_mean.pth
2026-08-25 16:20:45,509 - INFO - Epoch 7/120
2026-08-25 16:20:57,854 - INFO - Training total loss: 2.5628113459056454
2026-08-25 16:20:57,854 - INFO - Training CE loss: 2.5565234742739786
2026-08-25 16:20:57,854 - INFO - Training COS align loss: 0.06287870541620812
2026-08-25 16:20:57,854 - INFO - Training geometry effective rank: 49.4520730267239
2026-08-25 16:20:57,854 - INFO - Training geometry avg cosine: 0.6674286868089832
2026-08-25 16:20:59,801 - INFO - Validation total loss: 2.5249088465400007
2026-08-25 16:20:59,801 - INFO - Validation CE loss: 2.518806828961352
2026-08-25 16:20:59,801 - INFO - Validation COS align loss: 0.061020146112073646
2026-08-25 16:20:59,801 - INFO - Early stop metric (ce): 2.518806828961352
2026-08-25 16:20:59,836 - INFO - Best validation ce loss: 2.518806828961352
2026-08-25 16:20:59,836 - INFO - Best model saved to ./ckpt/causal_tiger_Beauty_cos0.1_mean.pth
2026-08-25 16:20:59,836 - INFO - Epoch 8/120
2026-08-25 16:21:12,167 - INFO - Training total loss: 2.505193855975852
2026-08-25 16:21:12,167 - INFO - Training CE loss: 2.4989108983644717
2026-08-25 16:21:12,167 - INFO - Training COS align loss: 0.06282955906734393
2026-08-25 16:21:12,167 - INFO - Training geometry effective rank: 48.88841745547283
2026-08-25 16:21:12,167 - INFO - Training geometry avg cosine: 0.661432358773302
2026-08-25 16:21:14,185 - INFO - Validation total loss: 2.479464039782086
2026-08-25 16:21:14,185 - INFO - Validation CE loss: 2.4733769949925306
2026-08-25 16:21:14,185 - INFO - Validation COS align loss: 0.06087040850021297
2026-08-25 16:21:14,185 - INFO - Early stop metric (ce): 2.4733769949925306
2026-08-25 16:21:14,220 - INFO - Best validation ce loss: 2.4733769949925306
2026-08-25 16:21:14,220 - INFO - Best model saved to ./ckpt/causal_tiger_Beauty_cos0.1_mean.pth
2026-08-25 16:21:14,221 - INFO - Epoch 9/120
2026-08-25 16:21:26,594 - INFO - Training total loss: 2.459962083207958
2026-08-25 16:21:26,594 - INFO - Training CE loss: 2.453690594272391
2026-08-25 16:21:26,594 - INFO - Training COS align loss: 0.06271487775943622
2026-08-25 16:21:26,594 - INFO - Training geometry effective rank: 48.13527744011193
2026-08-25 16:21:26,594 - INFO - Training geometry avg cosine: 0.6537482910119142
2026-08-25 16:21:28,604 - INFO - Validation total loss: 2.444964197060581
2026-08-25 16:21:28,604 - INFO - Validation CE loss: 2.438839142414633
2026-08-25 16:21:28,604 - INFO - Validation COS align loss: 0.06125052778505972
2026-08-25 16:21:28,604 - INFO - Early stop metric (ce): 2.438839142414633
2026-08-25 16:21:28,638 - INFO - Best validation ce loss: 2.438839142414633
2026-08-25 16:21:28,638 - INFO - Best model saved to ./ckpt/causal_tiger_Beauty_cos0.1_mean.pth
2026-08-25 16:21:28,639 - INFO - Epoch 10/120
2026-08-25 16:21:40,938 - INFO - Training total loss: 2.421531823358647
2026-08-25 16:21:40,939 - INFO - Training CE loss: 2.4152542157859656
2026-08-25 16:21:40,939 - INFO - Training COS align loss: 0.06277607885780037
2026-08-25 16:21:40,939 - INFO - Training geometry effective rank: 47.990207019019216
2026-08-25 16:21:40,939 - INFO - Training geometry avg cosine: 0.6512580585850816
2026-08-25 16:21:42,990 - INFO - Validation total loss: 2.4231319898187857
2026-08-25 16:21:42,990 - INFO - Validation CE loss: 2.4170179459158443
2026-08-25 16:21:42,990 - INFO - Validation COS align loss: 0.06114046128522685
2026-08-25 16:21:42,990 - INFO - Early stop metric (ce): 2.4170179459158443
2026-08-25 16:21:43,024 - INFO - Best validation ce loss: 2.4170179459158443
2026-08-25 16:21:43,024 - INFO - Best model saved to ./ckpt/causal_tiger_Beauty_cos0.1_mean.pth
2026-08-25 16:21:43,025 - INFO - Epoch 11/120
2026-08-25 16:21:55,356 - INFO - Training total loss: 2.389881955046598
2026-08-25 16:21:55,356 - INFO - Training CE loss: 2.383604500080361
2026-08-25 16:21:55,356 - INFO - Training COS align loss: 0.0627746114703004
2026-08-25 16:21:55,356 - INFO - Training geometry effective rank: 47.73117104764115
2026-08-25 16:21:55,357 - INFO - Training geometry avg cosine: 0.6464386377121224
2026-08-25 16:21:57,376 - INFO - Validation total loss: 2.391892250515361
2026-08-25 16:21:57,376 - INFO - Validation CE loss: 2.3857768308451246
2026-08-25 16:21:57,376 - INFO - Validation COS align loss: 0.06115423788840167
2026-08-25 16:21:57,376 - INFO - Early stop metric (ce): 2.3857768308451246
2026-08-25 16:21:57,410 - INFO - Best validation ce loss: 2.3857768308451246
2026-08-25 16:21:57,410 - INFO - Best model saved to ./ckpt/causal_tiger_Beauty_cos0.1_mean.pth
2026-08-25 16:21:57,411 - INFO - Epoch 12/120
2026-08-25 16:22:09,735 - INFO - Training total loss: 2.359607227117635
2026-08-25 16:22:09,735 - INFO - Training CE loss: 2.353324701813872
2026-08-25 16:22:09,735 - INFO - Training COS align loss: 0.06282526590944729
2026-08-25 16:22:09,735 - INFO - Training geometry effective rank: 47.181747644327956
2026-08-25 16:22:09,735 - INFO - Training geometry avg cosine: 0.6426759886370559
2026-08-25 16:22:11,758 - INFO - Validation total loss: 2.379631305968813
2026-08-25 16:22:11,758 - INFO - Validation CE loss: 2.3735065030437683
2026-08-25 16:22:11,758 - INFO - Validation COS align loss: 0.06124804229695398
2026-08-25 16:22:11,758 - INFO - Early stop metric (ce): 2.3735065030437683
2026-08-25 16:22:11,792 - INFO - Best validation ce loss: 2.3735065030437683
2026-08-25 16:22:11,792 - INFO - Best model saved to ./ckpt/causal_tiger_Beauty_cos0.1_mean.pth
2026-08-25 16:22:11,792 - INFO - Epoch 13/120
2026-08-25 16:22:24,111 - INFO - Training total loss: 2.336399437852407
2026-08-25 16:22:24,112 - INFO - Training CE loss: 2.3301205120197994
2026-08-25 16:22:24,112 - INFO - Training COS align loss: 0.06278924104768478
2026-08-25 16:22:24,112 - INFO - Training geometry effective rank: 47.04517748198157
2026-08-25 16:22:24,112 - INFO - Training geometry avg cosine: 0.6382869400866764
2026-08-25 16:22:26,073 - INFO - Validation total loss: 2.3594575603632455
2026-08-25 16:22:26,073 - INFO - Validation CE loss: 2.353342956739434
2026-08-25 16:22:26,073 - INFO - Validation COS align loss: 0.06114596921486916
2026-08-25 16:22:26,073 - INFO - Early stop metric (ce): 2.353342956739434
2026-08-25 16:22:26,108 - INFO - Best validation ce loss: 2.353342956739434
2026-08-25 16:22:26,108 - INFO - Best model saved to ./ckpt/causal_tiger_Beauty_cos0.1_mean.pth
2026-08-25 16:22:26,108 - INFO - Epoch 14/120
2026-08-25 16:22:38,423 - INFO - Training total loss: 2.3139745451596925
2026-08-25 16:22:38,423 - INFO - Training CE loss: 2.307704572083885
2026-08-25 16:22:38,423 - INFO - Training COS align loss: 0.06269973458483061
2026-08-25 16:22:38,423 - INFO - Training geometry effective rank: 47.0890205398144
2026-08-25 16:22:38,423 - INFO - Training geometry avg cosine: 0.6366782961884361
2026-08-25 16:22:40,395 - INFO - Validation total loss: 2.3377577833863286
2026-08-25 16:22:40,395 - INFO - Validation CE loss: 2.331643439157838
2026-08-25 16:22:40,395 - INFO - Validation COS align loss: 0.06114343333141998
2026-08-25 16:22:40,396 - INFO - Early stop metric (ce): 2.331643439157838
2026-08-25 16:22:40,429 - INFO - Best validation ce loss: 2.331643439157838
2026-08-25 16:22:40,429 - INFO - Best model saved to ./ckpt/causal_tiger_Beauty_cos0.1_mean.pth
2026-08-25 16:22:40,429 - INFO - Epoch 15/120
2026-08-25 16:22:52,726 - INFO - Training total loss: 2.295932608355808
2026-08-25 16:22:52,726 - INFO - Training CE loss: 2.28966279901883
2026-08-25 16:22:52,726 - INFO - Training COS align loss: 0.06269811980919152
2026-08-25 16:22:52,726 - INFO - Training geometry effective rank: 46.80267659050018
2026-08-25 16:22:52,726 - INFO - Training geometry avg cosine: 0.6330238288478629
2026-08-25 16:22:54,671 - INFO - Validation total loss: 2.3247287027825614
2026-08-25 16:22:54,671 - INFO - Validation CE loss: 2.3186206188324694
2026-08-25 16:22:54,671 - INFO - Validation COS align loss: 0.061080788082319266
2026-08-25 16:22:54,671 - INFO - Early stop metric (ce): 2.3186206188324694
2026-08-25 16:22:54,706 - INFO - Best validation ce loss: 2.3186206188324694
2026-08-25 16:22:54,706 - INFO - Best model saved to ./ckpt/causal_tiger_Beauty_cos0.1_mean.pth
2026-08-25 16:22:54,706 - INFO - Epoch 16/120
2026-08-25 16:23:07,081 - INFO - Training total loss: 2.2807742909234787
2026-08-25 16:23:07,081 - INFO - Training CE loss: 2.274499019760102
2026-08-25 16:23:07,081 - INFO - Training COS align loss: 0.06275269018073026
2026-08-25 16:23:07,081 - INFO - Training geometry effective rank: 46.13525987320837
2026-08-25 16:23:07,081 - INFO - Training geometry avg cosine: 0.6315329552624476
2026-08-25 16:23:09,113 - INFO - Validation total loss: 2.321336232541457
2026-08-25 16:23:09,113 - INFO - Validation CE loss: 2.3152049713380345
2026-08-25 16:23:09,113 - INFO - Validation COS align loss: 0.06131259949933818
2026-08-25 16:23:09,113 - INFO - Early stop metric (ce): 2.3152049713380345
2026-08-25 16:23:09,148 - INFO - Best validation ce loss: 2.3152049713380345
2026-08-25 16:23:09,148 - INFO - Best model saved to ./ckpt/causal_tiger_Beauty_cos0.1_mean.pth
2026-08-25 16:23:09,148 - INFO - Epoch 17/120
2026-08-25 16:23:21,480 - INFO - Training total loss: 2.264601472286863
2026-08-25 16:23:21,480 - INFO - Training CE loss: 2.2583328689582616
2026-08-25 16:23:21,480 - INFO - Training COS align loss: 0.06268606761086312
2026-08-25 16:23:21,480 - INFO - Training geometry effective rank: 46.014171348007736
2026-08-25 16:23:21,480 - INFO - Training geometry avg cosine: 0.6309385886452077
2026-08-25 16:23:23,408 - INFO - Validation total loss: 2.3049397606706417
2026-08-25 16:23:23,408 - INFO - Validation CE loss: 2.298810714815819
2026-08-25 16:23:23,408 - INFO - Validation COS align loss: 0.061290399966833414
2026-08-25 16:23:23,408 - INFO - Early stop metric (ce): 2.298810714815819
2026-08-25 16:23:23,444 - INFO - Best validation ce loss: 2.298810714815819
2026-08-25 16:23:23,444 - INFO - Best model saved to ./ckpt/causal_tiger_Beauty_cos0.1_mean.pth
2026-08-25 16:23:23,444 - INFO - Epoch 18/120
2026-08-25 16:23:35,796 - INFO - Training total loss: 2.2485592318879957
2026-08-25 16:23:35,796 - INFO - Training CE loss: 2.242291727882415
2026-08-25 16:23:35,796 - INFO - Training COS align loss: 0.06267504191120311
2026-08-25 16:23:35,796 - INFO - Training geometry effective rank: 45.57570119033991
2026-08-25 16:23:35,796 - INFO - Training geometry avg cosine: 0.6284746191381017
2026-08-25 16:23:37,797 - INFO - Validation total loss: 2.295455640989312
2026-08-25 16:23:37,797 - INFO - Validation CE loss: 2.2893424617374403
2026-08-25 16:23:37,797 - INFO - Validation COS align loss: 0.061131812216386264
2026-08-25 16:23:37,797 - INFO - Early stop metric (ce): 2.2893424617374403
2026-08-25 16:23:37,833 - INFO - Best validation ce loss: 2.2893424617374403
2026-08-25 16:23:37,833 - INFO - Best model saved to ./ckpt/causal_tiger_Beauty_cos0.1_mean.pth
2026-08-25 16:23:37,833 - INFO - Epoch 19/120
2026-08-25 16:23:50,177 - INFO - Training total loss: 2.236552146622179
2026-08-25 16:23:50,178 - INFO - Training CE loss: 2.230285624585727
2026-08-25 16:23:50,178 - INFO - Training COS align loss: 0.06266524668797445
2026-08-25 16:23:50,178 - INFO - Training geometry effective rank: 45.14090307955612
2026-08-25 16:23:50,178 - INFO - Training geometry avg cosine: 0.6294446384628459
2026-08-25 16:23:52,180 - INFO - Validation total loss: 2.287142186205786
2026-08-25 16:23:52,180 - INFO - Validation CE loss: 2.281004222677501
2026-08-25 16:23:52,180 - INFO - Validation COS align loss: 0.06137965037587374
2026-08-25 16:23:52,181 - INFO - Early stop metric (ce): 2.281004222677501
2026-08-25 16:23:52,214 - INFO - Best validation ce loss: 2.281004222677501
2026-08-25 16:23:52,214 - INFO - Best model saved to ./ckpt/causal_tiger_Beauty_cos0.1_mean.pth
2026-08-25 16:23:52,214 - INFO - Epoch 20/120
2026-08-25 16:24:04,598 - INFO - Training total loss: 2.224151731001264
2026-08-25 16:24:04,599 - INFO - Training CE loss: 2.217882523740776
2026-08-25 16:24:04,599 - INFO - Training COS align loss: 0.06269202390069628
2026-08-25 16:24:04,599 - INFO - Training geometry effective rank: 45.02436969623491
2026-08-25 16:24:04,599 - INFO - Training geometry avg cosine: 0.6287356221954182
2026-08-25 16:24:06,572 - INFO - Validation total loss: 2.2781850795377476
2026-08-25 16:24:06,573 - INFO - Validation CE loss: 2.27206129219399
2026-08-25 16:24:06,573 - INFO - Validation COS align loss: 0.06123788060036851
2026-08-25 16:24:06,573 - INFO - Early stop metric (ce): 2.27206129219399
2026-08-25 16:24:06,609 - INFO - Best validation ce loss: 2.27206129219399
2026-08-25 16:24:06,609 - INFO - Best model saved to ./ckpt/causal_tiger_Beauty_cos0.1_mean.pth
2026-08-25 16:24:06,609 - INFO - Epoch 21/120
2026-08-25 16:24:18,979 - INFO - Training total loss: 2.214495209868316
2026-08-25 16:24:18,979 - INFO - Training CE loss: 2.208227266133527
2026-08-25 16:24:18,979 - INFO - Training COS align loss: 0.06267944013098335
2026-08-25 16:24:18,979 - INFO - Training geometry effective rank: 44.55079328039741
2026-08-25 16:24:18,979 - INFO - Training geometry avg cosine: 0.6280994502254961
2026-08-25 16:24:20,929 - INFO - Validation total loss: 2.276498743392879
2026-08-25 16:24:20,929 - INFO - Validation CE loss: 2.2703716018169224
2026-08-25 16:24:20,929 - INFO - Validation COS align loss: 0.061271400154916
2026-08-25 16:24:20,929 - INFO - Early stop metric (ce): 2.2703716018169224
2026-08-25 16:24:20,966 - INFO - Best validation ce loss: 2.2703716018169224
2026-08-25 16:24:20,966 - INFO - Best model saved to ./ckpt/causal_tiger_Beauty_cos0.1_mean.pth
2026-08-25 16:24:20,966 - INFO - Epoch 22/120
2026-08-25 16:24:33,412 - INFO - Training total loss: 2.2048286018668444
2026-08-25 16:24:33,412 - INFO - Training CE loss: 2.1985601562470314
2026-08-25 16:24:33,413 - INFO - Training COS align loss: 0.0626845026990319
2026-08-25 16:24:33,413 - INFO - Training geometry effective rank: 44.008968946998685
2026-08-25 16:24:33,413 - INFO - Training geometry avg cosine: 0.6299132824176017
2026-08-25 16:24:35,382 - INFO - Validation total loss: 2.269757337836237
2026-08-25 16:24:35,382 - INFO - Validation CE loss: 2.263648541700175
2026-08-25 16:24:35,382 - INFO - Validation COS align loss: 0.06108794012806446
2026-08-25 16:24:35,382 - INFO - Early stop metric (ce): 2.263648541700175
2026-08-25 16:24:35,417 - INFO - Best validation ce loss: 2.263648541700175
2026-08-25 16:24:35,417 - INFO - Best model saved to ./ckpt/causal_tiger_Beauty_cos0.1_mean.pth
2026-08-25 16:24:35,417 - INFO - Epoch 23/120
2026-08-25 16:24:47,752 - INFO - Training total loss: 2.195144278993866
2026-08-25 16:24:47,752 - INFO - Training CE loss: 2.1888740647163836
2026-08-25 16:24:47,752 - INFO - Training COS align loss: 0.06270213593304853
2026-08-25 16:24:47,752 - INFO - Training geometry effective rank: 43.70161370822892
2026-08-25 16:24:47,752 - INFO - Training geometry avg cosine: 0.6286383801165258
2026-08-25 16:24:49,784 - INFO - Validation total loss: 2.2623996790898206
2026-08-25 16:24:49,785 - INFO - Validation CE loss: 2.2562888625353703
2026-08-25 16:24:49,785 - INFO - Validation COS align loss: 0.0611081420096205
2026-08-25 16:24:49,785 - INFO - Early stop metric (ce): 2.2562888625353703
2026-08-25 16:24:49,818 - INFO - Best validation ce loss: 2.2562888625353703
2026-08-25 16:24:49,819 - INFO - Best model saved to ./ckpt/causal_tiger_Beauty_cos0.1_mean.pth
2026-08-25 16:24:49,819 - INFO - Epoch 24/120
2026-08-25 16:25:02,217 - INFO - Training total loss: 2.1863780587563717
2026-08-25 16:25:02,217 - INFO - Training CE loss: 2.1801098385673554
2026-08-25 16:25:02,217 - INFO - Training COS align loss: 0.06268219539627491
2026-08-25 16:25:02,217 - INFO - Training geometry effective rank: 43.25186297865693
2026-08-25 16:25:02,217 - INFO - Training geometry avg cosine: 0.629593072698274
2026-08-25 16:25:04,493 - INFO - Validation total loss: 2.2590641658193564
2026-08-25 16:25:04,493 - INFO - Validation CE loss: 2.2529401814988756
2026-08-25 16:25:04,493 - INFO - Validation COS align loss: 0.061239843972251136
2026-08-25 16:25:04,493 - INFO - Early stop metric (ce): 2.2529401814988756
2026-08-25 16:25:04,529 - INFO - Best validation ce loss: 2.2529401814988756
2026-08-25 16:25:04,529 - INFO - Best model saved to ./ckpt/causal_tiger_Beauty_cos0.1_mean.pth
2026-08-25 16:25:04,529 - INFO - Epoch 25/120
2026-08-25 16:25:16,864 - INFO - Training total loss: 2.177989626209096
2026-08-25 16:25:16,864 - INFO - Training CE loss: 2.171717914161979
2026-08-25 16:25:16,864 - INFO - Training COS align loss: 0.062717116876335
2026-08-25 16:25:16,864 - INFO - Training geometry effective rank: 42.708091045631974
2026-08-25 16:25:16,864 - INFO - Training geometry avg cosine: 0.6313936166494273
2026-08-25 16:25:18,954 - INFO - Validation total loss: 2.2539368484153255
2026-08-25 16:25:18,955 - INFO - Validation CE loss: 2.2477952507944066
2026-08-25 16:25:18,955 - INFO - Validation COS align loss: 0.06141598695337516
2026-08-25 16:25:18,955 - INFO - Early stop metric (ce): 2.2477952507944066
2026-08-25 16:25:18,992 - INFO - Best validation ce loss: 2.2477952507944066
2026-08-25 16:25:18,992 - INFO - Best model saved to ./ckpt/causal_tiger_Beauty_cos0.1_mean.pth
2026-08-25 16:25:18,992 - INFO - Epoch 26/120
2026-08-25 16:25:31,392 - INFO - Training total loss: 2.1683966362058884
2026-08-25 16:25:31,392 - INFO - Training CE loss: 2.162125119439359
2026-08-25 16:25:31,392 - INFO - Training COS align loss: 0.06271512916579784
2026-08-25 16:25:31,392 - INFO - Training geometry effective rank: 42.575173352015156
2026-08-25 16:25:31,392 - INFO - Training geometry avg cosine: 0.6324311701240243
2026-08-25 16:25:33,467 - INFO - Validation total loss: 2.247425475345661
2026-08-25 16:25:33,467 - INFO - Validation CE loss: 2.2412924106540597
2026-08-25 16:25:33,467 - INFO - Validation COS align loss: 0.06133067582298246
2026-08-25 16:25:33,467 - INFO - Early stop metric (ce): 2.2412924106540597
2026-08-25 16:25:33,504 - INFO - Best validation ce loss: 2.2412924106540597
2026-08-25 16:25:33,505 - INFO - Best model saved to ./ckpt/causal_tiger_Beauty_cos0.1_mean.pth
2026-08-25 16:25:33,505 - INFO - Epoch 27/120
2026-08-25 16:25:45,851 - INFO - Training total loss: 2.162092648591513
2026-08-25 16:25:45,851 - INFO - Training CE loss: 2.155821917121976
2026-08-25 16:25:45,851 - INFO - Training COS align loss: 0.06270735876105639
2026-08-25 16:25:45,851 - INFO - Training geometry effective rank: 41.986510814859706
2026-08-25 16:25:45,851 - INFO - Training geometry avg cosine: 0.6318650418450397
2026-08-25 16:25:47,781 - INFO - Validation total loss: 2.244827538600807
2026-08-25 16:25:47,782 - INFO - Validation CE loss: 2.2387107124656054
2026-08-25 16:25:47,782 - INFO - Validation COS align loss: 0.06116816900318784
2026-08-25 16:25:47,782 - INFO - Early stop metric (ce): 2.2387107124656054
2026-08-25 16:25:47,818 - INFO - Best validation ce loss: 2.2387107124656054
2026-08-25 16:25:47,818 - INFO - Best model saved to ./ckpt/causal_tiger_Beauty_cos0.1_mean.pth
2026-08-25 16:25:47,819 - INFO - Epoch 28/120
2026-08-25 16:26:00,163 - INFO - Training total loss: 2.1531005095878926
2026-08-25 16:26:00,163 - INFO - Training CE loss: 2.1468351072838336
2026-08-25 16:26:00,163 - INFO - Training COS align loss: 0.06265403463682775
2026-08-25 16:26:00,163 - INFO - Training geometry effective rank: 41.62914121382895
2026-08-25 16:26:00,163 - INFO - Training geometry avg cosine: 0.6336796839181551
2026-08-25 16:26:02,120 - INFO - Validation total loss: 2.2379284575261784
2026-08-25 16:26:02,121 - INFO - Validation CE loss: 2.2317992893922995
2026-08-25 16:26:02,121 - INFO - Validation COS align loss: 0.06129169924576395
2026-08-25 16:26:02,121 - INFO - Early stop metric (ce): 2.2317992893922995
2026-08-25 16:26:02,158 - INFO - Best validation ce loss: 2.2317992893922995
2026-08-25 16:26:02,158 - INFO - Best model saved to ./ckpt/causal_tiger_Beauty_cos0.1_mean.pth
2026-08-25 16:26:02,158 - INFO - Epoch 29/120
2026-08-25 16:26:14,472 - INFO - Training total loss: 2.146691651659717
2026-08-25 16:26:14,472 - INFO - Training CE loss: 2.1404264682925627
2026-08-25 16:26:14,472 - INFO - Training COS align loss: 0.06265182393070325
2026-08-25 16:26:14,472 - INFO - Training geometry effective rank: 41.151765674932456
2026-08-25 16:26:14,472 - INFO - Training geometry avg cosine: 0.6347114512196774
2026-08-25 16:26:16,474 - INFO - Validation total loss: 2.232231408229713
2026-08-25 16:26:16,474 - INFO - Validation CE loss: 2.226088544841488
2026-08-25 16:26:16,474 - INFO - Validation COS align loss: 0.06142862723109037
2026-08-25 16:26:16,474 - INFO - Early stop metric (ce): 2.226088544841488
2026-08-25 16:26:16,510 - INFO - Best validation ce loss: 2.226088544841488
2026-08-25 16:26:16,510 - INFO - Best model saved to ./ckpt/causal_tiger_Beauty_cos0.1_mean.pth
2026-08-25 16:26:16,510 - INFO - Epoch 30/120
2026-08-25 16:26:28,893 - INFO - Training total loss: 2.1406173084496523
2026-08-25 16:26:28,893 - INFO - Training CE loss: 2.134352207183838
2026-08-25 16:26:28,893 - INFO - Training COS align loss: 0.06265099398820781
2026-08-25 16:26:28,894 - INFO - Training geometry effective rank: 40.55575220130297
2026-08-25 16:26:28,894 - INFO - Training geometry avg cosine: 0.6371942767837169
2026-08-25 16:26:30,839 - INFO - Validation total loss: 2.234088783612067
2026-08-25 16:26:30,839 - INFO - Validation CE loss: 2.227962957942946
2026-08-25 16:26:30,839 - INFO - Validation COS align loss: 0.06125823187725738
2026-08-25 16:26:30,839 - INFO - Early stop metric (ce): 2.227962957942946
2026-08-25 16:26:30,840 - INFO - No improvement in validation loss. Early stop counter: 1
2026-08-25 16:26:30,840 - INFO - Epoch 31/120
2026-08-25 16:26:43,211 - INFO - Training total loss: 2.1334579747010762
2026-08-25 16:26:43,211 - INFO - Training CE loss: 2.127186468835007
2026-08-25 16:26:43,211 - INFO - Training COS align loss: 0.06271515108268085
2026-08-25 16:26:43,211 - INFO - Training geometry effective rank: 40.33550539647559
2026-08-25 16:26:43,211 - INFO - Training geometry avg cosine: 0.6377059006737364
2026-08-25 16:26:45,259 - INFO - Validation total loss: 2.2235511802296783
2026-08-25 16:26:45,259 - INFO - Validation CE loss: 2.217407194329945
2026-08-25 16:26:45,259 - INFO - Validation COS align loss: 0.061439732881063046
2026-08-25 16:26:45,259 - INFO - Early stop metric (ce): 2.217407194329945
2026-08-25 16:26:45,293 - INFO - Best validation ce loss: 2.217407194329945
2026-08-25 16:26:45,293 - INFO - Best model saved to ./ckpt/causal_tiger_Beauty_cos0.1_mean.pth
2026-08-25 16:26:45,293 - INFO - Epoch 32/120
2026-08-25 16:26:57,662 - INFO - Training total loss: 2.1305041997349217
2026-08-25 16:26:57,662 - INFO - Training CE loss: 2.1242348171393695
2026-08-25 16:26:57,662 - INFO - Training COS align loss: 0.06269384462545818
2026-08-25 16:26:57,662 - INFO - Training geometry effective rank: 39.84261425181585
2026-08-25 16:26:57,662 - INFO - Training geometry avg cosine: 0.6386064836023383
2026-08-25 16:26:59,684 - INFO - Validation total loss: 2.2280380142604845
2026-08-25 16:26:59,684 - INFO - Validation CE loss: 2.2219035175225255
2026-08-25 16:26:59,684 - INFO - Validation COS align loss: 0.06134499961214516
2026-08-25 16:26:59,684 - INFO - Early stop metric (ce): 2.2219035175225255
2026-08-25 16:26:59,685 - INFO - No improvement in validation loss. Early stop counter: 1
2026-08-25 16:26:59,685 - INFO - Epoch 33/120
2026-08-25 16:27:12,069 - INFO - Training total loss: 2.122844993140447
2026-08-25 16:27:12,069 - INFO - Training CE loss: 2.1165767170575807
2026-08-25 16:27:12,069 - INFO - Training COS align loss: 0.0626827506239776
2026-08-25 16:27:12,069 - INFO - Training geometry effective rank: 39.34666665518794
2026-08-25 16:27:12,069 - INFO - Training geometry avg cosine: 0.6397435223314085
2026-08-25 16:27:14,046 - INFO - Validation total loss: 2.2242572179679705
2026-08-25 16:27:14,046 - INFO - Validation CE loss: 2.2181157456958753
2026-08-25 16:27:14,046 - INFO - Validation COS align loss: 0.06141476237211105
2026-08-25 16:27:14,046 - INFO - Early stop metric (ce): 2.2181157456958753
2026-08-25 16:27:14,047 - INFO - No improvement in validation loss. Early stop counter: 2
2026-08-25 16:27:14,047 - INFO - Epoch 34/120
2026-08-25 16:27:26,389 - INFO - Training total loss: 2.1179254196497252
2026-08-25 16:27:26,389 - INFO - Training CE loss: 2.1116596381488013
2026-08-25 16:27:26,389 - INFO - Training COS align loss: 0.06265776491350701
2026-08-25 16:27:26,389 - INFO - Training geometry effective rank: 39.10452349176666
2026-08-25 16:27:26,389 - INFO - Training geometry avg cosine: 0.640403082050702
2026-08-25 16:27:28,336 - INFO - Validation total loss: 2.222397065981263
2026-08-25 16:27:28,336 - INFO - Validation CE loss: 2.216271025940072
2026-08-25 16:27:28,336 - INFO - Validation COS align loss: 0.06126042599330132
2026-08-25 16:27:28,336 - INFO - Early stop metric (ce): 2.216271025940072
2026-08-25 16:27:28,370 - INFO - Best validation ce loss: 2.216271025940072
2026-08-25 16:27:28,370 - INFO - Best model saved to ./ckpt/causal_tiger_Beauty_cos0.1_mean.pth
2026-08-25 16:27:28,370 - INFO - Epoch 35/120
2026-08-25 16:27:40,675 - INFO - Training total loss: 2.1115568618830074
2026-08-25 16:27:40,675 - INFO - Training CE loss: 2.10529406246972
2026-08-25 16:27:40,675 - INFO - Training COS align loss: 0.06262796456247915
2026-08-25 16:27:40,675 - INFO - Training geometry effective rank: 38.358308732741534
2026-08-25 16:27:40,675 - INFO - Training geometry avg cosine: 0.6417484515371954
2026-08-25 16:27:42,689 - INFO - Validation total loss: 2.2150235657016606
2026-08-25 16:27:42,689 - INFO - Validation CE loss: 2.2088844105921077
2026-08-25 16:27:42,689 - INFO - Validation COS align loss: 0.06139155851413252
2026-08-25 16:27:42,689 - INFO - Early stop metric (ce): 2.2088844105921077
2026-08-25 16:27:42,725 - INFO - Best validation ce loss: 2.2088844105921077
2026-08-25 16:27:42,725 - INFO - Best model saved to ./ckpt/causal_tiger_Beauty_cos0.1_mean.pth
2026-08-25 16:27:42,726 - INFO - Epoch 36/120
2026-08-25 16:27:55,048 - INFO - Training total loss: 2.1061126318423202
2026-08-25 16:27:55,049 - INFO - Training CE loss: 2.0998456633508438
2026-08-25 16:27:55,049 - INFO - Training COS align loss: 0.06266969825043289
2026-08-25 16:27:55,049 - INFO - Training geometry effective rank: 38.23168084779138
2026-08-25 16:27:55,049 - INFO - Training geometry avg cosine: 0.6429906801722857
2026-08-25 16:27:57,014 - INFO - Validation total loss: 2.2171477371019357
2026-08-25 16:27:57,014 - INFO - Validation CE loss: 2.2110178910611524
2026-08-25 16:27:57,014 - INFO - Validation COS align loss: 0.06129848854736197
2026-08-25 16:27:57,014 - INFO - Early stop metric (ce): 2.2110178910611524
2026-08-25 16:27:57,015 - INFO - No improvement in validation loss. Early stop counter: 1
2026-08-25 16:27:57,015 - INFO - Epoch 37/120
2026-08-25 16:28:09,361 - INFO - Training total loss: 2.1010473500429887
2026-08-25 16:28:09,361 - INFO - Training CE loss: 2.094782474903745
2026-08-25 16:28:09,361 - INFO - Training COS align loss: 0.06264877574453094
2026-08-25 16:28:09,361 - INFO - Training geometry effective rank: 37.65205674969269
2026-08-25 16:28:09,361 - INFO - Training geometry avg cosine: 0.6442457271689107
2026-08-25 16:28:11,452 - INFO - Validation total loss: 2.2126621447919264
2026-08-25 16:28:11,453 - INFO - Validation CE loss: 2.206525760147193
2026-08-25 16:28:11,453 - INFO - Validation COS align loss: 0.06136383263338277
2026-08-25 16:28:11,453 - INFO - Early stop metric (ce): 2.206525760147193
2026-08-25 16:28:11,486 - INFO - Best validation ce loss: 2.206525760147193
2026-08-25 16:28:11,486 - INFO - Best model saved to ./ckpt/causal_tiger_Beauty_cos0.1_mean.pth
2026-08-25 16:28:11,486 - INFO - Epoch 38/120
2026-08-25 16:28:23,859 - INFO - Training total loss: 2.0952885958007337
2026-08-25 16:28:23,859 - INFO - Training CE loss: 2.089025536631796
2026-08-25 16:28:23,859 - INFO - Training COS align loss: 0.06263055806030095
2026-08-25 16:28:23,859 - INFO - Training geometry effective rank: 37.439086813871036
2026-08-25 16:28:23,859 - INFO - Training geometry avg cosine: 0.6446785052462775
2026-08-25 16:28:25,915 - INFO - Validation total loss: 2.208939265795532
2026-08-25 16:28:25,915 - INFO - Validation CE loss: 2.2028178994747702
2026-08-25 16:28:25,915 - INFO - Validation COS align loss: 0.061213652207616064
2026-08-25 16:28:25,915 - INFO - Early stop metric (ce): 2.2028178994747702
2026-08-25 16:28:25,949 - INFO - Best validation ce loss: 2.2028178994747702
2026-08-25 16:28:25,950 - INFO - Best model saved to ./ckpt/causal_tiger_Beauty_cos0.1_mean.pth
2026-08-25 16:28:25,950 - INFO - Epoch 39/120
2026-08-25 16:28:38,273 - INFO - Training total loss: 2.0923848128968174
2026-08-25 16:28:38,273 - INFO - Training CE loss: 2.0861149488256134
2026-08-25 16:28:38,273 - INFO - Training COS align loss: 0.06269869347490689
2026-08-25 16:28:38,273 - INFO - Training geometry effective rank: 36.67232638110447
2026-08-25 16:28:38,273 - INFO - Training geometry avg cosine: 0.6469434342031812
2026-08-25 16:28:40,391 - INFO - Validation total loss: 2.2086073062962215
2026-08-25 16:28:40,391 - INFO - Validation CE loss: 2.2024577989087084
2026-08-25 16:28:40,391 - INFO - Validation COS align loss: 0.061495003526302876
2026-08-25 16:28:40,391 - INFO - Early stop metric (ce): 2.2024577989087084
2026-08-25 16:28:40,425 - INFO - Best validation ce loss: 2.2024577989087084
2026-08-25 16:28:40,425 - INFO - Best model saved to ./ckpt/causal_tiger_Beauty_cos0.1_mean.pth
2026-08-25 16:28:40,425 - INFO - Epoch 40/120
2026-08-25 16:28:52,807 - INFO - Training total loss: 2.0884093343051955
2026-08-25 16:28:52,807 - INFO - Training CE loss: 2.0821408847426626
2026-08-25 16:28:52,807 - INFO - Training COS align loss: 0.06268449261030798
2026-08-25 16:28:52,807 - INFO - Training geometry effective rank: 36.59748509329117
2026-08-25 16:28:52,807 - INFO - Training geometry avg cosine: 0.6466608307241002
2026-08-25 16:28:54,850 - INFO - Validation total loss: 2.2076870034180995
2026-08-25 16:28:54,850 - INFO - Validation CE loss: 2.2015636949580113
2026-08-25 16:28:54,850 - INFO - Validation COS align loss: 0.061233088182277434
2026-08-25 16:28:54,850 - INFO - Early stop metric (ce): 2.2015636949580113
2026-08-25 16:28:54,885 - INFO - Best validation ce loss: 2.2015636949580113
2026-08-25 16:28:54,885 - INFO - Best model saved to ./ckpt/causal_tiger_Beauty_cos0.1_mean.pth
2026-08-25 16:28:54,885 - INFO - Epoch 41/120
2026-08-25 16:29:07,387 - INFO - Training total loss: 2.0832532201295697
2026-08-25 16:29:07,387 - INFO - Training CE loss: 2.0769877494077273
2026-08-25 16:29:07,387 - INFO - Training COS align loss: 0.06265476021321367
2026-08-25 16:29:07,387 - INFO - Training geometry effective rank: 35.98758472264509
2026-08-25 16:29:07,387 - INFO - Training geometry avg cosine: 0.6495677412483942
2026-08-25 16:29:09,397 - INFO - Validation total loss: 2.2029238934168998
2026-08-25 16:29:09,398 - INFO - Validation CE loss: 2.196779036726563
2026-08-25 16:29:09,398 - INFO - Validation COS align loss: 0.06144863008941192
2026-08-25 16:29:09,398 - INFO - Early stop metric (ce): 2.196779036726563
2026-08-25 16:29:09,432 - INFO - Best validation ce loss: 2.196779036726563
2026-08-25 16:29:09,432 - INFO - Best model saved to ./ckpt/causal_tiger_Beauty_cos0.1_mean.pth
2026-08-25 16:29:09,432 - INFO - Epoch 42/120
2026-08-25 16:29:21,751 - INFO - Training total loss: 2.07874290766883
2026-08-25 16:29:21,751 - INFO - Training CE loss: 2.072479119328673
2026-08-25 16:29:21,751 - INFO - Training COS align loss: 0.06263789151893051
2026-08-25 16:29:21,751 - INFO - Training geometry effective rank: 35.2898738987251
2026-08-25 16:29:21,751 - INFO - Training geometry avg cosine: 0.6500563949694429
2026-08-25 16:29:23,747 - INFO - Validation total loss: 2.2013932650692984
2026-08-25 16:29:23,747 - INFO - Validation CE loss: 2.1952610271683066
2026-08-25 16:29:23,747 - INFO - Validation COS align loss: 0.06132246240525798
2026-08-25 16:29:23,747 - INFO - Early stop metric (ce): 2.1952610271683066
2026-08-25 16:29:23,781 - INFO - Best validation ce loss: 2.1952610271683066
2026-08-25 16:29:23,781 - INFO - Best model saved to ./ckpt/causal_tiger_Beauty_cos0.1_mean.pth
2026-08-25 16:29:23,781 - INFO - Epoch 43/120
2026-08-25 16:29:36,157 - INFO - Training total loss: 2.072460024505274
2026-08-25 16:29:36,157 - INFO - Training CE loss: 2.0661917892411523
2026-08-25 16:29:36,157 - INFO - Training COS align loss: 0.06268235043792873
2026-08-25 16:29:36,157 - INFO - Training geometry effective rank: 35.020782359379275
2026-08-25 16:29:36,157 - INFO - Training geometry avg cosine: 0.6517305592154714
2026-08-25 16:29:38,148 - INFO - Validation total loss: 2.198690766428673
2026-08-25 16:29:38,148 - INFO - Validation CE loss: 2.1925683011312853
2026-08-25 16:29:38,148 - INFO - Validation COS align loss: 0.0612245572994707
2026-08-25 16:29:38,148 - INFO - Early stop metric (ce): 2.1925683011312853
2026-08-25 16:29:38,181 - INFO - Best validation ce loss: 2.1925683011312853
2026-08-25 16:29:38,182 - INFO - Best model saved to ./ckpt/causal_tiger_Beauty_cos0.1_mean.pth
2026-08-25 16:29:38,182 - INFO - Epoch 44/120
2026-08-25 16:29:50,706 - INFO - Training total loss: 2.0705048720196526
2026-08-25 16:29:50,706 - INFO - Training CE loss: 2.0642398990081907
2026-08-25 16:29:50,706 - INFO - Training COS align loss: 0.06264971016909826
2026-08-25 16:29:50,706 - INFO - Training geometry effective rank: 34.89687701793032
2026-08-25 16:29:50,706 - INFO - Training geometry avg cosine: 0.6534011859142362
2026-08-25 16:29:52,766 - INFO - Validation total loss: 2.2016772088063123
2026-08-25 16:29:52,766 - INFO - Validation CE loss: 2.1955425954172028
2026-08-25 16:29:52,766 - INFO - Validation COS align loss: 0.06134609168179557
2026-08-25 16:29:52,766 - INFO - Early stop metric (ce): 2.1955425954172028
2026-08-25 16:29:52,767 - INFO - No improvement in validation loss. Early stop counter: 1
2026-08-25 16:29:52,767 - INFO - Epoch 45/120
2026-08-25 16:30:05,090 - INFO - Training total loss: 2.0670200294093863
2026-08-25 16:30:05,090 - INFO - Training CE loss: 2.0607538346186685
2026-08-25 16:30:05,090 - INFO - Training COS align loss: 0.06266202316673813
2026-08-25 16:30:05,090 - INFO - Training geometry effective rank: 34.627935476340205
2026-08-25 16:30:05,090 - INFO - Training geometry avg cosine: 0.6535138595660837
2026-08-25 16:30:07,147 - INFO - Validation total loss: 2.2026987520921897
2026-08-25 16:30:07,147 - INFO - Validation CE loss: 2.19655813833163
2026-08-25 16:30:07,147 - INFO - Validation COS align loss: 0.06140613990791877
2026-08-25 16:30:07,147 - INFO - Early stop metric (ce): 2.19655813833163
2026-08-25 16:30:07,148 - INFO - No improvement in validation loss. Early stop counter: 2
2026-08-25 16:30:07,148 - INFO - Epoch 46/120
2026-08-25 16:30:19,498 - INFO - Training total loss: 2.0634552437507687
2026-08-25 16:30:19,498 - INFO - Training CE loss: 2.05718698436648
2026-08-25 16:30:19,498 - INFO - Training COS align loss: 0.06268263013910227
2026-08-25 16:30:19,498 - INFO - Training geometry effective rank: 34.347030658202414
2026-08-25 16:30:19,498 - INFO - Training geometry avg cosine: 0.654926123322216
2026-08-25 16:30:21,592 - INFO - Validation total loss: 2.196742807846724
2026-08-25 16:30:21,592 - INFO - Validation CE loss: 2.190610665108513
2026-08-25 16:30:21,592 - INFO - Validation COS align loss: 0.06132143096350805
2026-08-25 16:30:21,592 - INFO - Early stop metric (ce): 2.190610665108513
2026-08-25 16:30:21,627 - INFO - Best validation ce loss: 2.190610665108513
2026-08-25 16:30:21,627 - INFO - Best model saved to ./ckpt/causal_tiger_Beauty_cos0.1_mean.pth
2026-08-25 16:30:21,627 - INFO - Epoch 47/120
2026-08-25 16:30:34,094 - INFO - Training total loss: 2.0587810727872737
2026-08-25 16:30:34,094 - INFO - Training CE loss: 2.052510113335769
2026-08-25 16:30:34,094 - INFO - Training COS align loss: 0.06270955358033978
2026-08-25 16:30:34,094 - INFO - Training geometry effective rank: 34.01413029548259
2026-08-25 16:30:34,094 - INFO - Training geometry avg cosine: 0.6546168522148281
2026-08-25 16:30:36,075 - INFO - Validation total loss: 2.199470648438122
2026-08-25 16:30:36,075 - INFO - Validation CE loss: 2.193335739328114
2026-08-25 16:30:36,075 - INFO - Validation COS align loss: 0.061349059890779815
2026-08-25 16:30:36,075 - INFO - Early stop metric (ce): 2.193335739328114
2026-08-25 16:30:36,075 - INFO - No improvement in validation loss. Early stop counter: 1
2026-08-25 16:30:36,076 - INFO - Epoch 48/120
2026-08-25 16:30:48,476 - INFO - Training total loss: 2.0577972893121177
2026-08-25 16:30:48,476 - INFO - Training CE loss: 2.0515222670039313
2026-08-25 16:30:48,477 - INFO - Training COS align loss: 0.06275022887998054
2026-08-25 16:30:48,477 - INFO - Training geometry effective rank: 33.81016084099558
2026-08-25 16:30:48,477 - INFO - Training geometry avg cosine: 0.6565352074135138
2026-08-25 16:30:50,462 - INFO - Validation total loss: 2.19392898410175
2026-08-25 16:30:50,462 - INFO - Validation CE loss: 2.1877792137375205
2026-08-25 16:30:50,462 - INFO - Validation COS align loss: 0.061497753014380326
2026-08-25 16:30:50,463 - INFO - Early stop metric (ce): 2.1877792137375205
2026-08-25 16:30:50,496 - INFO - Best validation ce loss: 2.1877792137375205
2026-08-25 16:30:50,496 - INFO - Best model saved to ./ckpt/causal_tiger_Beauty_cos0.1_mean.pth
2026-08-25 16:30:50,496 - INFO - Epoch 49/120
2026-08-25 16:31:02,869 - INFO - Training total loss: 2.05083419423159
2026-08-25 16:31:02,870 - INFO - Training CE loss: 2.0445592510097224
2026-08-25 16:31:02,870 - INFO - Training COS align loss: 0.06274940496752698
2026-08-25 16:31:02,870 - INFO - Training geometry effective rank: 33.4781876760698
2026-08-25 16:31:02,870 - INFO - Training geometry avg cosine: 0.6561549189953488
2026-08-25 16:31:04,856 - INFO - Validation total loss: 2.194019855347826
2026-08-25 16:31:04,856 - INFO - Validation CE loss: 2.187870069123133
2026-08-25 16:31:04,856 - INFO - Validation COS align loss: 0.06149785840971787
2026-08-25 16:31:04,856 - INFO - Early stop metric (ce): 2.187870069123133
2026-08-25 16:31:04,856 - INFO - No improvement in validation loss. Early stop counter: 1
2026-08-25 16:31:04,857 - INFO - Epoch 50/120
2026-08-25 16:31:17,184 - INFO - Training total loss: 2.049602758559735
2026-08-25 16:31:17,184 - INFO - Training CE loss: 2.0433271098229673
2026-08-25 16:31:17,184 - INFO - Training COS align loss: 0.06275648330899992
2026-08-25 16:31:17,184 - INFO - Training geometry effective rank: 33.26897808921012
2026-08-25 16:31:17,184 - INFO - Training geometry avg cosine: 0.6581507537383514
2026-08-25 16:31:19,221 - INFO - Validation total loss: 2.1917591581017164
2026-08-25 16:31:19,221 - INFO - Validation CE loss: 2.1856128166673523
2026-08-25 16:31:19,221 - INFO - Validation COS align loss: 0.06146339797155028
2026-08-25 16:31:19,221 - INFO - Early stop metric (ce): 2.1856128166673523
2026-08-25 16:31:19,255 - INFO - Best validation ce loss: 2.1856128166673523
2026-08-25 16:31:19,255 - INFO - Best model saved to ./ckpt/causal_tiger_Beauty_cos0.1_mean.pth
2026-08-25 16:31:19,255 - INFO - Epoch 51/120
2026-08-25 16:31:31,569 - INFO - Training total loss: 2.043275701628585
2026-08-25 16:31:31,569 - INFO - Training CE loss: 2.0369960164745495
2026-08-25 16:31:31,569 - INFO - Training COS align loss: 0.06279679506669249
2026-08-25 16:31:31,570 - INFO - Training geometry effective rank: 33.07152275352627
2026-08-25 16:31:31,570 - INFO - Training geometry avg cosine: 0.6578073364751348
2026-08-25 16:31:33,573 - INFO - Validation total loss: 2.191216310206401
2026-08-25 16:31:33,573 - INFO - Validation CE loss: 2.1850682778419857
2026-08-25 16:31:33,573 - INFO - Validation COS align loss: 0.061480335923223536
2026-08-25 16:31:33,573 - INFO - Early stop metric (ce): 2.1850682778419857
2026-08-25 16:31:33,608 - INFO - Best validation ce loss: 2.1850682778419857
2026-08-25 16:31:33,608 - INFO - Best model saved to ./ckpt/causal_tiger_Beauty_cos0.1_mean.pth
2026-08-25 16:31:33,608 - INFO - Epoch 52/120
2026-08-25 16:31:45,951 - INFO - Training total loss: 2.0410702590348655
2026-08-25 16:31:45,951 - INFO - Training CE loss: 2.0347911666803324
2026-08-25 16:31:45,951 - INFO - Training COS align loss: 0.06279089235146222
2026-08-25 16:31:45,951 - INFO - Training geometry effective rank: 32.7351829105778
2026-08-25 16:31:45,951 - INFO - Training geometry avg cosine: 0.6594369518153862
2026-08-25 16:31:47,915 - INFO - Validation total loss: 2.191932180920384
2026-08-25 16:31:47,915 - INFO - Validation CE loss: 2.1857678051158596
2026-08-25 16:31:47,915 - INFO - Validation COS align loss: 0.06164377902198759
2026-08-25 16:31:47,915 - INFO - Early stop metric (ce): 2.1857678051158596
2026-08-25 16:31:47,916 - INFO - No improvement in validation loss. Early stop counter: 1
2026-08-25 16:31:47,916 - INFO - Epoch 53/120
2026-08-25 16:32:00,296 - INFO - Training total loss: 2.0365191391933752
2026-08-25 16:32:00,297 - INFO - Training CE loss: 2.03023715798493
2026-08-25 16:32:00,297 - INFO - Training COS align loss: 0.06281979828493141
2026-08-25 16:32:00,297 - INFO - Training geometry effective rank: 32.42920005738967
2026-08-25 16:32:00,297 - INFO - Training geometry avg cosine: 0.6584991354654736
2026-08-25 16:32:02,270 - INFO - Validation total loss: 2.190494233958199
2026-08-25 16:32:02,270 - INFO - Validation CE loss: 2.184325081596047
2026-08-25 16:32:02,270 - INFO - Validation COS align loss: 0.06169154741221743
2026-08-25 16:32:02,270 - INFO - Early stop metric (ce): 2.184325081596047
2026-08-25 16:32:02,303 - INFO - Best validation ce loss: 2.184325081596047
2026-08-25 16:32:02,303 - INFO - Best model saved to ./ckpt/causal_tiger_Beauty_cos0.1_mean.pth
2026-08-25 16:32:02,304 - INFO - Epoch 54/120
2026-08-25 16:32:14,693 - INFO - Training total loss: 2.033405673179181
2026-08-25 16:32:14,693 - INFO - Training CE loss: 2.0271282794410617
2026-08-25 16:32:14,693 - INFO - Training COS align loss: 0.06277392995960518
2026-08-25 16:32:14,693 - INFO - Training geometry effective rank: 32.32835234185601
2026-08-25 16:32:14,693 - INFO - Training geometry avg cosine: 0.6608001165352907
2026-08-25 16:32:16,654 - INFO - Validation total loss: 2.1885024314274606
2026-08-25 16:32:16,654 - INFO - Validation CE loss: 2.1823400218087716
2026-08-25 16:32:16,654 - INFO - Validation COS align loss: 0.0616242310008266
2026-08-25 16:32:16,654 - INFO - Early stop metric (ce): 2.1823400218087716
2026-08-25 16:32:16,688 - INFO - Best validation ce loss: 2.1823400218087716
2026-08-25 16:32:16,688 - INFO - Best model saved to ./ckpt/causal_tiger_Beauty_cos0.1_mean.pth
2026-08-25 16:32:16,689 - INFO - Epoch 55/120
2026-08-25 16:32:29,075 - INFO - Training total loss: 2.0324921730891274
2026-08-25 16:32:29,075 - INFO - Training CE loss: 2.02620730349062
2026-08-25 16:32:29,075 - INFO - Training COS align loss: 0.06284866177618272
2026-08-25 16:32:29,075 - INFO - Training geometry effective rank: 31.856860635809397
2026-08-25 16:32:29,075 - INFO - Training geometry avg cosine: 0.6618456746585638
2026-08-25 16:32:31,115 - INFO - Validation total loss: 2.1942552788574807
2026-08-25 16:32:31,115 - INFO - Validation CE loss: 2.188099129517191
2026-08-25 16:32:31,115 - INFO - Validation COS align loss: 0.061561448379647575
2026-08-25 16:32:31,115 - INFO - Early stop metric (ce): 2.188099129517191
2026-08-25 16:32:31,115 - INFO - No improvement in validation loss. Early stop counter: 1
2026-08-25 16:32:31,116 - INFO - Epoch 56/120
2026-08-25 16:32:43,523 - INFO - Training total loss: 2.0280711342388553
2026-08-25 16:32:43,523 - INFO - Training CE loss: 2.021789252989951
2026-08-25 16:32:43,523 - INFO - Training COS align loss: 0.06281882489701653
2026-08-25 16:32:43,523 - INFO - Training geometry effective rank: 31.803400614846076
2026-08-25 16:32:43,523 - INFO - Training geometry avg cosine: 0.661767255703299
2026-08-25 16:32:45,498 - INFO - Validation total loss: 2.1872368078886697
2026-08-25 16:32:45,498 - INFO - Validation CE loss: 2.1810763680372114
2026-08-25 16:32:45,498 - INFO - Validation COS align loss: 0.0616044092587647
2026-08-25 16:32:45,498 - INFO - Early stop metric (ce): 2.1810763680372114
2026-08-25 16:32:45,531 - INFO - Best validation ce loss: 2.1810763680372114
2026-08-25 16:32:45,531 - INFO - Best model saved to ./ckpt/causal_tiger_Beauty_cos0.1_mean.pth
2026-08-25 16:32:45,531 - INFO - Epoch 57/120
2026-08-25 16:32:57,864 - INFO - Training total loss: 2.024366391771962
2026-08-25 16:32:57,864 - INFO - Training CE loss: 2.018083153531709
2026-08-25 16:32:57,864 - INFO - Training COS align loss: 0.06283239237529295
2026-08-25 16:32:57,864 - INFO - Training geometry effective rank: 31.387561968792273
2026-08-25 16:32:57,864 - INFO - Training geometry avg cosine: 0.6627970536163345
2026-08-25 16:32:59,831 - INFO - Validation total loss: 2.195879973055467
2026-08-25 16:32:59,831 - INFO - Validation CE loss: 2.189724461715109
2026-08-25 16:32:59,832 - INFO - Validation COS align loss: 0.061555081938469355
2026-08-25 16:32:59,832 - INFO - Early stop metric (ce): 2.189724461715109
2026-08-25 16:32:59,832 - INFO - No improvement in validation loss. Early stop counter: 1
2026-08-25 16:32:59,832 - INFO - Epoch 58/120
2026-08-25 16:33:12,131 - INFO - Training total loss: 2.0229772204091114
2026-08-25 16:33:12,132 - INFO - Training CE loss: 2.0166943673957647
2026-08-25 16:33:12,132 - INFO - Training COS align loss: 0.06282850496963768
2026-08-25 16:33:12,132 - INFO - Training geometry effective rank: 31.448810722113585
2026-08-25 16:33:12,132 - INFO - Training geometry avg cosine: 0.663575017846512
2026-08-25 16:33:14,212 - INFO - Validation total loss: 2.184652553095838
2026-08-25 16:33:14,212 - INFO - Validation CE loss: 2.1784906991049966
2026-08-25 16:33:14,212 - INFO - Validation COS align loss: 0.061618550908412034
2026-08-25 16:33:14,212 - INFO - Early stop metric (ce): 2.1784906991049966
2026-08-25 16:33:14,249 - INFO - Best validation ce loss: 2.1784906991049966
2026-08-25 16:33:14,249 - INFO - Best model saved to ./ckpt/causal_tiger_Beauty_cos0.1_mean.pth
2026-08-25 16:33:14,249 - INFO - Epoch 59/120
2026-08-25 16:33:26,509 - INFO - Training total loss: 2.018746638808269
2026-08-25 16:33:26,509 - INFO - Training CE loss: 2.0124638184963035
2026-08-25 16:33:26,509 - INFO - Training COS align loss: 0.06282821413607913
2026-08-25 16:33:26,509 - INFO - Training geometry effective rank: 31.40890408304415
2026-08-25 16:33:26,509 - INFO - Training geometry avg cosine: 0.6625858120881166
2026-08-25 16:33:28,530 - INFO - Validation total loss: 2.192108234622448
2026-08-25 16:33:28,531 - INFO - Validation CE loss: 2.185961169746301
2026-08-25 16:33:28,531 - INFO - Validation COS align loss: 0.06147056204055
2026-08-25 16:33:28,531 - INFO - Early stop metric (ce): 2.185961169746301
2026-08-25 16:33:28,531 - INFO - No improvement in validation loss. Early stop counter: 1
2026-08-25 16:33:28,531 - INFO - Epoch 60/120
2026-08-25 16:33:40,884 - INFO - Training total loss: 2.0162364752376125
2026-08-25 16:33:40,884 - INFO - Training CE loss: 2.0099548321753624
2026-08-25 16:33:40,884 - INFO - Training COS align loss: 0.06281640418308718
2026-08-25 16:33:40,884 - INFO - Training geometry effective rank: 31.002303257062742
2026-08-25 16:33:40,884 - INFO - Training geometry avg cosine: 0.6659680049475065
2026-08-25 16:33:42,958 - INFO - Validation total loss: 2.188357987628986
2026-08-25 16:33:42,958 - INFO - Validation CE loss: 2.1822016684282493
2026-08-25 16:33:42,958 - INFO - Validation COS align loss: 0.06156310707714425
2026-08-25 16:33:42,958 - INFO - Early stop metric (ce): 2.1822016684282493
2026-08-25 16:33:42,959 - INFO - No improvement in validation loss. Early stop counter: 2
2026-08-25 16:33:42,959 - INFO - Epoch 61/120
2026-08-25 16:33:55,236 - INFO - Training total loss: 2.0141347110967227
2026-08-25 16:33:55,237 - INFO - Training CE loss: 2.00785298430966
2026-08-25 16:33:55,237 - INFO - Training COS align loss: 0.0628172536072564
2026-08-25 16:33:55,237 - INFO - Training geometry effective rank: 30.737606011476036
2026-08-25 16:33:55,237 - INFO - Training geometry avg cosine: 0.6650387175120268
2026-08-25 16:33:57,377 - INFO - Validation total loss: 2.184840735959393
2026-08-25 16:33:57,377 - INFO - Validation CE loss: 2.1786816340147683
2026-08-25 16:33:57,377 - INFO - Validation COS align loss: 0.06159096495787985
2026-08-25 16:33:57,377 - INFO - Early stop metric (ce): 2.1786816340147683
2026-08-25 16:33:57,378 - INFO - No improvement in validation loss. Early stop counter: 3
2026-08-25 16:33:57,378 - INFO - Epoch 62/120
2026-08-25 16:34:09,615 - INFO - Training total loss: 2.0115682380672557
2026-08-25 16:34:09,616 - INFO - Training CE loss: 2.0052869043925394
2026-08-25 16:34:09,616 - INFO - Training COS align loss: 0.0628134088757437
2026-08-25 16:34:09,616 - INFO - Training geometry effective rank: 30.590862912426662
2026-08-25 16:34:09,616 - INFO - Training geometry avg cosine: 0.6651774008218416
2026-08-25 16:34:11,574 - INFO - Validation total loss: 2.183241467107519
2026-08-25 16:34:11,574 - INFO - Validation CE loss: 2.177086692511268
2026-08-25 16:34:11,574 - INFO - Validation COS align loss: 0.061547697613679286
2026-08-25 16:34:11,574 - INFO - Early stop metric (ce): 2.177086692511268
2026-08-25 16:34:11,609 - INFO - Best validation ce loss: 2.177086692511268
2026-08-25 16:34:11,609 - INFO - Best model saved to ./ckpt/causal_tiger_Beauty_cos0.1_mean.pth
2026-08-25 16:34:11,609 - INFO - Epoch 63/120
2026-08-25 16:34:23,972 - INFO - Training total loss: 2.0074990298961386
2026-08-25 16:34:23,972 - INFO - Training CE loss: 2.0012140229982163
2026-08-25 16:34:23,972 - INFO - Training COS align loss: 0.06285009889751093
2026-08-25 16:34:23,972 - INFO - Training geometry effective rank: 30.29280363075464
2026-08-25 16:34:23,972 - INFO - Training geometry avg cosine: 0.6658071539281407
2026-08-25 16:34:26,028 - INFO - Validation total loss: 2.180514691725309
2026-08-25 16:34:26,028 - INFO - Validation CE loss: 2.174355992943432
2026-08-25 16:34:26,028 - INFO - Validation COS align loss: 0.06158700751644347
2026-08-25 16:34:26,028 - INFO - Early stop metric (ce): 2.174355992943432
2026-08-25 16:34:26,063 - INFO - Best validation ce loss: 2.174355992943432
2026-08-25 16:34:26,063 - INFO - Best model saved to ./ckpt/causal_tiger_Beauty_cos0.1_mean.pth
2026-08-25 16:34:26,063 - INFO - Epoch 64/120
2026-08-25 16:34:38,421 - INFO - Training total loss: 2.0038364049525574
2026-08-25 16:34:38,421 - INFO - Training CE loss: 1.9975560458253794
2026-08-25 16:34:38,421 - INFO - Training COS align loss: 0.06280356170138496
2026-08-25 16:34:38,421 - INFO - Training geometry effective rank: 30.44270837538901
2026-08-25 16:34:38,421 - INFO - Training geometry avg cosine: 0.6652457716400058
2026-08-25 16:34:40,395 - INFO - Validation total loss: 2.1825521406697614
2026-08-25 16:34:40,395 - INFO - Validation CE loss: 2.176402782165953
2026-08-25 16:34:40,395 - INFO - Validation COS align loss: 0.06149357838692072
2026-08-25 16:34:40,395 - INFO - Early stop metric (ce): 2.176402782165953
2026-08-25 16:34:40,396 - INFO - No improvement in validation loss. Early stop counter: 1
2026-08-25 16:34:40,396 - INFO - Epoch 65/120
2026-08-25 16:34:52,782 - INFO - Training total loss: 2.0037872448041747
2026-08-25 16:34:52,782 - INFO - Training CE loss: 1.997505269857696
2026-08-25 16:34:52,782 - INFO - Training COS align loss: 0.06281977671593543
2026-08-25 16:34:52,782 - INFO - Training geometry effective rank: 30.15206509155986
2026-08-25 16:34:52,782 - INFO - Training geometry avg cosine: 0.6662012745666133
2026-08-25 16:34:54,769 - INFO - Validation total loss: 2.1903765268080226
2026-08-25 16:34:54,769 - INFO - Validation CE loss: 2.1842127327243657
2026-08-25 16:34:54,769 - INFO - Validation COS align loss: 0.06163792497610329
2026-08-25 16:34:54,769 - INFO - Early stop metric (ce): 2.1842127327243657
2026-08-25 16:34:54,770 - INFO - No improvement in validation loss. Early stop counter: 2
2026-08-25 16:34:54,770 - INFO - Epoch 66/120
2026-08-25 16:35:07,077 - INFO - Training total loss: 2.0007799926434973
2026-08-25 16:35:07,077 - INFO - Training CE loss: 1.9944946925927693
2026-08-25 16:35:07,077 - INFO - Training COS align loss: 0.06285303413636026
2026-08-25 16:35:07,077 - INFO - Training geometry effective rank: 29.75721965225754
2026-08-25 16:35:07,077 - INFO - Training geometry avg cosine: 0.6663468869743644
2026-08-25 16:35:09,075 - INFO - Validation total loss: 2.187080334696135
2026-08-25 16:35:09,075 - INFO - Validation CE loss: 2.1809197183330684
2026-08-25 16:35:09,075 - INFO - Validation COS align loss: 0.061606070258586706
2026-08-25 16:35:09,075 - INFO - Early stop metric (ce): 2.1809197183330684
2026-08-25 16:35:09,076 - INFO - No improvement in validation loss. Early stop counter: 3
2026-08-25 16:35:09,076 - INFO - Epoch 67/120
2026-08-25 16:35:21,374 - INFO - Training total loss: 1.9968167302209578
2026-08-25 16:35:21,374 - INFO - Training CE loss: 1.9905261109775143
2026-08-25 16:35:21,374 - INFO - Training COS align loss: 0.06290619208655004
2026-08-25 16:35:21,374 - INFO - Training geometry effective rank: 29.7228804042831
2026-08-25 16:35:21,374 - INFO - Training geometry avg cosine: 0.6662063408454568
2026-08-25 16:35:23,441 - INFO - Validation total loss: 2.178886162876571
2026-08-25 16:35:23,441 - INFO - Validation CE loss: 2.172699739493014
2026-08-25 16:35:23,441 - INFO - Validation COS align loss: 0.06186420927743543
2026-08-25 16:35:23,441 - INFO - Early stop metric (ce): 2.172699739493014
2026-08-25 16:35:23,476 - INFO - Best validation ce loss: 2.172699739493014
2026-08-25 16:35:23,476 - INFO - Best model saved to ./ckpt/causal_tiger_Beauty_cos0.1_mean.pth
2026-08-25 16:35:23,476 - INFO - Epoch 68/120
2026-08-25 16:35:35,696 - INFO - Training total loss: 1.9949871767819622
2026-08-25 16:35:35,696 - INFO - Training CE loss: 1.9887032471742148
2026-08-25 16:35:35,696 - INFO - Training COS align loss: 0.06283930083193204
2026-08-25 16:35:35,696 - INFO - Training geometry effective rank: 29.52619505485208
2026-08-25 16:35:35,696 - INFO - Training geometry avg cosine: 0.667926806188279
2026-08-25 16:35:37,723 - INFO - Validation total loss: 2.182307204975079
2026-08-25 16:35:37,723 - INFO - Validation CE loss: 2.176145094658684
2026-08-25 16:35:37,723 - INFO - Validation COS align loss: 0.06162114793138954
2026-08-25 16:35:37,723 - INFO - Early stop metric (ce): 2.176145094658684
2026-08-25 16:35:37,724 - INFO - No improvement in validation loss. Early stop counter: 1
2026-08-25 16:35:37,724 - INFO - Epoch 69/120
2026-08-25 16:35:50,132 - INFO - Training total loss: 1.9917487128699336
2026-08-25 16:35:50,132 - INFO - Training CE loss: 1.9854644590314725
2026-08-25 16:35:50,132 - INFO - Training COS align loss: 0.06284253061513492
2026-08-25 16:35:50,132 - INFO - Training geometry effective rank: 29.60182867532574
2026-08-25 16:35:50,132 - INFO - Training geometry avg cosine: 0.6677778099993323
2026-08-25 16:35:52,150 - INFO - Validation total loss: 2.182109661879969
2026-08-25 16:35:52,150 - INFO - Validation CE loss: 2.1759301183561397
2026-08-25 16:35:52,150 - INFO - Validation COS align loss: 0.061795463122011764
2026-08-25 16:35:52,150 - INFO - Early stop metric (ce): 2.1759301183561397
2026-08-25 16:35:52,150 - INFO - No improvement in validation loss. Early stop counter: 2
2026-08-25 16:35:52,151 - INFO - Epoch 70/120
2026-08-25 16:36:04,437 - INFO - Training total loss: 1.9890185951722734
2026-08-25 16:36:04,438 - INFO - Training CE loss: 1.9827329829509157
2026-08-25 16:36:04,438 - INFO - Training COS align loss: 0.06285612488071278
2026-08-25 16:36:04,438 - INFO - Training geometry effective rank: 29.53346537059383
2026-08-25 16:36:04,438 - INFO - Training geometry avg cosine: 0.6678292177298654
2026-08-25 16:36:06,463 - INFO - Validation total loss: 2.180435451826824
2026-08-25 16:36:06,463 - INFO - Validation CE loss: 2.1742676169063913
2026-08-25 16:36:06,463 - INFO - Validation COS align loss: 0.06167831415782159
2026-08-25 16:36:06,463 - INFO - Early stop metric (ce): 2.1742676169063913
2026-08-25 16:36:06,464 - INFO - No improvement in validation loss. Early stop counter: 3
2026-08-25 16:36:06,464 - INFO - Epoch 71/120
2026-08-25 16:36:18,763 - INFO - Training total loss: 1.9865574525951875
2026-08-25 16:36:18,764 - INFO - Training CE loss: 1.9802746707827201
2026-08-25 16:36:18,764 - INFO - Training COS align loss: 0.06282781383406791
2026-08-25 16:36:18,764 - INFO - Training geometry effective rank: 29.167859827034203
2026-08-25 16:36:18,764 - INFO - Training geometry avg cosine: 0.6675977301040976
2026-08-25 16:36:20,763 - INFO - Validation total loss: 2.18310508758725
2026-08-25 16:36:20,763 - INFO - Validation CE loss: 2.176947008386702
2026-08-25 16:36:20,763 - INFO - Validation COS align loss: 0.06158080479617794
2026-08-25 16:36:20,763 - INFO - Early stop metric (ce): 2.176947008386702
2026-08-25 16:36:20,764 - INFO - No improvement in validation loss. Early stop counter: 4
2026-08-25 16:36:20,764 - INFO - Epoch 72/120
2026-08-25 16:36:33,140 - INFO - Training total loss: 1.9844510821980725
2026-08-25 16:36:33,141 - INFO - Training CE loss: 1.9781701059193
2026-08-25 16:36:33,141 - INFO - Training COS align loss: 0.06280976997739146
2026-08-25 16:36:33,141 - INFO - Training geometry effective rank: 29.18331894707587
2026-08-25 16:36:33,141 - INFO - Training geometry avg cosine: 0.6682450028013163
2026-08-25 16:36:35,176 - INFO - Validation total loss: 2.1765430239648778
2026-08-25 16:36:35,176 - INFO - Validation CE loss: 2.1703819589041844
2026-08-25 16:36:35,176 - INFO - Validation COS align loss: 0.061610727351110894
2026-08-25 16:36:35,176 - INFO - Early stop metric (ce): 2.1703819589041844
2026-08-25 16:36:35,211 - INFO - Best validation ce loss: 2.1703819589041844
2026-08-25 16:36:35,211 - INFO - Best model saved to ./ckpt/causal_tiger_Beauty_cos0.1_mean.pth
2026-08-25 16:36:35,212 - INFO - Epoch 73/120
2026-08-25 16:36:47,582 - INFO - Training total loss: 1.9850184980069616
2026-08-25 16:36:47,582 - INFO - Training CE loss: 1.978742844399775
2026-08-25 16:36:47,582 - INFO - Training COS align loss: 0.06275656169954441
2026-08-25 16:36:47,582 - INFO - Training geometry effective rank: 28.972245535498
2026-08-25 16:36:47,582 - INFO - Training geometry avg cosine: 0.6699711898421499
2026-08-25 16:36:49,603 - INFO - Validation total loss: 2.181353588984248
2026-08-25 16:36:49,603 - INFO - Validation CE loss: 2.1751876250868705
2026-08-25 16:36:49,603 - INFO - Validation COS align loss: 0.061659712904001
2026-08-25 16:36:49,603 - INFO - Early stop metric (ce): 2.1751876250868705
2026-08-25 16:36:49,604 - INFO - No improvement in validation loss. Early stop counter: 1
2026-08-25 16:36:49,604 - INFO - Epoch 74/120
2026-08-25 16:37:02,032 - INFO - Training total loss: 1.9822820814667046
2026-08-25 16:37:02,032 - INFO - Training CE loss: 1.9759995691507244
2026-08-25 16:37:02,032 - INFO - Training COS align loss: 0.06282513753913256
2026-08-25 16:37:02,032 - INFO - Training geometry effective rank: 29.101530323696508
2026-08-25 16:37:02,032 - INFO - Training geometry avg cosine: 0.668250243487525
2026-08-25 16:37:04,095 - INFO - Validation total loss: 2.183555724794773
2026-08-25 16:37:04,095 - INFO - Validation CE loss: 2.1773903190833814
2026-08-25 16:37:04,095 - INFO - Validation COS align loss: 0.06165399904414819
2026-08-25 16:37:04,095 - INFO - Early stop metric (ce): 2.1773903190833814
2026-08-25 16:37:04,096 - INFO - No improvement in validation loss. Early stop counter: 2
2026-08-25 16:37:04,096 - INFO - Epoch 75/120
2026-08-25 16:37:16,406 - INFO - Training total loss: 1.9809085951704923
2026-08-25 16:37:16,407 - INFO - Training CE loss: 1.9746193987850085
2026-08-25 16:37:16,407 - INFO - Training COS align loss: 0.06289196837736939
2026-08-25 16:37:16,407 - INFO - Training geometry effective rank: 28.68687654933113
2026-08-25 16:37:16,407 - INFO - Training geometry avg cosine: 0.6692747818124898
2026-08-25 16:37:18,390 - INFO - Validation total loss: 2.1810954527793522
2026-08-25 16:37:18,390 - INFO - Validation CE loss: 2.1749370538113966
2026-08-25 16:37:18,390 - INFO - Validation COS align loss: 0.06158398891211579
2026-08-25 16:37:18,390 - INFO - Early stop metric (ce): 2.1749370538113966
2026-08-25 16:37:18,391 - INFO - No improvement in validation loss. Early stop counter: 3
2026-08-25 16:37:18,391 - INFO - Epoch 76/120
2026-08-25 16:37:30,800 - INFO - Training total loss: 1.976871954559816
2026-08-25 16:37:30,801 - INFO - Training CE loss: 1.970587914555917
2026-08-25 16:37:30,801 - INFO - Training COS align loss: 0.06284039018219083
2026-08-25 16:37:30,801 - INFO - Training geometry effective rank: 28.73824875085734
2026-08-25 16:37:30,801 - INFO - Training geometry avg cosine: 0.6691815960963876
2026-08-25 16:37:32,884 - INFO - Validation total loss: 2.18324547826988
2026-08-25 16:37:32,885 - INFO - Validation CE loss: 2.177079747163175
2026-08-25 16:37:32,885 - INFO - Validation COS align loss: 0.061657305183328785
2026-08-25 16:37:32,885 - INFO - Early stop metric (ce): 2.177079747163175
2026-08-25 16:37:32,885 - INFO - No improvement in validation loss. Early stop counter: 4
2026-08-25 16:37:32,885 - INFO - Epoch 77/120
2026-08-25 16:37:45,270 - INFO - Training total loss: 1.9760407105030253
2026-08-25 16:37:45,271 - INFO - Training CE loss: 1.9697517898759953
2026-08-25 16:37:45,271 - INFO - Training COS align loss: 0.06288918910787264
2026-08-25 16:37:45,271 - INFO - Training geometry effective rank: 28.708754391057944
2026-08-25 16:37:45,271 - INFO - Training geometry avg cosine: 0.6701810245152113
2026-08-25 16:37:47,254 - INFO - Validation total loss: 2.1853159614898616
2026-08-25 16:37:47,254 - INFO - Validation CE loss: 2.179156160149963
2026-08-25 16:37:47,254 - INFO - Validation COS align loss: 0.06159793972457427
2026-08-25 16:37:47,254 - INFO - Early stop metric (ce): 2.179156160149963
2026-08-25 16:37:47,255 - INFO - No improvement in validation loss. Early stop counter: 5
2026-08-25 16:37:47,255 - INFO - Epoch 78/120
2026-08-25 16:37:59,564 - INFO - Training total loss: 1.9722668333740085
2026-08-25 16:37:59,564 - INFO - Training CE loss: 1.9659816891766708
2026-08-25 16:37:59,564 - INFO - Training COS align loss: 0.06285144290107697
2026-08-25 16:37:59,565 - INFO - Training geometry effective rank: 28.429992271304595
2026-08-25 16:37:59,565 - INFO - Training geometry avg cosine: 0.6693537248015867
2026-08-25 16:38:01,587 - INFO - Validation total loss: 2.184066389763304
2026-08-25 16:38:01,587 - INFO - Validation CE loss: 2.1779030766098284
2026-08-25 16:38:01,587 - INFO - Validation COS align loss: 0.06163310441848034
2026-08-25 16:38:01,587 - INFO - Early stop metric (ce): 2.1779030766098284
2026-08-25 16:38:01,588 - INFO - No improvement in validation loss. Early stop counter: 6
2026-08-25 16:38:01,588 - INFO - Epoch 79/120
2026-08-25 16:38:14,022 - INFO - Training total loss: 1.9703521603276293
2026-08-25 16:38:14,022 - INFO - Training CE loss: 1.9640679605276203
2026-08-25 16:38:14,022 - INFO - Training COS align loss: 0.06284197132875019
2026-08-25 16:38:14,022 - INFO - Training geometry effective rank: 28.34503793530891
2026-08-25 16:38:14,022 - INFO - Training geometry avg cosine: 0.6701592746179855
2026-08-25 16:38:16,055 - INFO - Validation total loss: 2.1817958314019723
2026-08-25 16:38:16,055 - INFO - Validation CE loss: 2.175631205923056
2026-08-25 16:38:16,055 - INFO - Validation COS align loss: 0.06164619109149654
2026-08-25 16:38:16,055 - INFO - Early stop metric (ce): 2.175631205923056
2026-08-25 16:38:16,056 - INFO - No improvement in validation loss. Early stop counter: 7
2026-08-25 16:38:16,056 - INFO - Epoch 80/120
2026-08-25 16:38:28,389 - INFO - Training total loss: 1.966075047212816
2026-08-25 16:38:28,389 - INFO - Training CE loss: 1.959787278091861
2026-08-25 16:38:28,389 - INFO - Training COS align loss: 0.06287768865837662
2026-08-25 16:38:28,389 - INFO - Training geometry effective rank: 28.082128149989977
2026-08-25 16:38:28,389 - INFO - Training geometry avg cosine: 0.6720327290811428
2026-08-25 16:38:30,401 - INFO - Validation total loss: 2.1862229461833644
2026-08-25 16:38:30,401 - INFO - Validation CE loss: 2.1800565571232413
2026-08-25 16:38:30,401 - INFO - Validation COS align loss: 0.06166386553146297
2026-08-25 16:38:30,401 - INFO - Early stop metric (ce): 2.1800565571232413
2026-08-25 16:38:30,402 - INFO - No improvement in validation loss. Early stop counter: 8
2026-08-25 16:38:30,402 - INFO - Epoch 81/120
2026-08-25 16:38:42,695 - INFO - Training total loss: 1.965965153410277
2026-08-25 16:38:42,696 - INFO - Training CE loss: 1.9596794189646087
2026-08-25 16:38:42,696 - INFO - Training COS align loss: 0.06285733552758332
2026-08-25 16:38:42,696 - INFO - Training geometry effective rank: 27.939258282286648
2026-08-25 16:38:42,696 - INFO - Training geometry avg cosine: 0.6706014394992057
2026-08-25 16:38:44,713 - INFO - Validation total loss: 2.1853586394387765
2026-08-25 16:38:44,714 - INFO - Validation CE loss: 2.1791983581919525
2026-08-25 16:38:44,714 - INFO - Validation COS align loss: 0.061602734189176764
2026-08-25 16:38:44,714 - INFO - Early stop metric (ce): 2.1791983581919525
2026-08-25 16:38:44,714 - INFO - No improvement in validation loss. Early stop counter: 9
2026-08-25 16:38:44,714 - INFO - Epoch 82/120
2026-08-25 16:38:57,059 - INFO - Training total loss: 1.9645995660050835
2026-08-25 16:38:57,059 - INFO - Training CE loss: 1.9583054474819495
2026-08-25 16:38:57,059 - INFO - Training COS align loss: 0.06294118940598306
2026-08-25 16:38:57,059 - INFO - Training geometry effective rank: 27.800249663772288
2026-08-25 16:38:57,059 - INFO - Training geometry avg cosine: 0.6720765820968939
2026-08-25 16:38:59,009 - INFO - Validation total loss: 2.184382972287518
2026-08-25 16:38:59,009 - INFO - Validation CE loss: 2.17822082922694
2026-08-25 16:38:59,009 - INFO - Validation COS align loss: 0.06162136281508745
2026-08-25 16:38:59,009 - INFO - Early stop metric (ce): 2.17822082922694
2026-08-25 16:38:59,010 - INFO - No improvement in validation loss. Early stop counter: 10
2026-08-25 16:38:59,010 - INFO - Early stopping triggered.
2026-08-25 16:38:59,024 - INFO - Loading best model for final testing...
2026-08-25 16:47:53,809 - INFO - Final Epoch: 72
2026-08-25 16:47:53,811 - INFO - Final Test Recalls: {'Recall@5': 0.03917733763740298, 'Recall@10': 0.06043022639585795, 'Recall@20': 0.08987181459837333}
2026-08-25 16:47:53,811 - INFO - Final Test NDCGs: {'NDCG@5': 0.026551212399974145, 'NDCG@10': 0.033376087977195185, 'NDCG@20': 0.04079964318184798}
