2026-08-24 07:18:45,657 - INFO - Config: {'dataset': 'Beauty', 'data': '.parquet', 'dataset_path': '../data/Beauty', 'batch_size': 128, 'infer_size': 128, 'num_epochs': 101, 'lr': 0.001, 'weight_decay': 0.0, 'device': 'cuda', 'max_len': 200, 'embedding_dim': 50, 'num_blocks': 2, 'num_heads': 1, 'dqk': 50, 'dv': 50, 'dropout_rate': 0.2, 'num_negatives': 128, 'temperature': 0.05, 'item_l2_norm': True, 'early_stop': 10, 'topk_list': [5, 10, 20], 'seed': 2025, 'type': 'train', 'ckpt_path': 'None', 'save_path': './ckpt/hstu_Beauty.pth', 'log_path': './logs/hstu_Beauty.log'}
2026-08-24 07:18:46,612 - INFO - #Total params: 640550
2026-08-24 07:18:54,868 - INFO - Epoch 1/101, Train Loss: 40.8507
2026-08-24 07:18:55,502 - INFO - Valid Loss: 37.3045
2026-08-24 07:18:55,520 - INFO - Best model saved: 37.3045
2026-08-24 07:18:56,801 - INFO - Epoch 2/101, Train Loss: 32.9101
2026-08-24 07:18:57,422 - INFO - Valid Loss: 29.3660
2026-08-24 07:18:57,439 - INFO - Best model saved: 29.3660
2026-08-24 07:18:58,689 - INFO - Epoch 3/101, Train Loss: 25.1474
2026-08-24 07:18:59,306 - INFO - Valid Loss: 21.1982
2026-08-24 07:18:59,322 - INFO - Best model saved: 21.1982
2026-08-24 07:19:00,573 - INFO - Epoch 4/101, Train Loss: 12.1847
2026-08-24 07:19:01,209 - INFO - Valid Loss: 6.0213
2026-08-24 07:19:01,227 - INFO - Best model saved: 6.0213
2026-08-24 07:19:02,594 - INFO - Epoch 5/101, Train Loss: 5.9051
2026-08-24 07:19:03,258 - INFO - Valid Loss: 5.5018
2026-08-24 07:19:03,274 - INFO - Best model saved: 5.5018
2026-08-24 07:19:04,639 - INFO - Epoch 6/101, Train Loss: 5.4618
2026-08-24 07:19:05,289 - INFO - Valid Loss: 5.2555
2026-08-24 07:19:05,306 - INFO - Best model saved: 5.2555
2026-08-24 07:19:06,649 - INFO - Epoch 7/101, Train Loss: 5.2243
2026-08-24 07:19:07,339 - INFO - Valid Loss: 5.0912
2026-08-24 07:19:07,356 - INFO - Best model saved: 5.0912
2026-08-24 07:19:08,776 - INFO - Epoch 8/101, Train Loss: 5.0694
2026-08-24 07:19:09,456 - INFO - Valid Loss: 4.9822
2026-08-24 07:19:09,473 - INFO - Best model saved: 4.9822
2026-08-24 07:19:10,811 - INFO - Epoch 9/101, Train Loss: 4.9687
2026-08-24 07:19:11,465 - INFO - Valid Loss: 4.9121
2026-08-24 07:19:11,482 - INFO - Best model saved: 4.9121
2026-08-24 07:19:12,834 - INFO - Epoch 10/101, Train Loss: 4.9070
2026-08-24 07:19:13,483 - INFO - Valid Loss: 4.8743
2026-08-24 07:19:13,499 - INFO - Best model saved: 4.8743
2026-08-24 07:19:14,844 - INFO - Epoch 11/101, Train Loss: 4.8742
2026-08-24 07:19:15,490 - INFO - Valid Loss: 4.8547
2026-08-24 07:19:15,506 - INFO - Best model saved: 4.8547
2026-08-24 07:19:16,835 - INFO - Epoch 12/101, Train Loss: 4.8571
2026-08-24 07:19:17,475 - INFO - Valid Loss: 4.8436
2026-08-24 07:19:17,492 - INFO - Best model saved: 4.8436
2026-08-24 07:19:18,826 - INFO - Epoch 13/101, Train Loss: 4.8460
2026-08-24 07:19:19,465 - INFO - Valid Loss: 4.8377
2026-08-24 07:19:19,482 - INFO - Best model saved: 4.8377
2026-08-24 07:19:20,807 - INFO - Epoch 14/101, Train Loss: 4.8399
2026-08-24 07:19:21,467 - INFO - Valid Loss: 4.8329
2026-08-24 07:19:21,483 - INFO - Best model saved: 4.8329
2026-08-24 07:19:22,817 - INFO - Epoch 15/101, Train Loss: 4.8327
2026-08-24 07:19:23,469 - INFO - Valid Loss: 4.8276
2026-08-24 07:19:23,485 - INFO - Best model saved: 4.8276
2026-08-24 07:19:24,833 - INFO - Epoch 16/101, Train Loss: 4.8265
2026-08-24 07:19:25,492 - INFO - Valid Loss: 4.8209
2026-08-24 07:19:25,508 - INFO - Best model saved: 4.8209
2026-08-24 07:19:26,833 - INFO - Epoch 17/101, Train Loss: 4.8176
2026-08-24 07:19:27,474 - INFO - Valid Loss: 4.8137
2026-08-24 07:19:27,491 - INFO - Best model saved: 4.8137
2026-08-24 07:19:28,809 - INFO - Epoch 18/101, Train Loss: 4.8078
2026-08-24 07:19:29,448 - INFO - Valid Loss: 4.8035
2026-08-24 07:19:29,464 - INFO - Best model saved: 4.8035
2026-08-24 07:19:30,804 - INFO - Epoch 19/101, Train Loss: 4.7952
2026-08-24 07:19:31,459 - INFO - Valid Loss: 4.7896
2026-08-24 07:19:31,475 - INFO - Best model saved: 4.7896
2026-08-24 07:19:32,821 - INFO - Epoch 20/101, Train Loss: 4.7769
2026-08-24 07:19:33,457 - INFO - Valid Loss: 4.7702
2026-08-24 07:19:33,474 - INFO - Best model saved: 4.7702
2026-08-24 07:19:34,806 - INFO - Epoch 21/101, Train Loss: 4.7532
2026-08-24 07:19:35,459 - INFO - Valid Loss: 4.7461
2026-08-24 07:19:35,476 - INFO - Best model saved: 4.7461
2026-08-24 07:19:36,816 - INFO - Epoch 22/101, Train Loss: 4.7220
2026-08-24 07:19:37,470 - INFO - Valid Loss: 4.7113
2026-08-24 07:19:37,487 - INFO - Best model saved: 4.7113
2026-08-24 07:19:38,847 - INFO - Epoch 23/101, Train Loss: 4.6804
2026-08-24 07:19:39,492 - INFO - Valid Loss: 4.6690
2026-08-24 07:19:39,509 - INFO - Best model saved: 4.6690
2026-08-24 07:19:40,862 - INFO - Epoch 24/101, Train Loss: 4.6278
2026-08-24 07:19:41,506 - INFO - Valid Loss: 4.6151
2026-08-24 07:19:41,523 - INFO - Best model saved: 4.6151
2026-08-24 07:19:42,873 - INFO - Epoch 25/101, Train Loss: 4.5680
2026-08-24 07:19:43,512 - INFO - Valid Loss: 4.5556
2026-08-24 07:19:43,529 - INFO - Best model saved: 4.5556
2026-08-24 07:19:44,848 - INFO - Epoch 26/101, Train Loss: 4.5043
2026-08-24 07:19:45,506 - INFO - Valid Loss: 4.4940
2026-08-24 07:19:45,522 - INFO - Best model saved: 4.4940
2026-08-24 07:19:46,837 - INFO - Epoch 27/101, Train Loss: 4.4382
2026-08-24 07:19:47,476 - INFO - Valid Loss: 4.4331
2026-08-24 07:19:47,492 - INFO - Best model saved: 4.4331
2026-08-24 07:19:48,854 - INFO - Epoch 28/101, Train Loss: 4.3792
2026-08-24 07:19:49,514 - INFO - Valid Loss: 4.3795
2026-08-24 07:19:49,530 - INFO - Best model saved: 4.3795
2026-08-24 07:19:50,919 - INFO - Epoch 29/101, Train Loss: 4.5178
2026-08-24 07:19:51,554 - INFO - Valid Loss: 4.4195
2026-08-24 07:19:52,890 - INFO - Epoch 30/101, Train Loss: 4.3732
2026-08-24 07:19:53,539 - INFO - Valid Loss: 4.3738
2026-08-24 07:19:53,555 - INFO - Best model saved: 4.3738
2026-08-24 07:19:54,910 - INFO - Epoch 31/101, Train Loss: 4.3251
2026-08-24 07:19:55,560 - INFO - Valid Loss: 4.3395
2026-08-24 07:19:55,576 - INFO - Best model saved: 4.3395
2026-08-24 07:19:56,913 - INFO - Epoch 32/101, Train Loss: 4.2897
2026-08-24 07:19:57,553 - INFO - Valid Loss: 4.3020
2026-08-24 07:19:57,570 - INFO - Best model saved: 4.3020
2026-08-24 07:19:58,901 - INFO - Epoch 33/101, Train Loss: 4.2578
2026-08-24 07:19:59,552 - INFO - Valid Loss: 4.2815
2026-08-24 07:19:59,569 - INFO - Best model saved: 4.2815
2026-08-24 07:20:00,935 - INFO - Epoch 34/101, Train Loss: 4.2314
2026-08-24 07:20:01,603 - INFO - Valid Loss: 4.2579
2026-08-24 07:20:01,620 - INFO - Best model saved: 4.2579
2026-08-24 07:20:02,996 - INFO - Epoch 35/101, Train Loss: 4.2070
2026-08-24 07:20:03,643 - INFO - Valid Loss: 4.2289
2026-08-24 07:20:03,659 - INFO - Best model saved: 4.2289
2026-08-24 07:20:05,004 - INFO - Epoch 36/101, Train Loss: 4.1818
2026-08-24 07:20:05,646 - INFO - Valid Loss: 4.2023
2026-08-24 07:20:05,663 - INFO - Best model saved: 4.2023
2026-08-24 07:20:07,042 - INFO - Epoch 37/101, Train Loss: 4.1513
2026-08-24 07:20:07,750 - INFO - Valid Loss: 4.1750
2026-08-24 07:20:07,767 - INFO - Best model saved: 4.1750
2026-08-24 07:20:09,175 - INFO - Epoch 38/101, Train Loss: 4.1202
2026-08-24 07:20:09,826 - INFO - Valid Loss: 4.1509
2026-08-24 07:20:09,844 - INFO - Best model saved: 4.1509
2026-08-24 07:20:11,192 - INFO - Epoch 39/101, Train Loss: 4.0941
2026-08-24 07:20:11,840 - INFO - Valid Loss: 4.1204
2026-08-24 07:20:11,856 - INFO - Best model saved: 4.1204
2026-08-24 07:20:13,224 - INFO - Epoch 40/101, Train Loss: 4.0620
2026-08-24 07:20:13,868 - INFO - Valid Loss: 4.0905
2026-08-24 07:20:13,886 - INFO - Best model saved: 4.0905
2026-08-24 07:20:15,248 - INFO - Epoch 41/101, Train Loss: 4.0309
2026-08-24 07:20:15,902 - INFO - Valid Loss: 4.0575
2026-08-24 07:20:15,919 - INFO - Best model saved: 4.0575
2026-08-24 07:20:17,274 - INFO - Epoch 42/101, Train Loss: 4.0042
2026-08-24 07:20:17,928 - INFO - Valid Loss: 4.0297
2026-08-24 07:20:17,943 - INFO - Best model saved: 4.0297
2026-08-24 07:20:19,303 - INFO - Epoch 43/101, Train Loss: 3.9729
2026-08-24 07:20:19,947 - INFO - Valid Loss: 4.0055
2026-08-24 07:20:19,963 - INFO - Best model saved: 4.0055
2026-08-24 07:20:21,305 - INFO - Epoch 44/101, Train Loss: 3.9469
2026-08-24 07:20:21,959 - INFO - Valid Loss: 3.9718
2026-08-24 07:20:21,976 - INFO - Best model saved: 3.9718
2026-08-24 07:20:23,321 - INFO - Epoch 45/101, Train Loss: 3.9149
2026-08-24 07:20:23,972 - INFO - Valid Loss: 3.9444
2026-08-24 07:20:23,987 - INFO - Best model saved: 3.9444
2026-08-24 07:20:25,360 - INFO - Epoch 46/101, Train Loss: 3.8867
2026-08-24 07:20:26,029 - INFO - Valid Loss: 3.9190
2026-08-24 07:20:26,045 - INFO - Best model saved: 3.9190
2026-08-24 07:20:27,404 - INFO - Epoch 47/101, Train Loss: 3.8615
2026-08-24 07:20:28,072 - INFO - Valid Loss: 3.8935
2026-08-24 07:20:28,090 - INFO - Best model saved: 3.8935
2026-08-24 07:20:29,447 - INFO - Epoch 48/101, Train Loss: 3.8342
2026-08-24 07:20:30,084 - INFO - Valid Loss: 3.8712
2026-08-24 07:20:30,099 - INFO - Best model saved: 3.8712
2026-08-24 07:20:31,455 - INFO - Epoch 49/101, Train Loss: 3.8150
2026-08-24 07:20:32,115 - INFO - Valid Loss: 3.8484
2026-08-24 07:20:32,131 - INFO - Best model saved: 3.8484
2026-08-24 07:20:33,484 - INFO - Epoch 50/101, Train Loss: 3.7873
2026-08-24 07:20:34,137 - INFO - Valid Loss: 3.8223
2026-08-24 07:20:34,153 - INFO - Best model saved: 3.8223
2026-08-24 07:20:35,499 - INFO - Epoch 51/101, Train Loss: 3.7654
2026-08-24 07:20:36,148 - INFO - Valid Loss: 3.8013
2026-08-24 07:20:36,163 - INFO - Best model saved: 3.8013
2026-08-24 07:20:37,537 - INFO - Epoch 52/101, Train Loss: 3.7431
2026-08-24 07:20:38,188 - INFO - Valid Loss: 3.7809
2026-08-24 07:20:38,206 - INFO - Best model saved: 3.7809
2026-08-24 07:20:39,566 - INFO - Epoch 53/101, Train Loss: 3.7234
2026-08-24 07:20:40,220 - INFO - Valid Loss: 3.7557
2026-08-24 07:20:40,236 - INFO - Best model saved: 3.7557
2026-08-24 07:20:41,598 - INFO - Epoch 54/101, Train Loss: 3.6991
2026-08-24 07:20:42,251 - INFO - Valid Loss: 3.7315
2026-08-24 07:20:42,267 - INFO - Best model saved: 3.7315
2026-08-24 07:20:43,629 - INFO - Epoch 55/101, Train Loss: 3.6740
2026-08-24 07:20:44,281 - INFO - Valid Loss: 3.7135
2026-08-24 07:20:44,297 - INFO - Best model saved: 3.7135
2026-08-24 07:20:45,656 - INFO - Epoch 56/101, Train Loss: 3.6531
2026-08-24 07:20:46,306 - INFO - Valid Loss: 3.6865
2026-08-24 07:20:46,323 - INFO - Best model saved: 3.6865
2026-08-24 07:20:47,670 - INFO - Epoch 57/101, Train Loss: 3.6331
2026-08-24 07:20:48,360 - INFO - Valid Loss: 3.6670
2026-08-24 07:20:48,377 - INFO - Best model saved: 3.6670
2026-08-24 07:20:49,752 - INFO - Epoch 58/101, Train Loss: 3.6121
2026-08-24 07:20:50,404 - INFO - Valid Loss: 3.6435
2026-08-24 07:20:50,421 - INFO - Best model saved: 3.6435
2026-08-24 07:20:51,770 - INFO - Epoch 59/101, Train Loss: 3.5964
2026-08-24 07:20:52,423 - INFO - Valid Loss: 3.6234
2026-08-24 07:20:52,439 - INFO - Best model saved: 3.6234
2026-08-24 07:20:53,777 - INFO - Epoch 60/101, Train Loss: 3.5739
2026-08-24 07:20:54,421 - INFO - Valid Loss: 3.5994
2026-08-24 07:20:54,437 - INFO - Best model saved: 3.5994
2026-08-24 07:20:55,784 - INFO - Epoch 61/101, Train Loss: 3.5492
2026-08-24 07:20:56,430 - INFO - Valid Loss: 3.5786
2026-08-24 07:20:56,445 - INFO - Best model saved: 3.5786
2026-08-24 07:20:57,782 - INFO - Epoch 62/101, Train Loss: 3.5284
2026-08-24 07:20:58,422 - INFO - Valid Loss: 3.5580
2026-08-24 07:20:58,437 - INFO - Best model saved: 3.5580
2026-08-24 07:20:59,796 - INFO - Epoch 63/101, Train Loss: 3.5082
2026-08-24 07:21:00,452 - INFO - Valid Loss: 3.5376
2026-08-24 07:21:00,468 - INFO - Best model saved: 3.5376
2026-08-24 07:21:01,842 - INFO - Epoch 64/101, Train Loss: 3.4875
2026-08-24 07:21:02,493 - INFO - Valid Loss: 3.5123
2026-08-24 07:21:02,511 - INFO - Best model saved: 3.5123
2026-08-24 07:21:03,858 - INFO - Epoch 65/101, Train Loss: 3.4632
2026-08-24 07:21:04,496 - INFO - Valid Loss: 3.4899
2026-08-24 07:21:04,512 - INFO - Best model saved: 3.4899
2026-08-24 07:21:05,884 - INFO - Epoch 66/101, Train Loss: 3.4456
2026-08-24 07:21:06,539 - INFO - Valid Loss: 3.4713
2026-08-24 07:21:06,555 - INFO - Best model saved: 3.4713
2026-08-24 07:21:07,982 - INFO - Epoch 67/101, Train Loss: 3.4289
2026-08-24 07:21:08,639 - INFO - Valid Loss: 3.4520
2026-08-24 07:21:08,655 - INFO - Best model saved: 3.4520
2026-08-24 07:21:10,033 - INFO - Epoch 68/101, Train Loss: 3.4052
2026-08-24 07:21:10,685 - INFO - Valid Loss: 3.4313
2026-08-24 07:21:10,701 - INFO - Best model saved: 3.4313
2026-08-24 07:21:12,050 - INFO - Epoch 69/101, Train Loss: 3.3825
2026-08-24 07:21:12,698 - INFO - Valid Loss: 3.4098
2026-08-24 07:21:12,714 - INFO - Best model saved: 3.4098
2026-08-24 07:21:14,066 - INFO - Epoch 70/101, Train Loss: 3.3672
2026-08-24 07:21:14,704 - INFO - Valid Loss: 3.3899
2026-08-24 07:21:14,720 - INFO - Best model saved: 3.3899
2026-08-24 07:21:16,074 - INFO - Epoch 71/101, Train Loss: 3.3493
2026-08-24 07:21:16,713 - INFO - Valid Loss: 3.3708
2026-08-24 07:21:16,729 - INFO - Best model saved: 3.3708
2026-08-24 07:21:18,083 - INFO - Epoch 72/101, Train Loss: 3.3279
2026-08-24 07:21:18,725 - INFO - Valid Loss: 3.3566
2026-08-24 07:21:18,741 - INFO - Best model saved: 3.3566
2026-08-24 07:21:20,071 - INFO - Epoch 73/101, Train Loss: 3.3204
2026-08-24 07:21:20,728 - INFO - Valid Loss: 3.3382
2026-08-24 07:21:20,743 - INFO - Best model saved: 3.3382
2026-08-24 07:21:22,073 - INFO - Epoch 74/101, Train Loss: 3.3782
2026-08-24 07:21:22,713 - INFO - Valid Loss: 3.3434
2026-08-24 07:21:24,032 - INFO - Epoch 75/101, Train Loss: 3.2950
2026-08-24 07:21:24,677 - INFO - Valid Loss: 3.3221
2026-08-24 07:21:24,693 - INFO - Best model saved: 3.3221
2026-08-24 07:21:26,010 - INFO - Epoch 76/101, Train Loss: 3.2741
2026-08-24 07:21:26,647 - INFO - Valid Loss: 3.2938
2026-08-24 07:21:26,664 - INFO - Best model saved: 3.2938
2026-08-24 07:21:28,000 - INFO - Epoch 77/101, Train Loss: 3.2566
2026-08-24 07:21:28,639 - INFO - Valid Loss: 3.2778
2026-08-24 07:21:28,657 - INFO - Best model saved: 3.2778
2026-08-24 07:21:29,985 - INFO - Epoch 78/101, Train Loss: 3.2426
2026-08-24 07:21:30,631 - INFO - Valid Loss: 3.2620
2026-08-24 07:21:30,647 - INFO - Best model saved: 3.2620
2026-08-24 07:21:31,990 - INFO - Epoch 79/101, Train Loss: 3.2226
2026-08-24 07:21:32,627 - INFO - Valid Loss: 3.2493
2026-08-24 07:21:32,643 - INFO - Best model saved: 3.2493
2026-08-24 07:21:33,973 - INFO - Epoch 80/101, Train Loss: 3.2077
2026-08-24 07:21:34,615 - INFO - Valid Loss: 3.2306
2026-08-24 07:21:34,631 - INFO - Best model saved: 3.2306
2026-08-24 07:21:35,964 - INFO - Epoch 81/101, Train Loss: 3.1944
2026-08-24 07:21:36,618 - INFO - Valid Loss: 3.2229
2026-08-24 07:21:36,633 - INFO - Best model saved: 3.2229
2026-08-24 07:21:38,017 - INFO - Epoch 82/101, Train Loss: 3.1878
2026-08-24 07:21:38,661 - INFO - Valid Loss: 3.2069
2026-08-24 07:21:38,677 - INFO - Best model saved: 3.2069
2026-08-24 07:21:40,087 - INFO - Epoch 83/101, Train Loss: 3.1732
2026-08-24 07:21:40,741 - INFO - Valid Loss: 3.1907
2026-08-24 07:21:40,758 - INFO - Best model saved: 3.1907
2026-08-24 07:21:42,091 - INFO - Epoch 84/101, Train Loss: 3.1530
2026-08-24 07:21:42,724 - INFO - Valid Loss: 3.1787
2026-08-24 07:21:42,740 - INFO - Best model saved: 3.1787
2026-08-24 07:21:44,076 - INFO - Epoch 85/101, Train Loss: 3.1335
2026-08-24 07:21:44,722 - INFO - Valid Loss: 3.1638
2026-08-24 07:21:44,738 - INFO - Best model saved: 3.1638
2026-08-24 07:21:46,088 - INFO - Epoch 86/101, Train Loss: 3.1181
2026-08-24 07:21:46,730 - INFO - Valid Loss: 3.1487
2026-08-24 07:21:46,747 - INFO - Best model saved: 3.1487
2026-08-24 07:21:48,073 - INFO - Epoch 87/101, Train Loss: 3.1083
2026-08-24 07:21:48,707 - INFO - Valid Loss: 3.1377
2026-08-24 07:21:48,722 - INFO - Best model saved: 3.1377
2026-08-24 07:21:50,060 - INFO - Epoch 88/101, Train Loss: 3.0937
2026-08-24 07:21:50,690 - INFO - Valid Loss: 3.1224
2026-08-24 07:21:50,706 - INFO - Best model saved: 3.1224
2026-08-24 07:21:52,060 - INFO - Epoch 89/101, Train Loss: 3.0816
2026-08-24 07:21:52,697 - INFO - Valid Loss: 3.1100
2026-08-24 07:21:52,713 - INFO - Best model saved: 3.1100
2026-08-24 07:21:54,040 - INFO - Epoch 90/101, Train Loss: 3.0615
2026-08-24 07:21:54,687 - INFO - Valid Loss: 3.0994
2026-08-24 07:21:54,703 - INFO - Best model saved: 3.0994
2026-08-24 07:21:56,060 - INFO - Epoch 91/101, Train Loss: 3.0516
2026-08-24 07:21:56,696 - INFO - Valid Loss: 3.0838
2026-08-24 07:21:56,712 - INFO - Best model saved: 3.0838
2026-08-24 07:21:58,058 - INFO - Epoch 92/101, Train Loss: 3.0418
2026-08-24 07:21:58,687 - INFO - Valid Loss: 3.0691
2026-08-24 07:21:58,702 - INFO - Best model saved: 3.0691
2026-08-24 07:22:00,038 - INFO - Epoch 93/101, Train Loss: 3.0273
2026-08-24 07:22:00,683 - INFO - Valid Loss: 3.0574
2026-08-24 07:22:00,700 - INFO - Best model saved: 3.0574
2026-08-24 07:22:02,026 - INFO - Epoch 94/101, Train Loss: 3.0128
2026-08-24 07:22:02,666 - INFO - Valid Loss: 3.0476
2026-08-24 07:22:02,683 - INFO - Best model saved: 3.0476
2026-08-24 07:22:04,045 - INFO - Epoch 95/101, Train Loss: 2.9995
2026-08-24 07:22:04,690 - INFO - Valid Loss: 3.0350
2026-08-24 07:22:04,707 - INFO - Best model saved: 3.0350
2026-08-24 07:22:06,053 - INFO - Epoch 96/101, Train Loss: 2.9864
2026-08-24 07:22:06,705 - INFO - Valid Loss: 3.0281
2026-08-24 07:22:06,721 - INFO - Best model saved: 3.0281
2026-08-24 07:22:08,108 - INFO - Epoch 97/101, Train Loss: 2.9721
2026-08-24 07:22:08,769 - INFO - Valid Loss: 3.0095
2026-08-24 07:22:08,785 - INFO - Best model saved: 3.0095
2026-08-24 07:22:10,121 - INFO - Epoch 98/101, Train Loss: 2.9610
2026-08-24 07:22:10,767 - INFO - Valid Loss: 3.0021
2026-08-24 07:22:10,785 - INFO - Best model saved: 3.0021
2026-08-24 07:22:12,115 - INFO - Epoch 99/101, Train Loss: 2.9499
2026-08-24 07:22:12,756 - INFO - Valid Loss: 2.9886
2026-08-24 07:22:12,774 - INFO - Best model saved: 2.9886
2026-08-24 07:22:14,105 - INFO - Epoch 100/101, Train Loss: 2.9367
2026-08-24 07:22:14,763 - INFO - Valid Loss: 2.9753
2026-08-24 07:22:14,780 - INFO - Best model saved: 2.9753
2026-08-24 07:22:16,139 - INFO - Epoch 101/101, Train Loss: 2.9268
2026-08-24 07:22:16,793 - INFO - Valid Loss: 2.9655
2026-08-24 07:22:16,812 - INFO - Best model saved: 2.9655
2026-08-24 07:22:17,634 - INFO - Final Epoch: 101
2026-08-24 07:22:17,634 - INFO - Final Test Recalls: {'Recall@5': 0.029200017886687833, 'Recall@10': 0.04659482180387247, 'Recall@20': 0.07217278540446273}
2026-08-24 07:22:17,634 - INFO - Final Test NDCGs: {'NDCG@5': 0.018594532492058127, 'NDCG@10': 0.02415325456472009, 'NDCG@20': 0.030593243901377656}
2026-08-24 07:25:10,434 - INFO - Config: {'dataset': 'Beauty', 'data': '.parquet', 'dataset_path': '../data/Beauty', 'batch_size': 128, 'infer_size': 128, 'num_epochs': 1000, 'lr': 0.001, 'weight_decay': 0.0, 'device': 'cuda', 'max_len': 200, 'embedding_dim': 50, 'num_blocks': 2, 'num_heads': 1, 'dqk': 50, 'dv': 50, 'dropout_rate': 0.2, 'num_negatives': 128, 'temperature': 0.05, 'item_l2_norm': True, 'early_stop': 10, 'topk_list': [5, 10, 20], 'seed': 2025, 'type': 'train', 'ckpt_path': 'None', 'save_path': './ckpt/hstu_Beauty.pth', 'log_path': './logs/hstu_Beauty.log'}
2026-08-24 07:25:11,439 - INFO - #Total params: 640550
2026-08-24 07:25:19,768 - INFO - Epoch 1/1000, Train Loss: 40.8507
2026-08-24 07:25:20,409 - INFO - Valid Loss: 37.3045
2026-08-24 07:25:20,427 - INFO - Best model saved: 37.3045
2026-08-24 07:25:21,704 - INFO - Epoch 2/1000, Train Loss: 32.9101
2026-08-24 07:25:22,326 - INFO - Valid Loss: 29.3660
2026-08-24 07:25:22,342 - INFO - Best model saved: 29.3660
2026-08-24 07:25:23,579 - INFO - Epoch 3/1000, Train Loss: 25.1474
2026-08-24 07:25:24,204 - INFO - Valid Loss: 21.1982
2026-08-24 07:25:24,221 - INFO - Best model saved: 21.1982
2026-08-24 07:25:25,491 - INFO - Epoch 4/1000, Train Loss: 12.1847
2026-08-24 07:25:26,111 - INFO - Valid Loss: 6.0213
2026-08-24 07:25:26,129 - INFO - Best model saved: 6.0213
2026-08-24 07:25:27,364 - INFO - Epoch 5/1000, Train Loss: 5.9051
2026-08-24 07:25:27,993 - INFO - Valid Loss: 5.5018
2026-08-24 07:25:28,010 - INFO - Best model saved: 5.5018
2026-08-24 07:25:29,252 - INFO - Epoch 6/1000, Train Loss: 5.4618
2026-08-24 07:25:29,868 - INFO - Valid Loss: 5.2555
2026-08-24 07:25:29,884 - INFO - Best model saved: 5.2555
2026-08-24 07:25:31,155 - INFO - Epoch 7/1000, Train Loss: 5.2243
2026-08-24 07:25:31,769 - INFO - Valid Loss: 5.0912
2026-08-24 07:25:31,785 - INFO - Best model saved: 5.0912
2026-08-24 07:25:33,029 - INFO - Epoch 8/1000, Train Loss: 5.0694
2026-08-24 07:25:33,644 - INFO - Valid Loss: 4.9822
2026-08-24 07:25:33,661 - INFO - Best model saved: 4.9822
2026-08-24 07:25:34,908 - INFO - Epoch 9/1000, Train Loss: 4.9687
2026-08-24 07:25:35,527 - INFO - Valid Loss: 4.9121
2026-08-24 07:25:35,543 - INFO - Best model saved: 4.9121
2026-08-24 07:25:36,786 - INFO - Epoch 10/1000, Train Loss: 4.9070
2026-08-24 07:25:37,396 - INFO - Valid Loss: 4.8743
2026-08-24 07:25:37,412 - INFO - Best model saved: 4.8743
2026-08-24 07:25:38,646 - INFO - Epoch 11/1000, Train Loss: 4.8742
2026-08-24 07:25:39,267 - INFO - Valid Loss: 4.8547
2026-08-24 07:25:39,283 - INFO - Best model saved: 4.8547
2026-08-24 07:25:40,550 - INFO - Epoch 12/1000, Train Loss: 4.8571
2026-08-24 07:25:41,164 - INFO - Valid Loss: 4.8436
2026-08-24 07:25:41,180 - INFO - Best model saved: 4.8436
2026-08-24 07:25:42,434 - INFO - Epoch 13/1000, Train Loss: 4.8460
2026-08-24 07:25:43,047 - INFO - Valid Loss: 4.8377
2026-08-24 07:25:43,063 - INFO - Best model saved: 4.8377
2026-08-24 07:25:44,286 - INFO - Epoch 14/1000, Train Loss: 4.8399
2026-08-24 07:25:44,900 - INFO - Valid Loss: 4.8329
2026-08-24 07:25:44,916 - INFO - Best model saved: 4.8329
2026-08-24 07:25:46,157 - INFO - Epoch 15/1000, Train Loss: 4.8327
2026-08-24 07:25:46,762 - INFO - Valid Loss: 4.8276
2026-08-24 07:25:46,779 - INFO - Best model saved: 4.8276
2026-08-24 07:25:48,020 - INFO - Epoch 16/1000, Train Loss: 4.8265
2026-08-24 07:25:48,637 - INFO - Valid Loss: 4.8209
2026-08-24 07:25:48,653 - INFO - Best model saved: 4.8209
2026-08-24 07:25:49,873 - INFO - Epoch 17/1000, Train Loss: 4.8176
2026-08-24 07:25:50,481 - INFO - Valid Loss: 4.8137
2026-08-24 07:25:50,498 - INFO - Best model saved: 4.8137
2026-08-24 07:25:51,729 - INFO - Epoch 18/1000, Train Loss: 4.8078
2026-08-24 07:25:52,340 - INFO - Valid Loss: 4.8035
2026-08-24 07:25:52,356 - INFO - Best model saved: 4.8035
2026-08-24 07:25:53,581 - INFO - Epoch 19/1000, Train Loss: 4.7952
2026-08-24 07:25:54,221 - INFO - Valid Loss: 4.7896
2026-08-24 07:25:54,238 - INFO - Best model saved: 4.7896
2026-08-24 07:25:55,482 - INFO - Epoch 20/1000, Train Loss: 4.7769
2026-08-24 07:25:56,102 - INFO - Valid Loss: 4.7702
2026-08-24 07:25:56,118 - INFO - Best model saved: 4.7702
2026-08-24 07:25:57,360 - INFO - Epoch 21/1000, Train Loss: 4.7532
2026-08-24 07:25:57,977 - INFO - Valid Loss: 4.7461
2026-08-24 07:25:57,994 - INFO - Best model saved: 4.7461
2026-08-24 07:25:59,216 - INFO - Epoch 22/1000, Train Loss: 4.7220
2026-08-24 07:25:59,835 - INFO - Valid Loss: 4.7113
2026-08-24 07:25:59,852 - INFO - Best model saved: 4.7113
2026-08-24 07:26:01,125 - INFO - Epoch 23/1000, Train Loss: 4.6804
2026-08-24 07:26:01,772 - INFO - Valid Loss: 4.6690
2026-08-24 07:26:01,788 - INFO - Best model saved: 4.6690
2026-08-24 07:26:03,181 - INFO - Epoch 24/1000, Train Loss: 4.6278
2026-08-24 07:26:03,859 - INFO - Valid Loss: 4.6151
2026-08-24 07:26:03,875 - INFO - Best model saved: 4.6151
2026-08-24 07:26:05,214 - INFO - Epoch 25/1000, Train Loss: 4.5680
2026-08-24 07:26:05,864 - INFO - Valid Loss: 4.5556
2026-08-24 07:26:05,880 - INFO - Best model saved: 4.5556
2026-08-24 07:26:07,238 - INFO - Epoch 26/1000, Train Loss: 4.5043
2026-08-24 07:26:07,877 - INFO - Valid Loss: 4.4940
2026-08-24 07:26:07,894 - INFO - Best model saved: 4.4940
2026-08-24 07:26:09,272 - INFO - Epoch 27/1000, Train Loss: 4.4382
2026-08-24 07:26:09,939 - INFO - Valid Loss: 4.4331
2026-08-24 07:26:09,956 - INFO - Best model saved: 4.4331
2026-08-24 07:26:11,245 - INFO - Epoch 28/1000, Train Loss: 4.3792
2026-08-24 07:26:11,875 - INFO - Valid Loss: 4.3795
2026-08-24 07:26:11,894 - INFO - Best model saved: 4.3795
2026-08-24 07:26:13,173 - INFO - Epoch 29/1000, Train Loss: 4.5178
2026-08-24 07:26:13,789 - INFO - Valid Loss: 4.4195
2026-08-24 07:26:15,051 - INFO - Epoch 30/1000, Train Loss: 4.3732
2026-08-24 07:26:15,696 - INFO - Valid Loss: 4.3738
2026-08-24 07:26:15,712 - INFO - Best model saved: 4.3738
2026-08-24 07:26:16,961 - INFO - Epoch 31/1000, Train Loss: 4.3251
2026-08-24 07:26:17,586 - INFO - Valid Loss: 4.3395
2026-08-24 07:26:17,602 - INFO - Best model saved: 4.3395
2026-08-24 07:26:18,859 - INFO - Epoch 32/1000, Train Loss: 4.2897
2026-08-24 07:26:19,475 - INFO - Valid Loss: 4.3020
2026-08-24 07:26:19,491 - INFO - Best model saved: 4.3020
2026-08-24 07:26:20,732 - INFO - Epoch 33/1000, Train Loss: 4.2578
2026-08-24 07:26:21,411 - INFO - Valid Loss: 4.2815
2026-08-24 07:26:21,427 - INFO - Best model saved: 4.2815
2026-08-24 07:26:22,670 - INFO - Epoch 34/1000, Train Loss: 4.2314
2026-08-24 07:26:23,282 - INFO - Valid Loss: 4.2579
2026-08-24 07:26:23,297 - INFO - Best model saved: 4.2579
2026-08-24 07:26:24,535 - INFO - Epoch 35/1000, Train Loss: 4.2070
2026-08-24 07:26:25,156 - INFO - Valid Loss: 4.2289
2026-08-24 07:26:25,171 - INFO - Best model saved: 4.2289
2026-08-24 07:26:26,402 - INFO - Epoch 36/1000, Train Loss: 4.1818
2026-08-24 07:26:27,001 - INFO - Valid Loss: 4.2023
2026-08-24 07:26:27,017 - INFO - Best model saved: 4.2023
2026-08-24 07:26:28,240 - INFO - Epoch 37/1000, Train Loss: 4.1513
2026-08-24 07:26:28,874 - INFO - Valid Loss: 4.1750
2026-08-24 07:26:28,891 - INFO - Best model saved: 4.1750
2026-08-24 07:26:30,182 - INFO - Epoch 38/1000, Train Loss: 4.1202
2026-08-24 07:26:30,803 - INFO - Valid Loss: 4.1509
2026-08-24 07:26:30,819 - INFO - Best model saved: 4.1509
2026-08-24 07:26:32,065 - INFO - Epoch 39/1000, Train Loss: 4.0941
2026-08-24 07:26:32,679 - INFO - Valid Loss: 4.1204
2026-08-24 07:26:32,696 - INFO - Best model saved: 4.1204
2026-08-24 07:26:33,935 - INFO - Epoch 40/1000, Train Loss: 4.0620
2026-08-24 07:26:34,545 - INFO - Valid Loss: 4.0905
2026-08-24 07:26:34,561 - INFO - Best model saved: 4.0905
2026-08-24 07:26:35,804 - INFO - Epoch 41/1000, Train Loss: 4.0309
2026-08-24 07:26:36,451 - INFO - Valid Loss: 4.0575
2026-08-24 07:26:36,467 - INFO - Best model saved: 4.0575
2026-08-24 07:26:37,717 - INFO - Epoch 42/1000, Train Loss: 4.0042
2026-08-24 07:26:38,328 - INFO - Valid Loss: 4.0297
2026-08-24 07:26:38,344 - INFO - Best model saved: 4.0297
2026-08-24 07:26:39,595 - INFO - Epoch 43/1000, Train Loss: 3.9729
2026-08-24 07:26:40,211 - INFO - Valid Loss: 4.0055
2026-08-24 07:26:40,227 - INFO - Best model saved: 4.0055
2026-08-24 07:26:41,479 - INFO - Epoch 44/1000, Train Loss: 3.9469
2026-08-24 07:26:42,125 - INFO - Valid Loss: 3.9718
2026-08-24 07:26:42,141 - INFO - Best model saved: 3.9718
2026-08-24 07:26:43,378 - INFO - Epoch 45/1000, Train Loss: 3.9149
2026-08-24 07:26:43,992 - INFO - Valid Loss: 3.9444
2026-08-24 07:26:44,008 - INFO - Best model saved: 3.9444
2026-08-24 07:26:45,246 - INFO - Epoch 46/1000, Train Loss: 3.8867
2026-08-24 07:26:45,871 - INFO - Valid Loss: 3.9190
2026-08-24 07:26:45,888 - INFO - Best model saved: 3.9190
2026-08-24 07:26:47,121 - INFO - Epoch 47/1000, Train Loss: 3.8615
2026-08-24 07:26:47,754 - INFO - Valid Loss: 3.8935
2026-08-24 07:26:47,770 - INFO - Best model saved: 3.8935
2026-08-24 07:26:49,031 - INFO - Epoch 48/1000, Train Loss: 3.8342
2026-08-24 07:26:49,666 - INFO - Valid Loss: 3.8712
2026-08-24 07:26:49,682 - INFO - Best model saved: 3.8712
2026-08-24 07:26:50,936 - INFO - Epoch 49/1000, Train Loss: 3.8150
2026-08-24 07:26:51,554 - INFO - Valid Loss: 3.8484
2026-08-24 07:26:51,570 - INFO - Best model saved: 3.8484
2026-08-24 07:26:52,824 - INFO - Epoch 50/1000, Train Loss: 3.7873
2026-08-24 07:26:53,441 - INFO - Valid Loss: 3.8223
2026-08-24 07:26:53,457 - INFO - Best model saved: 3.8223
2026-08-24 07:26:54,698 - INFO - Epoch 51/1000, Train Loss: 3.7654
2026-08-24 07:26:55,323 - INFO - Valid Loss: 3.8013
2026-08-24 07:26:55,339 - INFO - Best model saved: 3.8013
2026-08-24 07:26:56,601 - INFO - Epoch 52/1000, Train Loss: 3.7431
2026-08-24 07:26:57,222 - INFO - Valid Loss: 3.7809
2026-08-24 07:26:57,238 - INFO - Best model saved: 3.7809
2026-08-24 07:26:58,519 - INFO - Epoch 53/1000, Train Loss: 3.7234
2026-08-24 07:26:59,153 - INFO - Valid Loss: 3.7557
2026-08-24 07:26:59,169 - INFO - Best model saved: 3.7557
2026-08-24 07:27:00,435 - INFO - Epoch 54/1000, Train Loss: 3.6991
2026-08-24 07:27:01,073 - INFO - Valid Loss: 3.7315
2026-08-24 07:27:01,089 - INFO - Best model saved: 3.7315
2026-08-24 07:27:02,348 - INFO - Epoch 55/1000, Train Loss: 3.6740
2026-08-24 07:27:02,990 - INFO - Valid Loss: 3.7135
2026-08-24 07:27:03,007 - INFO - Best model saved: 3.7135
2026-08-24 07:27:04,254 - INFO - Epoch 56/1000, Train Loss: 3.6531
2026-08-24 07:27:04,879 - INFO - Valid Loss: 3.6865
2026-08-24 07:27:04,895 - INFO - Best model saved: 3.6865
2026-08-24 07:27:06,152 - INFO - Epoch 57/1000, Train Loss: 3.6331
2026-08-24 07:27:06,777 - INFO - Valid Loss: 3.6670
2026-08-24 07:27:06,794 - INFO - Best model saved: 3.6670
2026-08-24 07:27:08,053 - INFO - Epoch 58/1000, Train Loss: 3.6121
2026-08-24 07:27:08,672 - INFO - Valid Loss: 3.6435
2026-08-24 07:27:08,689 - INFO - Best model saved: 3.6435
2026-08-24 07:27:09,942 - INFO - Epoch 59/1000, Train Loss: 3.5964
2026-08-24 07:27:10,563 - INFO - Valid Loss: 3.6234
2026-08-24 07:27:10,580 - INFO - Best model saved: 3.6234
2026-08-24 07:27:11,826 - INFO - Epoch 60/1000, Train Loss: 3.5739
2026-08-24 07:27:12,497 - INFO - Valid Loss: 3.5994
2026-08-24 07:27:12,514 - INFO - Best model saved: 3.5994
2026-08-24 07:27:13,762 - INFO - Epoch 61/1000, Train Loss: 3.5492
2026-08-24 07:27:14,387 - INFO - Valid Loss: 3.5786
2026-08-24 07:27:14,403 - INFO - Best model saved: 3.5786
2026-08-24 07:27:15,643 - INFO - Epoch 62/1000, Train Loss: 3.5284
2026-08-24 07:27:16,267 - INFO - Valid Loss: 3.5580
2026-08-24 07:27:16,284 - INFO - Best model saved: 3.5580
2026-08-24 07:27:17,530 - INFO - Epoch 63/1000, Train Loss: 3.5082
2026-08-24 07:27:18,152 - INFO - Valid Loss: 3.5376
2026-08-24 07:27:18,169 - INFO - Best model saved: 3.5376
2026-08-24 07:27:19,425 - INFO - Epoch 64/1000, Train Loss: 3.4875
2026-08-24 07:27:20,048 - INFO - Valid Loss: 3.5123
2026-08-24 07:27:20,066 - INFO - Best model saved: 3.5123
2026-08-24 07:27:21,343 - INFO - Epoch 65/1000, Train Loss: 3.4632
2026-08-24 07:27:21,971 - INFO - Valid Loss: 3.4899
2026-08-24 07:27:21,988 - INFO - Best model saved: 3.4899
2026-08-24 07:27:23,260 - INFO - Epoch 66/1000, Train Loss: 3.4456
2026-08-24 07:27:23,887 - INFO - Valid Loss: 3.4713
2026-08-24 07:27:23,904 - INFO - Best model saved: 3.4713
2026-08-24 07:27:25,162 - INFO - Epoch 67/1000, Train Loss: 3.4289
2026-08-24 07:27:25,782 - INFO - Valid Loss: 3.4520
2026-08-24 07:27:25,800 - INFO - Best model saved: 3.4520
2026-08-24 07:27:27,065 - INFO - Epoch 68/1000, Train Loss: 3.4052
2026-08-24 07:27:27,686 - INFO - Valid Loss: 3.4313
2026-08-24 07:27:27,703 - INFO - Best model saved: 3.4313
2026-08-24 07:27:28,936 - INFO - Epoch 69/1000, Train Loss: 3.3825
2026-08-24 07:27:29,545 - INFO - Valid Loss: 3.4098
2026-08-24 07:27:29,563 - INFO - Best model saved: 3.4098
2026-08-24 07:27:30,816 - INFO - Epoch 70/1000, Train Loss: 3.3672
2026-08-24 07:27:31,436 - INFO - Valid Loss: 3.3899
2026-08-24 07:27:31,453 - INFO - Best model saved: 3.3899
2026-08-24 07:27:32,722 - INFO - Epoch 71/1000, Train Loss: 3.3493
2026-08-24 07:27:33,355 - INFO - Valid Loss: 3.3708
2026-08-24 07:27:33,372 - INFO - Best model saved: 3.3708
2026-08-24 07:27:34,621 - INFO - Epoch 72/1000, Train Loss: 3.3279
2026-08-24 07:27:35,246 - INFO - Valid Loss: 3.3566
2026-08-24 07:27:35,263 - INFO - Best model saved: 3.3566
2026-08-24 07:27:36,500 - INFO - Epoch 73/1000, Train Loss: 3.3204
2026-08-24 07:27:37,123 - INFO - Valid Loss: 3.3382
2026-08-24 07:27:37,140 - INFO - Best model saved: 3.3382
2026-08-24 07:27:38,377 - INFO - Epoch 74/1000, Train Loss: 3.3782
2026-08-24 07:27:39,015 - INFO - Valid Loss: 3.3434
2026-08-24 07:27:40,262 - INFO - Epoch 75/1000, Train Loss: 3.2950
2026-08-24 07:27:40,872 - INFO - Valid Loss: 3.3221
2026-08-24 07:27:40,889 - INFO - Best model saved: 3.3221
2026-08-24 07:27:42,147 - INFO - Epoch 76/1000, Train Loss: 3.2741
2026-08-24 07:27:42,782 - INFO - Valid Loss: 3.2938
2026-08-24 07:27:42,798 - INFO - Best model saved: 3.2938
2026-08-24 07:27:44,045 - INFO - Epoch 77/1000, Train Loss: 3.2566
2026-08-24 07:27:44,671 - INFO - Valid Loss: 3.2778
2026-08-24 07:27:44,688 - INFO - Best model saved: 3.2778
2026-08-24 07:27:45,948 - INFO - Epoch 78/1000, Train Loss: 3.2426
2026-08-24 07:27:46,575 - INFO - Valid Loss: 3.2620
2026-08-24 07:27:46,592 - INFO - Best model saved: 3.2620
2026-08-24 07:27:47,846 - INFO - Epoch 79/1000, Train Loss: 3.2226
2026-08-24 07:27:48,485 - INFO - Valid Loss: 3.2493
2026-08-24 07:27:48,502 - INFO - Best model saved: 3.2493
2026-08-24 07:27:49,742 - INFO - Epoch 80/1000, Train Loss: 3.2077
2026-08-24 07:27:50,361 - INFO - Valid Loss: 3.2306
2026-08-24 07:27:50,378 - INFO - Best model saved: 3.2306
2026-08-24 07:27:51,641 - INFO - Epoch 81/1000, Train Loss: 3.1944
2026-08-24 07:27:52,266 - INFO - Valid Loss: 3.2229
2026-08-24 07:27:52,282 - INFO - Best model saved: 3.2229
2026-08-24 07:27:53,535 - INFO - Epoch 82/1000, Train Loss: 3.1878
2026-08-24 07:27:54,160 - INFO - Valid Loss: 3.2069
2026-08-24 07:27:54,176 - INFO - Best model saved: 3.2069
2026-08-24 07:27:55,418 - INFO - Epoch 83/1000, Train Loss: 3.1732
2026-08-24 07:27:56,040 - INFO - Valid Loss: 3.1907
2026-08-24 07:27:56,057 - INFO - Best model saved: 3.1907
2026-08-24 07:27:57,310 - INFO - Epoch 84/1000, Train Loss: 3.1530
2026-08-24 07:27:57,930 - INFO - Valid Loss: 3.1787
2026-08-24 07:27:57,946 - INFO - Best model saved: 3.1787
2026-08-24 07:27:59,198 - INFO - Epoch 85/1000, Train Loss: 3.1335
2026-08-24 07:27:59,804 - INFO - Valid Loss: 3.1638
2026-08-24 07:27:59,822 - INFO - Best model saved: 3.1638
2026-08-24 07:28:01,107 - INFO - Epoch 86/1000, Train Loss: 3.1181
2026-08-24 07:28:01,730 - INFO - Valid Loss: 3.1487
2026-08-24 07:28:01,747 - INFO - Best model saved: 3.1487
2026-08-24 07:28:02,999 - INFO - Epoch 87/1000, Train Loss: 3.1083
2026-08-24 07:28:03,625 - INFO - Valid Loss: 3.1377
2026-08-24 07:28:03,642 - INFO - Best model saved: 3.1377
2026-08-24 07:28:04,883 - INFO - Epoch 88/1000, Train Loss: 3.0937
2026-08-24 07:28:05,521 - INFO - Valid Loss: 3.1224
2026-08-24 07:28:05,537 - INFO - Best model saved: 3.1224
2026-08-24 07:28:06,793 - INFO - Epoch 89/1000, Train Loss: 3.0816
2026-08-24 07:28:07,419 - INFO - Valid Loss: 3.1100
2026-08-24 07:28:07,436 - INFO - Best model saved: 3.1100
2026-08-24 07:28:08,685 - INFO - Epoch 90/1000, Train Loss: 3.0615
2026-08-24 07:28:09,352 - INFO - Valid Loss: 3.0994
2026-08-24 07:28:09,370 - INFO - Best model saved: 3.0994
2026-08-24 07:28:10,654 - INFO - Epoch 91/1000, Train Loss: 3.0516
2026-08-24 07:28:11,284 - INFO - Valid Loss: 3.0838
2026-08-24 07:28:11,303 - INFO - Best model saved: 3.0838
2026-08-24 07:28:12,560 - INFO - Epoch 92/1000, Train Loss: 3.0418
2026-08-24 07:28:13,190 - INFO - Valid Loss: 3.0691
2026-08-24 07:28:13,207 - INFO - Best model saved: 3.0691
2026-08-24 07:28:14,500 - INFO - Epoch 93/1000, Train Loss: 3.0273
2026-08-24 07:28:15,127 - INFO - Valid Loss: 3.0574
2026-08-24 07:28:15,144 - INFO - Best model saved: 3.0574
2026-08-24 07:28:16,414 - INFO - Epoch 94/1000, Train Loss: 3.0128
2026-08-24 07:28:17,040 - INFO - Valid Loss: 3.0476
2026-08-24 07:28:17,056 - INFO - Best model saved: 3.0476
2026-08-24 07:28:18,311 - INFO - Epoch 95/1000, Train Loss: 2.9995
2026-08-24 07:28:18,926 - INFO - Valid Loss: 3.0350
2026-08-24 07:28:18,942 - INFO - Best model saved: 3.0350
2026-08-24 07:28:20,188 - INFO - Epoch 96/1000, Train Loss: 2.9864
2026-08-24 07:28:20,823 - INFO - Valid Loss: 3.0281
2026-08-24 07:28:20,840 - INFO - Best model saved: 3.0281
2026-08-24 07:28:22,082 - INFO - Epoch 97/1000, Train Loss: 2.9721
2026-08-24 07:28:22,689 - INFO - Valid Loss: 3.0095
2026-08-24 07:28:22,705 - INFO - Best model saved: 3.0095
2026-08-24 07:28:23,935 - INFO - Epoch 98/1000, Train Loss: 2.9610
2026-08-24 07:28:24,547 - INFO - Valid Loss: 3.0021
2026-08-24 07:28:24,564 - INFO - Best model saved: 3.0021
2026-08-24 07:28:25,816 - INFO - Epoch 99/1000, Train Loss: 2.9499
2026-08-24 07:28:26,440 - INFO - Valid Loss: 2.9886
2026-08-24 07:28:26,457 - INFO - Best model saved: 2.9886
2026-08-24 07:28:27,692 - INFO - Epoch 100/1000, Train Loss: 2.9367
2026-08-24 07:28:28,316 - INFO - Valid Loss: 2.9753
2026-08-24 07:28:28,332 - INFO - Best model saved: 2.9753
2026-08-24 07:28:29,574 - INFO - Epoch 101/1000, Train Loss: 2.9268
2026-08-24 07:28:30,194 - INFO - Valid Loss: 2.9655
2026-08-24 07:28:30,210 - INFO - Best model saved: 2.9655
2026-08-24 07:28:31,477 - INFO - Epoch 102/1000, Train Loss: 2.9138
2026-08-24 07:28:32,104 - INFO - Valid Loss: 2.9543
2026-08-24 07:28:32,122 - INFO - Best model saved: 2.9543
2026-08-24 07:28:33,336 - INFO - Epoch 103/1000, Train Loss: 2.8993
2026-08-24 07:28:33,951 - INFO - Valid Loss: 2.9415
2026-08-24 07:28:33,968 - INFO - Best model saved: 2.9415
2026-08-24 07:28:35,210 - INFO - Epoch 104/1000, Train Loss: 2.8868
2026-08-24 07:28:35,833 - INFO - Valid Loss: 2.9322
2026-08-24 07:28:35,850 - INFO - Best model saved: 2.9322
2026-08-24 07:28:37,141 - INFO - Epoch 105/1000, Train Loss: 2.8746
2026-08-24 07:28:37,780 - INFO - Valid Loss: 2.9219
2026-08-24 07:28:37,796 - INFO - Best model saved: 2.9219
2026-08-24 07:28:39,042 - INFO - Epoch 106/1000, Train Loss: 2.8640
2026-08-24 07:28:39,669 - INFO - Valid Loss: 2.9124
2026-08-24 07:28:39,685 - INFO - Best model saved: 2.9124
2026-08-24 07:28:40,917 - INFO - Epoch 107/1000, Train Loss: 2.8575
2026-08-24 07:28:41,536 - INFO - Valid Loss: 2.8964
2026-08-24 07:28:41,553 - INFO - Best model saved: 2.8964
2026-08-24 07:28:42,775 - INFO - Epoch 108/1000, Train Loss: 2.8370
2026-08-24 07:28:43,388 - INFO - Valid Loss: 2.8876
2026-08-24 07:28:43,405 - INFO - Best model saved: 2.8876
2026-08-24 07:28:44,638 - INFO - Epoch 109/1000, Train Loss: 2.8282
2026-08-24 07:28:45,257 - INFO - Valid Loss: 2.8787
2026-08-24 07:28:45,273 - INFO - Best model saved: 2.8787
2026-08-24 07:28:46,517 - INFO - Epoch 110/1000, Train Loss: 2.8158
2026-08-24 07:28:47,135 - INFO - Valid Loss: 2.8684
2026-08-24 07:28:47,151 - INFO - Best model saved: 2.8684
2026-08-24 07:28:48,397 - INFO - Epoch 111/1000, Train Loss: 2.8033
2026-08-24 07:28:49,017 - INFO - Valid Loss: 2.8560
2026-08-24 07:28:49,033 - INFO - Best model saved: 2.8560
2026-08-24 07:28:50,290 - INFO - Epoch 112/1000, Train Loss: 2.7991
2026-08-24 07:28:50,907 - INFO - Valid Loss: 2.8499
2026-08-24 07:28:50,924 - INFO - Best model saved: 2.8499
2026-08-24 07:28:52,177 - INFO - Epoch 113/1000, Train Loss: 2.7833
2026-08-24 07:28:52,822 - INFO - Valid Loss: 2.8385
2026-08-24 07:28:52,838 - INFO - Best model saved: 2.8385
2026-08-24 07:28:54,081 - INFO - Epoch 114/1000, Train Loss: 2.7706
2026-08-24 07:28:54,706 - INFO - Valid Loss: 2.8270
2026-08-24 07:28:54,723 - INFO - Best model saved: 2.8270
2026-08-24 07:28:55,970 - INFO - Epoch 115/1000, Train Loss: 2.7622
2026-08-24 07:28:56,584 - INFO - Valid Loss: 2.8198
2026-08-24 07:28:56,602 - INFO - Best model saved: 2.8198
2026-08-24 07:28:57,835 - INFO - Epoch 116/1000, Train Loss: 2.7523
2026-08-24 07:28:58,463 - INFO - Valid Loss: 2.8097
2026-08-24 07:28:58,481 - INFO - Best model saved: 2.8097
2026-08-24 07:28:59,726 - INFO - Epoch 117/1000, Train Loss: 2.7389
2026-08-24 07:29:00,356 - INFO - Valid Loss: 2.8005
2026-08-24 07:29:00,372 - INFO - Best model saved: 2.8005
2026-08-24 07:29:01,613 - INFO - Epoch 118/1000, Train Loss: 2.7242
2026-08-24 07:29:02,236 - INFO - Valid Loss: 2.7882
2026-08-24 07:29:02,253 - INFO - Best model saved: 2.7882
2026-08-24 07:29:03,482 - INFO - Epoch 119/1000, Train Loss: 2.7175
2026-08-24 07:29:04,093 - INFO - Valid Loss: 2.7778
2026-08-24 07:29:04,110 - INFO - Best model saved: 2.7778
2026-08-24 07:29:05,338 - INFO - Epoch 120/1000, Train Loss: 2.7085
2026-08-24 07:29:05,964 - INFO - Valid Loss: 2.7719
2026-08-24 07:29:05,981 - INFO - Best model saved: 2.7719
2026-08-24 07:29:07,254 - INFO - Epoch 121/1000, Train Loss: 2.6919
2026-08-24 07:29:07,878 - INFO - Valid Loss: 2.7603
2026-08-24 07:29:07,895 - INFO - Best model saved: 2.7603
2026-08-24 07:29:09,204 - INFO - Epoch 122/1000, Train Loss: 2.6855
2026-08-24 07:29:09,851 - INFO - Valid Loss: 2.7518
2026-08-24 07:29:09,868 - INFO - Best model saved: 2.7518
2026-08-24 07:29:11,103 - INFO - Epoch 123/1000, Train Loss: 2.6734
2026-08-24 07:29:11,720 - INFO - Valid Loss: 2.7430
2026-08-24 07:29:11,739 - INFO - Best model saved: 2.7430
2026-08-24 07:29:12,984 - INFO - Epoch 124/1000, Train Loss: 2.6649
2026-08-24 07:29:13,609 - INFO - Valid Loss: 2.7325
2026-08-24 07:29:13,628 - INFO - Best model saved: 2.7325
2026-08-24 07:29:14,868 - INFO - Epoch 125/1000, Train Loss: 2.6539
2026-08-24 07:29:15,500 - INFO - Valid Loss: 2.7232
2026-08-24 07:29:15,517 - INFO - Best model saved: 2.7232
2026-08-24 07:29:16,740 - INFO - Epoch 126/1000, Train Loss: 2.6432
2026-08-24 07:29:17,364 - INFO - Valid Loss: 2.7143
2026-08-24 07:29:17,381 - INFO - Best model saved: 2.7143
2026-08-24 07:29:18,631 - INFO - Epoch 127/1000, Train Loss: 2.6371
2026-08-24 07:29:19,239 - INFO - Valid Loss: 2.7071
2026-08-24 07:29:19,256 - INFO - Best model saved: 2.7071
2026-08-24 07:29:20,482 - INFO - Epoch 128/1000, Train Loss: 2.6206
2026-08-24 07:29:21,094 - INFO - Valid Loss: 2.6966
2026-08-24 07:29:21,112 - INFO - Best model saved: 2.6966
2026-08-24 07:29:22,368 - INFO - Epoch 129/1000, Train Loss: 2.6188
2026-08-24 07:29:22,991 - INFO - Valid Loss: 2.6896
2026-08-24 07:29:23,008 - INFO - Best model saved: 2.6896
2026-08-24 07:29:24,237 - INFO - Epoch 130/1000, Train Loss: 2.6059
2026-08-24 07:29:24,857 - INFO - Valid Loss: 2.6814
2026-08-24 07:29:24,875 - INFO - Best model saved: 2.6814
2026-08-24 07:29:26,101 - INFO - Epoch 131/1000, Train Loss: 2.5983
2026-08-24 07:29:26,705 - INFO - Valid Loss: 2.6730
2026-08-24 07:29:26,721 - INFO - Best model saved: 2.6730
2026-08-24 07:29:27,961 - INFO - Epoch 132/1000, Train Loss: 2.5848
2026-08-24 07:29:28,579 - INFO - Valid Loss: 2.6653
2026-08-24 07:29:28,596 - INFO - Best model saved: 2.6653
2026-08-24 07:29:29,833 - INFO - Epoch 133/1000, Train Loss: 2.5775
2026-08-24 07:29:30,476 - INFO - Valid Loss: 2.6578
2026-08-24 07:29:30,493 - INFO - Best model saved: 2.6578
2026-08-24 07:29:31,731 - INFO - Epoch 134/1000, Train Loss: 2.5634
2026-08-24 07:29:32,355 - INFO - Valid Loss: 2.6468
2026-08-24 07:29:32,373 - INFO - Best model saved: 2.6468
2026-08-24 07:29:33,611 - INFO - Epoch 135/1000, Train Loss: 2.5533
2026-08-24 07:29:34,236 - INFO - Valid Loss: 2.6404
2026-08-24 07:29:34,252 - INFO - Best model saved: 2.6404
2026-08-24 07:29:35,503 - INFO - Epoch 136/1000, Train Loss: 2.5475
2026-08-24 07:29:36,121 - INFO - Valid Loss: 2.6339
2026-08-24 07:29:36,138 - INFO - Best model saved: 2.6339
2026-08-24 07:29:37,376 - INFO - Epoch 137/1000, Train Loss: 2.5404
2026-08-24 07:29:38,005 - INFO - Valid Loss: 2.6264
2026-08-24 07:29:38,022 - INFO - Best model saved: 2.6264
2026-08-24 07:29:39,279 - INFO - Epoch 138/1000, Train Loss: 2.5334
2026-08-24 07:29:39,931 - INFO - Valid Loss: 2.6174
2026-08-24 07:29:39,947 - INFO - Best model saved: 2.6174
2026-08-24 07:29:41,179 - INFO - Epoch 139/1000, Train Loss: 2.5199
2026-08-24 07:29:41,802 - INFO - Valid Loss: 2.6150
2026-08-24 07:29:41,818 - INFO - Best model saved: 2.6150
2026-08-24 07:29:43,108 - INFO - Epoch 140/1000, Train Loss: 2.5102
2026-08-24 07:29:43,724 - INFO - Valid Loss: 2.6025
2026-08-24 07:29:43,741 - INFO - Best model saved: 2.6025
2026-08-24 07:29:44,994 - INFO - Epoch 141/1000, Train Loss: 2.5068
2026-08-24 07:29:45,631 - INFO - Valid Loss: 2.5931
2026-08-24 07:29:45,647 - INFO - Best model saved: 2.5931
2026-08-24 07:29:46,912 - INFO - Epoch 142/1000, Train Loss: 2.4911
2026-08-24 07:29:47,524 - INFO - Valid Loss: 2.5953
2026-08-24 07:29:48,766 - INFO - Epoch 143/1000, Train Loss: 2.4849
2026-08-24 07:29:49,392 - INFO - Valid Loss: 2.5837
2026-08-24 07:29:49,409 - INFO - Best model saved: 2.5837
2026-08-24 07:29:50,639 - INFO - Epoch 144/1000, Train Loss: 2.4759
2026-08-24 07:29:51,253 - INFO - Valid Loss: 2.5787
2026-08-24 07:29:51,270 - INFO - Best model saved: 2.5787
2026-08-24 07:29:52,510 - INFO - Epoch 145/1000, Train Loss: 2.4712
2026-08-24 07:29:53,132 - INFO - Valid Loss: 2.5707
2026-08-24 07:29:53,148 - INFO - Best model saved: 2.5707
2026-08-24 07:29:54,394 - INFO - Epoch 146/1000, Train Loss: 2.4647
2026-08-24 07:29:55,006 - INFO - Valid Loss: 2.5608
2026-08-24 07:29:55,023 - INFO - Best model saved: 2.5608
2026-08-24 07:29:56,279 - INFO - Epoch 147/1000, Train Loss: 2.4536
2026-08-24 07:29:56,896 - INFO - Valid Loss: 2.5575
2026-08-24 07:29:56,911 - INFO - Best model saved: 2.5575
2026-08-24 07:29:58,169 - INFO - Epoch 148/1000, Train Loss: 2.4495
2026-08-24 07:29:58,780 - INFO - Valid Loss: 2.5498
2026-08-24 07:29:58,797 - INFO - Best model saved: 2.5498
2026-08-24 07:30:00,049 - INFO - Epoch 149/1000, Train Loss: 2.4356
2026-08-24 07:30:00,673 - INFO - Valid Loss: 2.5412
2026-08-24 07:30:00,689 - INFO - Best model saved: 2.5412
2026-08-24 07:30:01,926 - INFO - Epoch 150/1000, Train Loss: 2.4309
2026-08-24 07:30:02,560 - INFO - Valid Loss: 2.5373
2026-08-24 07:30:02,577 - INFO - Best model saved: 2.5373
2026-08-24 07:30:03,821 - INFO - Epoch 151/1000, Train Loss: 2.4298
2026-08-24 07:30:04,444 - INFO - Valid Loss: 2.5309
2026-08-24 07:30:04,461 - INFO - Best model saved: 2.5309
2026-08-24 07:30:05,712 - INFO - Epoch 152/1000, Train Loss: 2.4118
2026-08-24 07:30:06,362 - INFO - Valid Loss: 2.5248
2026-08-24 07:30:06,379 - INFO - Best model saved: 2.5248
2026-08-24 07:30:07,640 - INFO - Epoch 153/1000, Train Loss: 2.4105
2026-08-24 07:30:08,301 - INFO - Valid Loss: 2.5166
2026-08-24 07:30:08,317 - INFO - Best model saved: 2.5166
2026-08-24 07:30:09,606 - INFO - Epoch 154/1000, Train Loss: 2.3954
2026-08-24 07:30:10,229 - INFO - Valid Loss: 2.5121
2026-08-24 07:30:10,246 - INFO - Best model saved: 2.5121
2026-08-24 07:30:11,524 - INFO - Epoch 155/1000, Train Loss: 2.3911
2026-08-24 07:30:12,152 - INFO - Valid Loss: 2.5061
2026-08-24 07:30:12,168 - INFO - Best model saved: 2.5061
2026-08-24 07:30:13,411 - INFO - Epoch 156/1000, Train Loss: 2.3826
2026-08-24 07:30:14,040 - INFO - Valid Loss: 2.5041
2026-08-24 07:30:14,058 - INFO - Best model saved: 2.5041
2026-08-24 07:30:15,327 - INFO - Epoch 157/1000, Train Loss: 2.3779
2026-08-24 07:30:15,960 - INFO - Valid Loss: 2.4945
2026-08-24 07:30:15,977 - INFO - Best model saved: 2.4945
2026-08-24 07:30:17,246 - INFO - Epoch 158/1000, Train Loss: 2.3688
2026-08-24 07:30:17,879 - INFO - Valid Loss: 2.4859
2026-08-24 07:30:17,896 - INFO - Best model saved: 2.4859
2026-08-24 07:30:19,156 - INFO - Epoch 159/1000, Train Loss: 2.3622
2026-08-24 07:30:19,774 - INFO - Valid Loss: 2.4813
2026-08-24 07:30:19,790 - INFO - Best model saved: 2.4813
2026-08-24 07:30:21,045 - INFO - Epoch 160/1000, Train Loss: 2.3610
2026-08-24 07:30:21,662 - INFO - Valid Loss: 2.4758
2026-08-24 07:30:21,678 - INFO - Best model saved: 2.4758
2026-08-24 07:30:22,932 - INFO - Epoch 161/1000, Train Loss: 2.3453
2026-08-24 07:30:23,554 - INFO - Valid Loss: 2.4690
2026-08-24 07:30:23,572 - INFO - Best model saved: 2.4690
2026-08-24 07:30:24,847 - INFO - Epoch 162/1000, Train Loss: 2.3424
2026-08-24 07:30:25,475 - INFO - Valid Loss: 2.4636
2026-08-24 07:30:25,491 - INFO - Best model saved: 2.4636
2026-08-24 07:30:26,759 - INFO - Epoch 163/1000, Train Loss: 2.3322
2026-08-24 07:30:27,397 - INFO - Valid Loss: 2.4630
2026-08-24 07:30:27,414 - INFO - Best model saved: 2.4630
2026-08-24 07:30:28,677 - INFO - Epoch 164/1000, Train Loss: 2.3345
2026-08-24 07:30:29,305 - INFO - Valid Loss: 2.4564
2026-08-24 07:30:29,322 - INFO - Best model saved: 2.4564
2026-08-24 07:30:30,592 - INFO - Epoch 165/1000, Train Loss: 2.3215
2026-08-24 07:30:31,219 - INFO - Valid Loss: 2.4468
2026-08-24 07:30:31,235 - INFO - Best model saved: 2.4468
2026-08-24 07:30:32,485 - INFO - Epoch 166/1000, Train Loss: 2.3146
2026-08-24 07:30:33,104 - INFO - Valid Loss: 2.4460
2026-08-24 07:30:33,122 - INFO - Best model saved: 2.4460
2026-08-24 07:30:34,330 - INFO - Epoch 167/1000, Train Loss: 2.3076
2026-08-24 07:30:34,962 - INFO - Valid Loss: 2.4376
2026-08-24 07:30:34,979 - INFO - Best model saved: 2.4376
2026-08-24 07:30:36,236 - INFO - Epoch 168/1000, Train Loss: 2.3052
2026-08-24 07:30:36,871 - INFO - Valid Loss: 2.4379
2026-08-24 07:30:38,122 - INFO - Epoch 169/1000, Train Loss: 2.2985
2026-08-24 07:30:38,730 - INFO - Valid Loss: 2.4298
2026-08-24 07:30:38,746 - INFO - Best model saved: 2.4298
2026-08-24 07:30:40,003 - INFO - Epoch 170/1000, Train Loss: 2.2888
2026-08-24 07:30:40,619 - INFO - Valid Loss: 2.4222
2026-08-24 07:30:40,635 - INFO - Best model saved: 2.4222
2026-08-24 07:30:41,877 - INFO - Epoch 171/1000, Train Loss: 2.2849
2026-08-24 07:30:42,558 - INFO - Valid Loss: 2.4240
2026-08-24 07:30:43,812 - INFO - Epoch 172/1000, Train Loss: 2.2799
2026-08-24 07:30:44,448 - INFO - Valid Loss: 2.4133
2026-08-24 07:30:44,465 - INFO - Best model saved: 2.4133
2026-08-24 07:30:45,703 - INFO - Epoch 173/1000, Train Loss: 2.2674
2026-08-24 07:30:46,360 - INFO - Valid Loss: 2.4095
2026-08-24 07:30:46,376 - INFO - Best model saved: 2.4095
2026-08-24 07:30:47,636 - INFO - Epoch 174/1000, Train Loss: 2.2650
2026-08-24 07:30:48,271 - INFO - Valid Loss: 2.4016
2026-08-24 07:30:48,288 - INFO - Best model saved: 2.4016
2026-08-24 07:30:49,553 - INFO - Epoch 175/1000, Train Loss: 2.2609
2026-08-24 07:30:50,208 - INFO - Valid Loss: 2.3998
2026-08-24 07:30:50,224 - INFO - Best model saved: 2.3998
2026-08-24 07:30:51,486 - INFO - Epoch 176/1000, Train Loss: 2.2525
2026-08-24 07:30:52,124 - INFO - Valid Loss: 2.3991
2026-08-24 07:30:52,140 - INFO - Best model saved: 2.3991
2026-08-24 07:30:53,395 - INFO - Epoch 177/1000, Train Loss: 2.2499
2026-08-24 07:30:54,031 - INFO - Valid Loss: 2.3962
2026-08-24 07:30:54,048 - INFO - Best model saved: 2.3962
2026-08-24 07:30:55,320 - INFO - Epoch 178/1000, Train Loss: 2.2471
2026-08-24 07:30:55,943 - INFO - Valid Loss: 2.3957
2026-08-24 07:30:55,958 - INFO - Best model saved: 2.3957
2026-08-24 07:30:57,193 - INFO - Epoch 179/1000, Train Loss: 2.2424
2026-08-24 07:30:57,800 - INFO - Valid Loss: 2.3858
2026-08-24 07:30:57,816 - INFO - Best model saved: 2.3858
2026-08-24 07:30:59,047 - INFO - Epoch 180/1000, Train Loss: 2.2375
2026-08-24 07:30:59,663 - INFO - Valid Loss: 2.3806
2026-08-24 07:30:59,679 - INFO - Best model saved: 2.3806
2026-08-24 07:31:00,909 - INFO - Epoch 181/1000, Train Loss: 2.2297
2026-08-24 07:31:01,541 - INFO - Valid Loss: 2.3768
2026-08-24 07:31:01,558 - INFO - Best model saved: 2.3768
2026-08-24 07:31:02,810 - INFO - Epoch 182/1000, Train Loss: 2.2221
2026-08-24 07:31:03,435 - INFO - Valid Loss: 2.3757
2026-08-24 07:31:03,451 - INFO - Best model saved: 2.3757
2026-08-24 07:31:04,713 - INFO - Epoch 183/1000, Train Loss: 2.2173
2026-08-24 07:31:05,331 - INFO - Valid Loss: 2.3706
2026-08-24 07:31:05,349 - INFO - Best model saved: 2.3706
2026-08-24 07:31:06,613 - INFO - Epoch 184/1000, Train Loss: 2.2146
2026-08-24 07:31:07,262 - INFO - Valid Loss: 2.3620
2026-08-24 07:31:07,278 - INFO - Best model saved: 2.3620
2026-08-24 07:31:08,547 - INFO - Epoch 185/1000, Train Loss: 2.2097
2026-08-24 07:31:09,171 - INFO - Valid Loss: 2.3595
2026-08-24 07:31:09,188 - INFO - Best model saved: 2.3595
2026-08-24 07:31:10,439 - INFO - Epoch 186/1000, Train Loss: 2.2020
2026-08-24 07:31:11,057 - INFO - Valid Loss: 2.3578
2026-08-24 07:31:11,074 - INFO - Best model saved: 2.3578
2026-08-24 07:31:12,328 - INFO - Epoch 187/1000, Train Loss: 2.1917
2026-08-24 07:31:12,949 - INFO - Valid Loss: 2.3493
2026-08-24 07:31:12,965 - INFO - Best model saved: 2.3493
2026-08-24 07:31:14,202 - INFO - Epoch 188/1000, Train Loss: 2.1919
2026-08-24 07:31:14,816 - INFO - Valid Loss: 2.3455
2026-08-24 07:31:14,835 - INFO - Best model saved: 2.3455
2026-08-24 07:31:16,076 - INFO - Epoch 189/1000, Train Loss: 2.1865
2026-08-24 07:31:16,696 - INFO - Valid Loss: 2.3406
2026-08-24 07:31:16,712 - INFO - Best model saved: 2.3406
2026-08-24 07:31:17,952 - INFO - Epoch 190/1000, Train Loss: 2.1787
2026-08-24 07:31:18,574 - INFO - Valid Loss: 2.3378
2026-08-24 07:31:18,591 - INFO - Best model saved: 2.3378
2026-08-24 07:31:19,835 - INFO - Epoch 191/1000, Train Loss: 2.1761
2026-08-24 07:31:20,458 - INFO - Valid Loss: 2.3328
2026-08-24 07:31:20,474 - INFO - Best model saved: 2.3328
2026-08-24 07:31:21,752 - INFO - Epoch 192/1000, Train Loss: 2.1714
2026-08-24 07:31:22,372 - INFO - Valid Loss: 2.3297
2026-08-24 07:31:22,388 - INFO - Best model saved: 2.3297
2026-08-24 07:31:23,628 - INFO - Epoch 193/1000, Train Loss: 2.1668
2026-08-24 07:31:24,305 - INFO - Valid Loss: 2.3281
2026-08-24 07:31:24,321 - INFO - Best model saved: 2.3281
2026-08-24 07:31:25,561 - INFO - Epoch 194/1000, Train Loss: 2.1596
2026-08-24 07:31:26,174 - INFO - Valid Loss: 2.3237
2026-08-24 07:31:26,190 - INFO - Best model saved: 2.3237
2026-08-24 07:31:27,442 - INFO - Epoch 195/1000, Train Loss: 2.1603
2026-08-24 07:31:28,046 - INFO - Valid Loss: 2.3236
2026-08-24 07:31:28,063 - INFO - Best model saved: 2.3236
2026-08-24 07:31:29,288 - INFO - Epoch 196/1000, Train Loss: 2.1517
2026-08-24 07:31:29,887 - INFO - Valid Loss: 2.3157
2026-08-24 07:31:29,905 - INFO - Best model saved: 2.3157
2026-08-24 07:31:31,185 - INFO - Epoch 197/1000, Train Loss: 2.1505
2026-08-24 07:31:31,791 - INFO - Valid Loss: 2.3131
2026-08-24 07:31:31,808 - INFO - Best model saved: 2.3131
2026-08-24 07:31:33,070 - INFO - Epoch 198/1000, Train Loss: 2.1413
2026-08-24 07:31:33,669 - INFO - Valid Loss: 2.3127
2026-08-24 07:31:33,685 - INFO - Best model saved: 2.3127
2026-08-24 07:31:34,936 - INFO - Epoch 199/1000, Train Loss: 2.1335
2026-08-24 07:31:35,551 - INFO - Valid Loss: 2.3054
2026-08-24 07:31:35,568 - INFO - Best model saved: 2.3054
2026-08-24 07:31:36,829 - INFO - Epoch 200/1000, Train Loss: 2.1307
2026-08-24 07:31:37,443 - INFO - Valid Loss: 2.3049
2026-08-24 07:31:37,460 - INFO - Best model saved: 2.3049
2026-08-24 07:31:38,697 - INFO - Epoch 201/1000, Train Loss: 2.1266
2026-08-24 07:31:39,328 - INFO - Valid Loss: 2.3013
2026-08-24 07:31:39,344 - INFO - Best model saved: 2.3013
2026-08-24 07:31:40,605 - INFO - Epoch 202/1000, Train Loss: 2.1296
2026-08-24 07:31:41,233 - INFO - Valid Loss: 2.3010
2026-08-24 07:31:41,249 - INFO - Best model saved: 2.3010
2026-08-24 07:31:42,515 - INFO - Epoch 203/1000, Train Loss: 2.1235
2026-08-24 07:31:43,150 - INFO - Valid Loss: 2.2939
2026-08-24 07:31:43,167 - INFO - Best model saved: 2.2939
2026-08-24 07:31:44,410 - INFO - Epoch 204/1000, Train Loss: 2.1127
2026-08-24 07:31:45,031 - INFO - Valid Loss: 2.2910
2026-08-24 07:31:45,048 - INFO - Best model saved: 2.2910
2026-08-24 07:31:46,293 - INFO - Epoch 205/1000, Train Loss: 2.1177
2026-08-24 07:31:46,912 - INFO - Valid Loss: 2.2898
2026-08-24 07:31:46,928 - INFO - Best model saved: 2.2898
2026-08-24 07:31:48,183 - INFO - Epoch 206/1000, Train Loss: 2.1112
2026-08-24 07:31:48,797 - INFO - Valid Loss: 2.2901
2026-08-24 07:31:50,053 - INFO - Epoch 207/1000, Train Loss: 2.1039
2026-08-24 07:31:50,710 - INFO - Valid Loss: 2.2786
2026-08-24 07:31:50,728 - INFO - Best model saved: 2.2786
2026-08-24 07:31:52,136 - INFO - Epoch 208/1000, Train Loss: 2.0979
2026-08-24 07:31:52,789 - INFO - Valid Loss: 2.2815
2026-08-24 07:31:54,176 - INFO - Epoch 209/1000, Train Loss: 2.0962
2026-08-24 07:31:54,824 - INFO - Valid Loss: 2.2744
2026-08-24 07:31:54,841 - INFO - Best model saved: 2.2744
2026-08-24 07:31:56,205 - INFO - Epoch 210/1000, Train Loss: 2.0914
2026-08-24 07:31:56,850 - INFO - Valid Loss: 2.2752
2026-08-24 07:31:58,215 - INFO - Epoch 211/1000, Train Loss: 2.0898
2026-08-24 07:31:58,854 - INFO - Valid Loss: 2.2725
2026-08-24 07:31:58,870 - INFO - Best model saved: 2.2725
2026-08-24 07:32:00,223 - INFO - Epoch 212/1000, Train Loss: 2.0871
2026-08-24 07:32:00,887 - INFO - Valid Loss: 2.2666
2026-08-24 07:32:00,903 - INFO - Best model saved: 2.2666
2026-08-24 07:32:02,273 - INFO - Epoch 213/1000, Train Loss: 2.0793
2026-08-24 07:32:02,929 - INFO - Valid Loss: 2.2607
2026-08-24 07:32:02,946 - INFO - Best model saved: 2.2607
2026-08-24 07:32:04,311 - INFO - Epoch 214/1000, Train Loss: 2.0782
2026-08-24 07:32:04,955 - INFO - Valid Loss: 2.2565
2026-08-24 07:32:04,971 - INFO - Best model saved: 2.2565
2026-08-24 07:32:06,354 - INFO - Epoch 215/1000, Train Loss: 2.0702
2026-08-24 07:32:07,005 - INFO - Valid Loss: 2.2541
2026-08-24 07:32:07,021 - INFO - Best model saved: 2.2541
2026-08-24 07:32:08,441 - INFO - Epoch 216/1000, Train Loss: 2.0651
2026-08-24 07:32:09,104 - INFO - Valid Loss: 2.2575
2026-08-24 07:32:10,486 - INFO - Epoch 217/1000, Train Loss: 2.0629
2026-08-24 07:32:11,126 - INFO - Valid Loss: 2.2496
2026-08-24 07:32:11,143 - INFO - Best model saved: 2.2496
2026-08-24 07:32:12,492 - INFO - Epoch 218/1000, Train Loss: 2.0616
2026-08-24 07:32:13,128 - INFO - Valid Loss: 2.2481
2026-08-24 07:32:13,145 - INFO - Best model saved: 2.2481
2026-08-24 07:32:14,489 - INFO - Epoch 219/1000, Train Loss: 2.0558
2026-08-24 07:32:15,136 - INFO - Valid Loss: 2.2485
2026-08-24 07:32:16,476 - INFO - Epoch 220/1000, Train Loss: 2.0524
2026-08-24 07:32:17,130 - INFO - Valid Loss: 2.2417
2026-08-24 07:32:17,148 - INFO - Best model saved: 2.2417
2026-08-24 07:32:18,497 - INFO - Epoch 221/1000, Train Loss: 2.0481
2026-08-24 07:32:19,148 - INFO - Valid Loss: 2.2435
2026-08-24 07:32:20,499 - INFO - Epoch 222/1000, Train Loss: 2.0456
2026-08-24 07:32:21,141 - INFO - Valid Loss: 2.2381
2026-08-24 07:32:21,158 - INFO - Best model saved: 2.2381
2026-08-24 07:32:22,500 - INFO - Epoch 223/1000, Train Loss: 2.0405
2026-08-24 07:32:23,148 - INFO - Valid Loss: 2.2340
2026-08-24 07:32:23,164 - INFO - Best model saved: 2.2340
2026-08-24 07:32:24,510 - INFO - Epoch 224/1000, Train Loss: 2.0376
2026-08-24 07:32:25,147 - INFO - Valid Loss: 2.2343
2026-08-24 07:32:26,487 - INFO - Epoch 225/1000, Train Loss: 2.0311
2026-08-24 07:32:27,134 - INFO - Valid Loss: 2.2279
2026-08-24 07:32:27,151 - INFO - Best model saved: 2.2279
2026-08-24 07:32:28,616 - INFO - Epoch 226/1000, Train Loss: 2.0324
2026-08-24 07:32:29,261 - INFO - Valid Loss: 2.2277
2026-08-24 07:32:29,276 - INFO - Best model saved: 2.2277
2026-08-24 07:32:30,611 - INFO - Epoch 227/1000, Train Loss: 2.0312
2026-08-24 07:32:31,259 - INFO - Valid Loss: 2.2261
2026-08-24 07:32:31,275 - INFO - Best model saved: 2.2261
2026-08-24 07:32:32,625 - INFO - Epoch 228/1000, Train Loss: 2.0215
2026-08-24 07:32:33,263 - INFO - Valid Loss: 2.2224
2026-08-24 07:32:33,279 - INFO - Best model saved: 2.2224
2026-08-24 07:32:34,625 - INFO - Epoch 229/1000, Train Loss: 2.0225
2026-08-24 07:32:35,283 - INFO - Valid Loss: 2.2199
2026-08-24 07:32:35,299 - INFO - Best model saved: 2.2199
2026-08-24 07:32:36,710 - INFO - Epoch 230/1000, Train Loss: 2.0163
2026-08-24 07:32:37,364 - INFO - Valid Loss: 2.2146
2026-08-24 07:32:37,380 - INFO - Best model saved: 2.2146
2026-08-24 07:32:38,742 - INFO - Epoch 231/1000, Train Loss: 2.0041
2026-08-24 07:32:39,415 - INFO - Valid Loss: 2.2163
2026-08-24 07:32:40,755 - INFO - Epoch 232/1000, Train Loss: 2.0114
2026-08-24 07:32:41,399 - INFO - Valid Loss: 2.2093
2026-08-24 07:32:41,415 - INFO - Best model saved: 2.2093
2026-08-24 07:32:42,789 - INFO - Epoch 233/1000, Train Loss: 2.0089
2026-08-24 07:32:43,424 - INFO - Valid Loss: 2.2131
2026-08-24 07:32:44,806 - INFO - Epoch 234/1000, Train Loss: 1.9998
2026-08-24 07:32:45,448 - INFO - Valid Loss: 2.2045
2026-08-24 07:32:45,464 - INFO - Best model saved: 2.2045
2026-08-24 07:32:46,837 - INFO - Epoch 235/1000, Train Loss: 2.0032
2026-08-24 07:32:47,470 - INFO - Valid Loss: 2.2113
2026-08-24 07:32:48,872 - INFO - Epoch 236/1000, Train Loss: 2.0001
2026-08-24 07:32:49,512 - INFO - Valid Loss: 2.2085
2026-08-24 07:32:50,930 - INFO - Epoch 237/1000, Train Loss: 1.9942
2026-08-24 07:32:51,567 - INFO - Valid Loss: 2.2015
2026-08-24 07:32:51,583 - INFO - Best model saved: 2.2015
2026-08-24 07:32:52,968 - INFO - Epoch 238/1000, Train Loss: 1.9915
2026-08-24 07:32:53,623 - INFO - Valid Loss: 2.1970
2026-08-24 07:32:53,639 - INFO - Best model saved: 2.1970
2026-08-24 07:32:55,032 - INFO - Epoch 239/1000, Train Loss: 1.9936
2026-08-24 07:32:55,668 - INFO - Valid Loss: 2.1990
2026-08-24 07:32:57,054 - INFO - Epoch 240/1000, Train Loss: 1.9956
2026-08-24 07:32:57,697 - INFO - Valid Loss: 2.1975
2026-08-24 07:32:59,065 - INFO - Epoch 241/1000, Train Loss: 1.9841
2026-08-24 07:32:59,715 - INFO - Valid Loss: 2.1925
2026-08-24 07:32:59,731 - INFO - Best model saved: 2.1925
2026-08-24 07:33:01,159 - INFO - Epoch 242/1000, Train Loss: 1.9846
2026-08-24 07:33:01,796 - INFO - Valid Loss: 2.1905
2026-08-24 07:33:01,811 - INFO - Best model saved: 2.1905
2026-08-24 07:33:03,150 - INFO - Epoch 243/1000, Train Loss: 1.9754
2026-08-24 07:33:03,794 - INFO - Valid Loss: 2.1912
2026-08-24 07:33:05,125 - INFO - Epoch 244/1000, Train Loss: 1.9737
2026-08-24 07:33:05,768 - INFO - Valid Loss: 2.1904
2026-08-24 07:33:05,784 - INFO - Best model saved: 2.1904
2026-08-24 07:33:07,132 - INFO - Epoch 245/1000, Train Loss: 1.9698
2026-08-24 07:33:07,783 - INFO - Valid Loss: 2.1825
2026-08-24 07:33:07,800 - INFO - Best model saved: 2.1825
2026-08-24 07:33:09,164 - INFO - Epoch 246/1000, Train Loss: 1.9707
2026-08-24 07:33:09,809 - INFO - Valid Loss: 2.1836
2026-08-24 07:33:11,171 - INFO - Epoch 247/1000, Train Loss: 1.9721
2026-08-24 07:33:11,825 - INFO - Valid Loss: 2.1906
2026-08-24 07:33:13,212 - INFO - Epoch 248/1000, Train Loss: 1.9681
2026-08-24 07:33:13,865 - INFO - Valid Loss: 2.1794
2026-08-24 07:33:13,882 - INFO - Best model saved: 2.1794
2026-08-24 07:33:15,268 - INFO - Epoch 249/1000, Train Loss: 1.9560
2026-08-24 07:33:15,904 - INFO - Valid Loss: 2.1824
2026-08-24 07:33:17,271 - INFO - Epoch 250/1000, Train Loss: 1.9539
2026-08-24 07:33:17,918 - INFO - Valid Loss: 2.1717
2026-08-24 07:33:17,935 - INFO - Best model saved: 2.1717
2026-08-24 07:33:19,294 - INFO - Epoch 251/1000, Train Loss: 1.9496
2026-08-24 07:33:19,941 - INFO - Valid Loss: 2.1692
2026-08-24 07:33:19,959 - INFO - Best model saved: 2.1692
2026-08-24 07:33:21,323 - INFO - Epoch 252/1000, Train Loss: 1.9489
2026-08-24 07:33:21,978 - INFO - Valid Loss: 2.1696
2026-08-24 07:33:23,338 - INFO - Epoch 253/1000, Train Loss: 1.9456
2026-08-24 07:33:23,987 - INFO - Valid Loss: 2.1636
2026-08-24 07:33:24,002 - INFO - Best model saved: 2.1636
2026-08-24 07:33:25,362 - INFO - Epoch 254/1000, Train Loss: 1.9461
2026-08-24 07:33:26,015 - INFO - Valid Loss: 2.1615
2026-08-24 07:33:26,031 - INFO - Best model saved: 2.1615
2026-08-24 07:33:27,389 - INFO - Epoch 255/1000, Train Loss: 1.9458
2026-08-24 07:33:28,032 - INFO - Valid Loss: 2.1603
2026-08-24 07:33:28,048 - INFO - Best model saved: 2.1603
2026-08-24 07:33:29,419 - INFO - Epoch 256/1000, Train Loss: 1.9392
2026-08-24 07:33:30,058 - INFO - Valid Loss: 2.1640
2026-08-24 07:33:31,413 - INFO - Epoch 257/1000, Train Loss: 1.9359
2026-08-24 07:33:32,069 - INFO - Valid Loss: 2.1570
2026-08-24 07:33:32,086 - INFO - Best model saved: 2.1570
2026-08-24 07:33:33,491 - INFO - Epoch 258/1000, Train Loss: 1.9364
2026-08-24 07:33:34,146 - INFO - Valid Loss: 2.1620
2026-08-24 07:33:35,509 - INFO - Epoch 259/1000, Train Loss: 1.9255
2026-08-24 07:33:36,154 - INFO - Valid Loss: 2.1590
2026-08-24 07:33:37,505 - INFO - Epoch 260/1000, Train Loss: 1.9281
2026-08-24 07:33:38,153 - INFO - Valid Loss: 2.1588
2026-08-24 07:33:39,513 - INFO - Epoch 261/1000, Train Loss: 1.9255
2026-08-24 07:33:40,162 - INFO - Valid Loss: 2.1518
2026-08-24 07:33:40,178 - INFO - Best model saved: 2.1518
2026-08-24 07:33:41,532 - INFO - Epoch 262/1000, Train Loss: 1.9202
2026-08-24 07:33:42,172 - INFO - Valid Loss: 2.1490
2026-08-24 07:33:42,189 - INFO - Best model saved: 2.1490
2026-08-24 07:33:43,533 - INFO - Epoch 263/1000, Train Loss: 1.9193
2026-08-24 07:33:44,174 - INFO - Valid Loss: 2.1452
2026-08-24 07:33:44,190 - INFO - Best model saved: 2.1452
2026-08-24 07:33:45,526 - INFO - Epoch 264/1000, Train Loss: 1.9172
2026-08-24 07:33:46,165 - INFO - Valid Loss: 2.1446
2026-08-24 07:33:46,182 - INFO - Best model saved: 2.1446
2026-08-24 07:33:47,528 - INFO - Epoch 265/1000, Train Loss: 1.9153
2026-08-24 07:33:48,175 - INFO - Valid Loss: 2.1456
2026-08-24 07:33:49,514 - INFO - Epoch 266/1000, Train Loss: 1.9131
2026-08-24 07:33:50,172 - INFO - Valid Loss: 2.1388
2026-08-24 07:33:50,189 - INFO - Best model saved: 2.1388
2026-08-24 07:33:51,559 - INFO - Epoch 267/1000, Train Loss: 1.9081
2026-08-24 07:33:52,209 - INFO - Valid Loss: 2.1407
2026-08-24 07:33:53,568 - INFO - Epoch 268/1000, Train Loss: 1.9039
2026-08-24 07:33:54,206 - INFO - Valid Loss: 2.1394
2026-08-24 07:33:55,557 - INFO - Epoch 269/1000, Train Loss: 1.9025
2026-08-24 07:33:56,201 - INFO - Valid Loss: 2.1378
2026-08-24 07:33:56,217 - INFO - Best model saved: 2.1378
2026-08-24 07:33:57,599 - INFO - Epoch 270/1000, Train Loss: 1.9007
2026-08-24 07:33:58,254 - INFO - Valid Loss: 2.1342
2026-08-24 07:33:58,270 - INFO - Best model saved: 2.1342
2026-08-24 07:33:59,644 - INFO - Epoch 271/1000, Train Loss: 1.8990
2026-08-24 07:34:00,287 - INFO - Valid Loss: 2.1306
2026-08-24 07:34:00,303 - INFO - Best model saved: 2.1306
2026-08-24 07:34:01,683 - INFO - Epoch 272/1000, Train Loss: 1.8968
2026-08-24 07:34:02,343 - INFO - Valid Loss: 2.1333
2026-08-24 07:34:03,705 - INFO - Epoch 273/1000, Train Loss: 1.8956
2026-08-24 07:34:04,347 - INFO - Valid Loss: 2.1300
2026-08-24 07:34:04,363 - INFO - Best model saved: 2.1300
2026-08-24 07:34:05,749 - INFO - Epoch 274/1000, Train Loss: 1.8931
2026-08-24 07:34:06,400 - INFO - Valid Loss: 2.1260
2026-08-24 07:34:06,416 - INFO - Best model saved: 2.1260
2026-08-24 07:34:07,786 - INFO - Epoch 275/1000, Train Loss: 1.8898
2026-08-24 07:34:08,428 - INFO - Valid Loss: 2.1238
2026-08-24 07:34:08,445 - INFO - Best model saved: 2.1238
2026-08-24 07:34:09,810 - INFO - Epoch 276/1000, Train Loss: 1.8879
2026-08-24 07:34:10,474 - INFO - Valid Loss: 2.1266
2026-08-24 07:34:11,819 - INFO - Epoch 277/1000, Train Loss: 1.8843
2026-08-24 07:34:12,508 - INFO - Valid Loss: 2.1246
2026-08-24 07:34:13,837 - INFO - Epoch 278/1000, Train Loss: 1.8860
2026-08-24 07:34:14,491 - INFO - Valid Loss: 2.1195
2026-08-24 07:34:14,507 - INFO - Best model saved: 2.1195
2026-08-24 07:34:15,859 - INFO - Epoch 279/1000, Train Loss: 1.8813
2026-08-24 07:34:16,504 - INFO - Valid Loss: 2.1175
2026-08-24 07:34:16,520 - INFO - Best model saved: 2.1175
2026-08-24 07:34:17,889 - INFO - Epoch 280/1000, Train Loss: 1.8807
2026-08-24 07:34:18,546 - INFO - Valid Loss: 2.1155
2026-08-24 07:34:18,563 - INFO - Best model saved: 2.1155
2026-08-24 07:34:19,937 - INFO - Epoch 281/1000, Train Loss: 1.8718
2026-08-24 07:34:20,600 - INFO - Valid Loss: 2.1157
2026-08-24 07:34:21,946 - INFO - Epoch 282/1000, Train Loss: 1.8742
2026-08-24 07:34:22,597 - INFO - Valid Loss: 2.1134
2026-08-24 07:34:22,612 - INFO - Best model saved: 2.1134
2026-08-24 07:34:23,957 - INFO - Epoch 283/1000, Train Loss: 1.8700
2026-08-24 07:34:24,621 - INFO - Valid Loss: 2.1133
2026-08-24 07:34:24,636 - INFO - Best model saved: 2.1133
2026-08-24 07:34:25,978 - INFO - Epoch 284/1000, Train Loss: 1.8669
2026-08-24 07:34:26,630 - INFO - Valid Loss: 2.1127
2026-08-24 07:34:26,645 - INFO - Best model saved: 2.1127
2026-08-24 07:34:27,996 - INFO - Epoch 285/1000, Train Loss: 1.8616
2026-08-24 07:34:28,645 - INFO - Valid Loss: 2.1149
2026-08-24 07:34:29,993 - INFO - Epoch 286/1000, Train Loss: 1.8681
2026-08-24 07:34:30,638 - INFO - Valid Loss: 2.1127
2026-08-24 07:34:30,654 - INFO - Best model saved: 2.1127
2026-08-24 07:34:31,991 - INFO - Epoch 287/1000, Train Loss: 1.8579
2026-08-24 07:34:32,638 - INFO - Valid Loss: 2.1115
2026-08-24 07:34:32,654 - INFO - Best model saved: 2.1115
2026-08-24 07:34:33,985 - INFO - Epoch 288/1000, Train Loss: 1.8593
2026-08-24 07:34:34,634 - INFO - Valid Loss: 2.1073
2026-08-24 07:34:34,650 - INFO - Best model saved: 2.1073
2026-08-24 07:34:35,987 - INFO - Epoch 289/1000, Train Loss: 1.8553
2026-08-24 07:34:36,632 - INFO - Valid Loss: 2.1067
2026-08-24 07:34:36,648 - INFO - Best model saved: 2.1067
2026-08-24 07:34:38,050 - INFO - Epoch 290/1000, Train Loss: 1.8536
2026-08-24 07:34:38,691 - INFO - Valid Loss: 2.0960
2026-08-24 07:34:38,708 - INFO - Best model saved: 2.0960
2026-08-24 07:34:40,131 - INFO - Epoch 291/1000, Train Loss: 1.8581
2026-08-24 07:34:40,782 - INFO - Valid Loss: 2.1022
2026-08-24 07:34:42,124 - INFO - Epoch 292/1000, Train Loss: 1.8520
2026-08-24 07:34:42,769 - INFO - Valid Loss: 2.1021
2026-08-24 07:34:44,123 - INFO - Epoch 293/1000, Train Loss: 1.8546
2026-08-24 07:34:44,775 - INFO - Valid Loss: 2.0968
2026-08-24 07:34:46,121 - INFO - Epoch 294/1000, Train Loss: 1.8465
2026-08-24 07:34:46,778 - INFO - Valid Loss: 2.0975
2026-08-24 07:34:48,073 - INFO - Epoch 295/1000, Train Loss: 1.8456
2026-08-24 07:34:48,732 - INFO - Valid Loss: 2.0991
2026-08-24 07:34:50,009 - INFO - Epoch 296/1000, Train Loss: 1.8432
2026-08-24 07:34:50,663 - INFO - Valid Loss: 2.0938
2026-08-24 07:34:50,679 - INFO - Best model saved: 2.0938
2026-08-24 07:34:52,057 - INFO - Epoch 297/1000, Train Loss: 1.8441
2026-08-24 07:34:52,698 - INFO - Valid Loss: 2.0960
2026-08-24 07:34:54,067 - INFO - Epoch 298/1000, Train Loss: 1.8405
2026-08-24 07:34:54,716 - INFO - Valid Loss: 2.0863
2026-08-24 07:34:54,732 - INFO - Best model saved: 2.0863
2026-08-24 07:34:56,104 - INFO - Epoch 299/1000, Train Loss: 1.8385
2026-08-24 07:34:56,769 - INFO - Valid Loss: 2.0906
2026-08-24 07:34:58,132 - INFO - Epoch 300/1000, Train Loss: 1.8429
2026-08-24 07:34:58,795 - INFO - Valid Loss: 2.0891
2026-08-24 07:35:00,169 - INFO - Epoch 301/1000, Train Loss: 1.8343
2026-08-24 07:35:00,826 - INFO - Valid Loss: 2.0844
2026-08-24 07:35:00,842 - INFO - Best model saved: 2.0844
2026-08-24 07:35:02,210 - INFO - Epoch 302/1000, Train Loss: 1.8320
2026-08-24 07:35:02,879 - INFO - Valid Loss: 2.0839
2026-08-24 07:35:02,895 - INFO - Best model saved: 2.0839
2026-08-24 07:35:04,261 - INFO - Epoch 303/1000, Train Loss: 1.8318
2026-08-24 07:35:04,915 - INFO - Valid Loss: 2.0849
2026-08-24 07:35:06,279 - INFO - Epoch 304/1000, Train Loss: 1.8250
2026-08-24 07:35:06,971 - INFO - Valid Loss: 2.0844
2026-08-24 07:35:08,342 - INFO - Epoch 305/1000, Train Loss: 1.8286
2026-08-24 07:35:08,999 - INFO - Valid Loss: 2.0804
2026-08-24 07:35:09,015 - INFO - Best model saved: 2.0804
2026-08-24 07:35:10,429 - INFO - Epoch 306/1000, Train Loss: 1.8260
2026-08-24 07:35:11,087 - INFO - Valid Loss: 2.0828
2026-08-24 07:35:12,431 - INFO - Epoch 307/1000, Train Loss: 1.8240
2026-08-24 07:35:13,085 - INFO - Valid Loss: 2.0782
2026-08-24 07:35:13,101 - INFO - Best model saved: 2.0782
2026-08-24 07:35:14,463 - INFO - Epoch 308/1000, Train Loss: 1.8226
2026-08-24 07:35:15,114 - INFO - Valid Loss: 2.0804
2026-08-24 07:35:16,460 - INFO - Epoch 309/1000, Train Loss: 1.8238
2026-08-24 07:35:17,110 - INFO - Valid Loss: 2.0795
2026-08-24 07:35:18,508 - INFO - Epoch 310/1000, Train Loss: 1.8128
2026-08-24 07:35:19,163 - INFO - Valid Loss: 2.0746
2026-08-24 07:35:19,181 - INFO - Best model saved: 2.0746
2026-08-24 07:35:20,534 - INFO - Epoch 311/1000, Train Loss: 1.8186
2026-08-24 07:35:21,178 - INFO - Valid Loss: 2.0763
2026-08-24 07:35:22,528 - INFO - Epoch 312/1000, Train Loss: 1.8082
2026-08-24 07:35:23,173 - INFO - Valid Loss: 2.0733
2026-08-24 07:35:23,188 - INFO - Best model saved: 2.0733
2026-08-24 07:35:24,557 - INFO - Epoch 313/1000, Train Loss: 1.8108
2026-08-24 07:35:25,202 - INFO - Valid Loss: 2.0765
2026-08-24 07:35:26,566 - INFO - Epoch 314/1000, Train Loss: 1.8080
2026-08-24 07:35:27,209 - INFO - Valid Loss: 2.0692
2026-08-24 07:35:27,225 - INFO - Best model saved: 2.0692
2026-08-24 07:35:28,578 - INFO - Epoch 315/1000, Train Loss: 1.8083
2026-08-24 07:35:29,235 - INFO - Valid Loss: 2.0658
2026-08-24 07:35:29,252 - INFO - Best model saved: 2.0658
2026-08-24 07:35:30,613 - INFO - Epoch 316/1000, Train Loss: 1.8076
2026-08-24 07:35:31,269 - INFO - Valid Loss: 2.0690
2026-08-24 07:35:32,623 - INFO - Epoch 317/1000, Train Loss: 1.8046
2026-08-24 07:35:33,276 - INFO - Valid Loss: 2.0637
2026-08-24 07:35:33,292 - INFO - Best model saved: 2.0637
2026-08-24 07:35:34,637 - INFO - Epoch 318/1000, Train Loss: 1.8042
2026-08-24 07:35:35,276 - INFO - Valid Loss: 2.0641
2026-08-24 07:35:36,619 - INFO - Epoch 319/1000, Train Loss: 1.7989
2026-08-24 07:35:37,310 - INFO - Valid Loss: 2.0670
2026-08-24 07:35:38,701 - INFO - Epoch 320/1000, Train Loss: 1.8014
2026-08-24 07:35:39,428 - INFO - Valid Loss: 2.0605
2026-08-24 07:35:39,444 - INFO - Best model saved: 2.0605
2026-08-24 07:35:40,802 - INFO - Epoch 321/1000, Train Loss: 1.8006
2026-08-24 07:35:41,454 - INFO - Valid Loss: 2.0623
2026-08-24 07:35:42,811 - INFO - Epoch 322/1000, Train Loss: 1.7978
2026-08-24 07:35:43,459 - INFO - Valid Loss: 2.0623
2026-08-24 07:35:44,818 - INFO - Epoch 323/1000, Train Loss: 1.8000
2026-08-24 07:35:45,480 - INFO - Valid Loss: 2.0593
2026-08-24 07:35:45,497 - INFO - Best model saved: 2.0593
2026-08-24 07:35:46,863 - INFO - Epoch 324/1000, Train Loss: 1.7891
2026-08-24 07:35:47,510 - INFO - Valid Loss: 2.0580
2026-08-24 07:35:47,526 - INFO - Best model saved: 2.0580
2026-08-24 07:35:48,878 - INFO - Epoch 325/1000, Train Loss: 1.7874
2026-08-24 07:35:49,530 - INFO - Valid Loss: 2.0615
2026-08-24 07:35:50,888 - INFO - Epoch 326/1000, Train Loss: 1.7916
2026-08-24 07:35:51,547 - INFO - Valid Loss: 2.0651
2026-08-24 07:35:52,895 - INFO - Epoch 327/1000, Train Loss: 1.7923
2026-08-24 07:35:53,550 - INFO - Valid Loss: 2.0556
2026-08-24 07:35:53,567 - INFO - Best model saved: 2.0556
2026-08-24 07:35:54,923 - INFO - Epoch 328/1000, Train Loss: 1.7861
2026-08-24 07:35:55,575 - INFO - Valid Loss: 2.0512
2026-08-24 07:35:55,590 - INFO - Best model saved: 2.0512
2026-08-24 07:35:56,951 - INFO - Epoch 329/1000, Train Loss: 1.7846
2026-08-24 07:35:57,604 - INFO - Valid Loss: 2.0531
2026-08-24 07:35:58,978 - INFO - Epoch 330/1000, Train Loss: 1.7846
2026-08-24 07:35:59,636 - INFO - Valid Loss: 2.0529
2026-08-24 07:36:01,007 - INFO - Epoch 331/1000, Train Loss: 1.7827
2026-08-24 07:36:01,667 - INFO - Valid Loss: 2.0498
2026-08-24 07:36:01,683 - INFO - Best model saved: 2.0498
2026-08-24 07:36:03,068 - INFO - Epoch 332/1000, Train Loss: 1.7793
2026-08-24 07:36:03,701 - INFO - Valid Loss: 2.0477
2026-08-24 07:36:03,717 - INFO - Best model saved: 2.0477
2026-08-24 07:36:04,989 - INFO - Epoch 333/1000, Train Loss: 1.7789
2026-08-24 07:36:05,631 - INFO - Valid Loss: 2.0452
2026-08-24 07:36:05,647 - INFO - Best model saved: 2.0452
2026-08-24 07:36:06,936 - INFO - Epoch 334/1000, Train Loss: 1.7716
2026-08-24 07:36:07,572 - INFO - Valid Loss: 2.0477
2026-08-24 07:36:08,841 - INFO - Epoch 335/1000, Train Loss: 1.7755
2026-08-24 07:36:09,483 - INFO - Valid Loss: 2.0482
2026-08-24 07:36:10,755 - INFO - Epoch 336/1000, Train Loss: 1.7699
2026-08-24 07:36:11,410 - INFO - Valid Loss: 2.0546
2026-08-24 07:36:12,702 - INFO - Epoch 337/1000, Train Loss: 1.7686
2026-08-24 07:36:13,337 - INFO - Valid Loss: 2.0464
2026-08-24 07:36:14,606 - INFO - Epoch 338/1000, Train Loss: 1.7673
2026-08-24 07:36:15,227 - INFO - Valid Loss: 2.0423
2026-08-24 07:36:15,243 - INFO - Best model saved: 2.0423
2026-08-24 07:36:16,481 - INFO - Epoch 339/1000, Train Loss: 1.7683
2026-08-24 07:36:17,101 - INFO - Valid Loss: 2.0438
2026-08-24 07:36:18,382 - INFO - Epoch 340/1000, Train Loss: 1.7687
2026-08-24 07:36:19,000 - INFO - Valid Loss: 2.0480
2026-08-24 07:36:20,265 - INFO - Epoch 341/1000, Train Loss: 1.7618
2026-08-24 07:36:20,886 - INFO - Valid Loss: 2.0390
2026-08-24 07:36:20,904 - INFO - Best model saved: 2.0390
2026-08-24 07:36:22,148 - INFO - Epoch 342/1000, Train Loss: 1.7608
2026-08-24 07:36:22,762 - INFO - Valid Loss: 2.0472
2026-08-24 07:36:23,991 - INFO - Epoch 343/1000, Train Loss: 1.7617
2026-08-24 07:36:24,610 - INFO - Valid Loss: 2.0457
2026-08-24 07:36:25,840 - INFO - Epoch 344/1000, Train Loss: 1.7549
2026-08-24 07:36:26,448 - INFO - Valid Loss: 2.0456
2026-08-24 07:36:27,699 - INFO - Epoch 345/1000, Train Loss: 1.7597
2026-08-24 07:36:28,322 - INFO - Valid Loss: 2.0378
2026-08-24 07:36:28,337 - INFO - Best model saved: 2.0378
2026-08-24 07:36:29,582 - INFO - Epoch 346/1000, Train Loss: 1.7600
2026-08-24 07:36:30,200 - INFO - Valid Loss: 2.0387
2026-08-24 07:36:31,446 - INFO - Epoch 347/1000, Train Loss: 1.7536
2026-08-24 07:36:32,049 - INFO - Valid Loss: 2.0384
2026-08-24 07:36:33,294 - INFO - Epoch 348/1000, Train Loss: 1.7535
2026-08-24 07:36:33,909 - INFO - Valid Loss: 2.0360
2026-08-24 07:36:33,925 - INFO - Best model saved: 2.0360
2026-08-24 07:36:35,178 - INFO - Epoch 349/1000, Train Loss: 1.7597
2026-08-24 07:36:35,790 - INFO - Valid Loss: 2.0298
2026-08-24 07:36:35,807 - INFO - Best model saved: 2.0298
2026-08-24 07:36:37,060 - INFO - Epoch 350/1000, Train Loss: 1.7523
2026-08-24 07:36:37,679 - INFO - Valid Loss: 2.0342
2026-08-24 07:36:38,927 - INFO - Epoch 351/1000, Train Loss: 1.7534
2026-08-24 07:36:39,548 - INFO - Valid Loss: 2.0322
2026-08-24 07:36:40,803 - INFO - Epoch 352/1000, Train Loss: 1.7470
2026-08-24 07:36:41,426 - INFO - Valid Loss: 2.0346
2026-08-24 07:36:42,665 - INFO - Epoch 353/1000, Train Loss: 1.7529
2026-08-24 07:36:43,282 - INFO - Valid Loss: 2.0316
2026-08-24 07:36:44,530 - INFO - Epoch 354/1000, Train Loss: 1.7502
2026-08-24 07:36:45,162 - INFO - Valid Loss: 2.0290
2026-08-24 07:36:45,179 - INFO - Best model saved: 2.0290
2026-08-24 07:36:46,449 - INFO - Epoch 355/1000, Train Loss: 1.7448
2026-08-24 07:36:47,068 - INFO - Valid Loss: 2.0258
2026-08-24 07:36:47,084 - INFO - Best model saved: 2.0258
2026-08-24 07:36:48,353 - INFO - Epoch 356/1000, Train Loss: 1.7425
2026-08-24 07:36:48,966 - INFO - Valid Loss: 2.0238
2026-08-24 07:36:48,983 - INFO - Best model saved: 2.0238
2026-08-24 07:36:50,237 - INFO - Epoch 357/1000, Train Loss: 1.7427
2026-08-24 07:36:50,858 - INFO - Valid Loss: 2.0236
2026-08-24 07:36:50,874 - INFO - Best model saved: 2.0236
2026-08-24 07:36:52,136 - INFO - Epoch 358/1000, Train Loss: 1.7409
2026-08-24 07:36:52,758 - INFO - Valid Loss: 2.0264
2026-08-24 07:36:54,020 - INFO - Epoch 359/1000, Train Loss: 1.7372
2026-08-24 07:36:54,631 - INFO - Valid Loss: 2.0230
2026-08-24 07:36:54,646 - INFO - Best model saved: 2.0230
2026-08-24 07:36:55,896 - INFO - Epoch 360/1000, Train Loss: 1.7329
2026-08-24 07:36:56,517 - INFO - Valid Loss: 2.0211
2026-08-24 07:36:56,532 - INFO - Best model saved: 2.0211
2026-08-24 07:36:57,801 - INFO - Epoch 361/1000, Train Loss: 1.7378
2026-08-24 07:36:58,416 - INFO - Valid Loss: 2.0246
2026-08-24 07:36:59,645 - INFO - Epoch 362/1000, Train Loss: 1.7373
2026-08-24 07:37:00,260 - INFO - Valid Loss: 2.0190
2026-08-24 07:37:00,276 - INFO - Best model saved: 2.0190
2026-08-24 07:37:01,539 - INFO - Epoch 363/1000, Train Loss: 1.7391
2026-08-24 07:37:02,177 - INFO - Valid Loss: 2.0235
2026-08-24 07:37:03,404 - INFO - Epoch 364/1000, Train Loss: 1.7382
2026-08-24 07:37:04,006 - INFO - Valid Loss: 2.0195
2026-08-24 07:37:05,231 - INFO - Epoch 365/1000, Train Loss: 1.7318
2026-08-24 07:37:05,841 - INFO - Valid Loss: 2.0158
2026-08-24 07:37:05,857 - INFO - Best model saved: 2.0158
2026-08-24 07:37:07,115 - INFO - Epoch 366/1000, Train Loss: 1.7310
2026-08-24 07:37:07,717 - INFO - Valid Loss: 2.0170
2026-08-24 07:37:08,963 - INFO - Epoch 367/1000, Train Loss: 1.7262
2026-08-24 07:37:09,580 - INFO - Valid Loss: 2.0170
2026-08-24 07:37:10,818 - INFO - Epoch 368/1000, Train Loss: 1.7298
2026-08-24 07:37:11,431 - INFO - Valid Loss: 2.0126
2026-08-24 07:37:11,447 - INFO - Best model saved: 2.0126
2026-08-24 07:37:12,685 - INFO - Epoch 369/1000, Train Loss: 1.7256
2026-08-24 07:37:13,302 - INFO - Valid Loss: 2.0161
2026-08-24 07:37:14,558 - INFO - Epoch 370/1000, Train Loss: 1.7289
2026-08-24 07:37:15,181 - INFO - Valid Loss: 2.0120
2026-08-24 07:37:15,197 - INFO - Best model saved: 2.0120
2026-08-24 07:37:16,434 - INFO - Epoch 371/1000, Train Loss: 1.7254
2026-08-24 07:37:17,041 - INFO - Valid Loss: 2.0150
2026-08-24 07:37:18,273 - INFO - Epoch 372/1000, Train Loss: 1.7333
2026-08-24 07:37:18,881 - INFO - Valid Loss: 2.0161
2026-08-24 07:37:20,121 - INFO - Epoch 373/1000, Train Loss: 1.7240
2026-08-24 07:37:20,738 - INFO - Valid Loss: 2.0120
2026-08-24 07:37:20,753 - INFO - Best model saved: 2.0120
2026-08-24 07:37:22,052 - INFO - Epoch 374/1000, Train Loss: 1.7212
2026-08-24 07:37:22,651 - INFO - Valid Loss: 2.0122
2026-08-24 07:37:23,899 - INFO - Epoch 375/1000, Train Loss: 1.7170
2026-08-24 07:37:24,516 - INFO - Valid Loss: 2.0060
2026-08-24 07:37:24,533 - INFO - Best model saved: 2.0060
2026-08-24 07:37:25,755 - INFO - Epoch 376/1000, Train Loss: 1.7192
2026-08-24 07:37:26,380 - INFO - Valid Loss: 2.0071
2026-08-24 07:37:27,617 - INFO - Epoch 377/1000, Train Loss: 1.7197
2026-08-24 07:37:28,238 - INFO - Valid Loss: 2.0056
2026-08-24 07:37:28,255 - INFO - Best model saved: 2.0056
2026-08-24 07:37:29,499 - INFO - Epoch 378/1000, Train Loss: 1.7182
2026-08-24 07:37:30,131 - INFO - Valid Loss: 2.0085
2026-08-24 07:37:31,360 - INFO - Epoch 379/1000, Train Loss: 1.7145
2026-08-24 07:37:31,967 - INFO - Valid Loss: 2.0049
2026-08-24 07:37:31,982 - INFO - Best model saved: 2.0049
2026-08-24 07:37:33,222 - INFO - Epoch 380/1000, Train Loss: 1.7134
2026-08-24 07:37:33,848 - INFO - Valid Loss: 2.0049
2026-08-24 07:37:35,115 - INFO - Epoch 381/1000, Train Loss: 1.7076
2026-08-24 07:37:35,731 - INFO - Valid Loss: 2.0093
2026-08-24 07:37:37,103 - INFO - Epoch 382/1000, Train Loss: 1.7127
2026-08-24 07:37:37,714 - INFO - Valid Loss: 2.0048
2026-08-24 07:37:37,729 - INFO - Best model saved: 2.0048
2026-08-24 07:37:38,962 - INFO - Epoch 383/1000, Train Loss: 1.7105
2026-08-24 07:37:39,583 - INFO - Valid Loss: 2.0057
2026-08-24 07:37:40,835 - INFO - Epoch 384/1000, Train Loss: 1.7044
2026-08-24 07:37:41,456 - INFO - Valid Loss: 2.0061
2026-08-24 07:37:42,686 - INFO - Epoch 385/1000, Train Loss: 1.7043
2026-08-24 07:37:43,305 - INFO - Valid Loss: 2.0031
2026-08-24 07:37:43,321 - INFO - Best model saved: 2.0031
2026-08-24 07:37:44,561 - INFO - Epoch 386/1000, Train Loss: 1.7085
2026-08-24 07:37:45,174 - INFO - Valid Loss: 2.0008
2026-08-24 07:37:45,190 - INFO - Best model saved: 2.0008
2026-08-24 07:37:46,442 - INFO - Epoch 387/1000, Train Loss: 1.7050
2026-08-24 07:37:47,050 - INFO - Valid Loss: 1.9996
2026-08-24 07:37:47,066 - INFO - Best model saved: 1.9996
2026-08-24 07:37:48,305 - INFO - Epoch 388/1000, Train Loss: 1.7022
2026-08-24 07:37:48,918 - INFO - Valid Loss: 1.9945
2026-08-24 07:37:48,934 - INFO - Best model saved: 1.9945
2026-08-24 07:37:50,170 - INFO - Epoch 389/1000, Train Loss: 1.7034
2026-08-24 07:37:50,773 - INFO - Valid Loss: 1.9980
2026-08-24 07:37:52,075 - INFO - Epoch 390/1000, Train Loss: 1.6983
2026-08-24 07:37:52,689 - INFO - Valid Loss: 2.0034
2026-08-24 07:37:53,909 - INFO - Epoch 391/1000, Train Loss: 1.7021
2026-08-24 07:37:54,527 - INFO - Valid Loss: 1.9962
2026-08-24 07:37:55,762 - INFO - Epoch 392/1000, Train Loss: 1.7011
2026-08-24 07:37:56,371 - INFO - Valid Loss: 1.9926
2026-08-24 07:37:56,389 - INFO - Best model saved: 1.9926
2026-08-24 07:37:57,634 - INFO - Epoch 393/1000, Train Loss: 1.6910
2026-08-24 07:37:58,243 - INFO - Valid Loss: 1.9929
2026-08-24 07:37:59,460 - INFO - Epoch 394/1000, Train Loss: 1.6971
2026-08-24 07:38:00,079 - INFO - Valid Loss: 1.9953
2026-08-24 07:38:01,326 - INFO - Epoch 395/1000, Train Loss: 1.6958
2026-08-24 07:38:01,951 - INFO - Valid Loss: 1.9963
2026-08-24 07:38:03,181 - INFO - Epoch 396/1000, Train Loss: 1.6934
2026-08-24 07:38:03,793 - INFO - Valid Loss: 1.9996
2026-08-24 07:38:05,039 - INFO - Epoch 397/1000, Train Loss: 1.6930
2026-08-24 07:38:05,668 - INFO - Valid Loss: 1.9896
2026-08-24 07:38:05,684 - INFO - Best model saved: 1.9896
2026-08-24 07:38:07,009 - INFO - Epoch 398/1000, Train Loss: 1.6959
2026-08-24 07:38:07,718 - INFO - Valid Loss: 1.9970
2026-08-24 07:38:08,987 - INFO - Epoch 399/1000, Train Loss: 1.6889
2026-08-24 07:38:09,606 - INFO - Valid Loss: 1.9926
2026-08-24 07:38:10,850 - INFO - Epoch 400/1000, Train Loss: 1.6853
2026-08-24 07:38:11,481 - INFO - Valid Loss: 1.9964
2026-08-24 07:38:12,710 - INFO - Epoch 401/1000, Train Loss: 1.6812
2026-08-24 07:38:13,330 - INFO - Valid Loss: 1.9899
2026-08-24 07:38:14,567 - INFO - Epoch 402/1000, Train Loss: 1.6882
2026-08-24 07:38:15,187 - INFO - Valid Loss: 1.9889
2026-08-24 07:38:15,205 - INFO - Best model saved: 1.9889
2026-08-24 07:38:16,437 - INFO - Epoch 403/1000, Train Loss: 1.6877
2026-08-24 07:38:17,043 - INFO - Valid Loss: 1.9840
2026-08-24 07:38:17,060 - INFO - Best model saved: 1.9840
2026-08-24 07:38:18,326 - INFO - Epoch 404/1000, Train Loss: 1.6856
2026-08-24 07:38:18,948 - INFO - Valid Loss: 1.9863
2026-08-24 07:38:20,207 - INFO - Epoch 405/1000, Train Loss: 1.6835
2026-08-24 07:38:20,829 - INFO - Valid Loss: 1.9835
2026-08-24 07:38:20,845 - INFO - Best model saved: 1.9835
2026-08-24 07:38:22,085 - INFO - Epoch 406/1000, Train Loss: 1.6801
2026-08-24 07:38:22,707 - INFO - Valid Loss: 1.9900
2026-08-24 07:38:23,944 - INFO - Epoch 407/1000, Train Loss: 1.6832
2026-08-24 07:38:24,556 - INFO - Valid Loss: 1.9966
2026-08-24 07:38:25,789 - INFO - Epoch 408/1000, Train Loss: 1.6852
2026-08-24 07:38:26,403 - INFO - Valid Loss: 1.9860
2026-08-24 07:38:27,633 - INFO - Epoch 409/1000, Train Loss: 1.6785
2026-08-24 07:38:28,237 - INFO - Valid Loss: 1.9801
2026-08-24 07:38:28,257 - INFO - Best model saved: 1.9801
2026-08-24 07:38:29,500 - INFO - Epoch 410/1000, Train Loss: 1.6781
2026-08-24 07:38:30,126 - INFO - Valid Loss: 1.9870
2026-08-24 07:38:31,375 - INFO - Epoch 411/1000, Train Loss: 1.6740
2026-08-24 07:38:32,005 - INFO - Valid Loss: 1.9834
2026-08-24 07:38:33,257 - INFO - Epoch 412/1000, Train Loss: 1.6805
2026-08-24 07:38:33,867 - INFO - Valid Loss: 1.9819
2026-08-24 07:38:35,097 - INFO - Epoch 413/1000, Train Loss: 1.6798
2026-08-24 07:38:35,712 - INFO - Valid Loss: 1.9739
2026-08-24 07:38:35,730 - INFO - Best model saved: 1.9739
2026-08-24 07:38:36,997 - INFO - Epoch 414/1000, Train Loss: 1.6754
2026-08-24 07:38:37,641 - INFO - Valid Loss: 1.9764
2026-08-24 07:38:38,883 - INFO - Epoch 415/1000, Train Loss: 1.6747
2026-08-24 07:38:39,504 - INFO - Valid Loss: 1.9797
2026-08-24 07:38:40,742 - INFO - Epoch 416/1000, Train Loss: 1.6734
2026-08-24 07:38:41,363 - INFO - Valid Loss: 1.9755
2026-08-24 07:38:42,618 - INFO - Epoch 417/1000, Train Loss: 1.6697
2026-08-24 07:38:43,234 - INFO - Valid Loss: 1.9839
2026-08-24 07:38:44,455 - INFO - Epoch 418/1000, Train Loss: 1.6695
2026-08-24 07:38:45,074 - INFO - Valid Loss: 1.9804
2026-08-24 07:38:46,303 - INFO - Epoch 419/1000, Train Loss: 1.6639
2026-08-24 07:38:46,915 - INFO - Valid Loss: 1.9810
2026-08-24 07:38:48,153 - INFO - Epoch 420/1000, Train Loss: 1.6686
2026-08-24 07:38:48,787 - INFO - Valid Loss: 1.9751
2026-08-24 07:38:50,018 - INFO - Epoch 421/1000, Train Loss: 1.6690
2026-08-24 07:38:50,626 - INFO - Valid Loss: 1.9809
2026-08-24 07:38:51,869 - INFO - Epoch 422/1000, Train Loss: 1.6644
2026-08-24 07:38:52,477 - INFO - Valid Loss: 1.9733
2026-08-24 07:38:52,494 - INFO - Best model saved: 1.9733
2026-08-24 07:38:53,744 - INFO - Epoch 423/1000, Train Loss: 1.6628
2026-08-24 07:38:54,356 - INFO - Valid Loss: 1.9761
2026-08-24 07:38:55,569 - INFO - Epoch 424/1000, Train Loss: 1.6593
2026-08-24 07:38:56,180 - INFO - Valid Loss: 1.9727
2026-08-24 07:38:56,197 - INFO - Best model saved: 1.9727
2026-08-24 07:38:57,420 - INFO - Epoch 425/1000, Train Loss: 1.6590
2026-08-24 07:38:58,036 - INFO - Valid Loss: 1.9767
2026-08-24 07:38:59,260 - INFO - Epoch 426/1000, Train Loss: 1.6616
2026-08-24 07:38:59,875 - INFO - Valid Loss: 1.9688
2026-08-24 07:38:59,892 - INFO - Best model saved: 1.9688
2026-08-24 07:39:01,133 - INFO - Epoch 427/1000, Train Loss: 1.6604
2026-08-24 07:39:01,741 - INFO - Valid Loss: 1.9750
2026-08-24 07:39:02,978 - INFO - Epoch 428/1000, Train Loss: 1.6612
2026-08-24 07:39:03,595 - INFO - Valid Loss: 1.9720
2026-08-24 07:39:04,849 - INFO - Epoch 429/1000, Train Loss: 1.6607
2026-08-24 07:39:05,471 - INFO - Valid Loss: 1.9726
2026-08-24 07:39:06,721 - INFO - Epoch 430/1000, Train Loss: 1.6579
2026-08-24 07:39:07,366 - INFO - Valid Loss: 1.9673
2026-08-24 07:39:07,383 - INFO - Best model saved: 1.9673
2026-08-24 07:39:08,672 - INFO - Epoch 431/1000, Train Loss: 1.6583
2026-08-24 07:39:09,322 - INFO - Valid Loss: 1.9729
2026-08-24 07:39:10,569 - INFO - Epoch 432/1000, Train Loss: 1.6570
2026-08-24 07:39:11,192 - INFO - Valid Loss: 1.9723
2026-08-24 07:39:12,427 - INFO - Epoch 433/1000, Train Loss: 1.6579
2026-08-24 07:39:13,040 - INFO - Valid Loss: 1.9691
2026-08-24 07:39:14,262 - INFO - Epoch 434/1000, Train Loss: 1.6584
2026-08-24 07:39:14,883 - INFO - Valid Loss: 1.9682
2026-08-24 07:39:16,116 - INFO - Epoch 435/1000, Train Loss: 1.6528
2026-08-24 07:39:16,735 - INFO - Valid Loss: 1.9691
2026-08-24 07:39:17,974 - INFO - Epoch 436/1000, Train Loss: 1.6516
2026-08-24 07:39:18,598 - INFO - Valid Loss: 1.9680
2026-08-24 07:39:19,825 - INFO - Epoch 437/1000, Train Loss: 1.6585
2026-08-24 07:39:20,439 - INFO - Valid Loss: 1.9634
2026-08-24 07:39:20,455 - INFO - Best model saved: 1.9634
2026-08-24 07:39:21,690 - INFO - Epoch 438/1000, Train Loss: 1.6571
2026-08-24 07:39:22,306 - INFO - Valid Loss: 1.9656
2026-08-24 07:39:23,547 - INFO - Epoch 439/1000, Train Loss: 1.6468
2026-08-24 07:39:24,166 - INFO - Valid Loss: 1.9669
2026-08-24 07:39:25,407 - INFO - Epoch 440/1000, Train Loss: 1.6543
2026-08-24 07:39:26,017 - INFO - Valid Loss: 1.9652
2026-08-24 07:39:27,250 - INFO - Epoch 441/1000, Train Loss: 1.6447
2026-08-24 07:39:27,867 - INFO - Valid Loss: 1.9671
2026-08-24 07:39:29,100 - INFO - Epoch 442/1000, Train Loss: 1.6507
2026-08-24 07:39:29,718 - INFO - Valid Loss: 1.9665
2026-08-24 07:39:30,977 - INFO - Epoch 443/1000, Train Loss: 1.6476
2026-08-24 07:39:31,586 - INFO - Valid Loss: 1.9653
2026-08-24 07:39:32,821 - INFO - Epoch 444/1000, Train Loss: 1.6396
2026-08-24 07:39:33,441 - INFO - Valid Loss: 1.9653
2026-08-24 07:39:34,683 - INFO - Epoch 445/1000, Train Loss: 1.6452
2026-08-24 07:39:35,299 - INFO - Valid Loss: 1.9618
2026-08-24 07:39:35,317 - INFO - Best model saved: 1.9618
2026-08-24 07:39:36,565 - INFO - Epoch 446/1000, Train Loss: 1.6464
2026-08-24 07:39:37,225 - INFO - Valid Loss: 1.9584
2026-08-24 07:39:37,241 - INFO - Best model saved: 1.9584
2026-08-24 07:39:38,503 - INFO - Epoch 447/1000, Train Loss: 1.6426
2026-08-24 07:39:39,142 - INFO - Valid Loss: 1.9632
2026-08-24 07:39:40,389 - INFO - Epoch 448/1000, Train Loss: 1.6420
2026-08-24 07:39:41,006 - INFO - Valid Loss: 1.9616
2026-08-24 07:39:42,267 - INFO - Epoch 449/1000, Train Loss: 1.6448
2026-08-24 07:39:42,879 - INFO - Valid Loss: 1.9624
2026-08-24 07:39:44,130 - INFO - Epoch 450/1000, Train Loss: 1.6376
2026-08-24 07:39:44,764 - INFO - Valid Loss: 1.9599
2026-08-24 07:39:45,999 - INFO - Epoch 451/1000, Train Loss: 1.6412
2026-08-24 07:39:46,617 - INFO - Valid Loss: 1.9672
2026-08-24 07:39:47,884 - INFO - Epoch 452/1000, Train Loss: 1.6376
2026-08-24 07:39:48,522 - INFO - Valid Loss: 1.9639
2026-08-24 07:39:49,771 - INFO - Epoch 453/1000, Train Loss: 1.6358
2026-08-24 07:39:50,391 - INFO - Valid Loss: 1.9614
2026-08-24 07:39:51,633 - INFO - Epoch 454/1000, Train Loss: 1.6339
2026-08-24 07:39:52,252 - INFO - Valid Loss: 1.9607
2026-08-24 07:39:53,482 - INFO - Epoch 455/1000, Train Loss: 1.6350
2026-08-24 07:39:54,102 - INFO - Valid Loss: 1.9561
2026-08-24 07:39:54,119 - INFO - Best model saved: 1.9561
2026-08-24 07:39:55,340 - INFO - Epoch 456/1000, Train Loss: 1.6334
2026-08-24 07:39:55,952 - INFO - Valid Loss: 1.9602
2026-08-24 07:39:57,208 - INFO - Epoch 457/1000, Train Loss: 1.6319
2026-08-24 07:39:57,822 - INFO - Valid Loss: 1.9540
2026-08-24 07:39:57,839 - INFO - Best model saved: 1.9540
2026-08-24 07:39:59,096 - INFO - Epoch 458/1000, Train Loss: 1.6319
2026-08-24 07:39:59,705 - INFO - Valid Loss: 1.9537
2026-08-24 07:39:59,721 - INFO - Best model saved: 1.9537
2026-08-24 07:40:00,966 - INFO - Epoch 459/1000, Train Loss: 1.6325
2026-08-24 07:40:01,575 - INFO - Valid Loss: 1.9504
2026-08-24 07:40:01,593 - INFO - Best model saved: 1.9504
2026-08-24 07:40:02,815 - INFO - Epoch 460/1000, Train Loss: 1.6334
2026-08-24 07:40:03,432 - INFO - Valid Loss: 1.9560
2026-08-24 07:40:04,661 - INFO - Epoch 461/1000, Train Loss: 1.6325
2026-08-24 07:40:05,276 - INFO - Valid Loss: 1.9561
2026-08-24 07:40:06,526 - INFO - Epoch 462/1000, Train Loss: 1.6331
2026-08-24 07:40:07,169 - INFO - Valid Loss: 1.9539
2026-08-24 07:40:08,450 - INFO - Epoch 463/1000, Train Loss: 1.6255
2026-08-24 07:40:09,057 - INFO - Valid Loss: 1.9532
2026-08-24 07:40:10,304 - INFO - Epoch 464/1000, Train Loss: 1.6291
2026-08-24 07:40:10,919 - INFO - Valid Loss: 1.9511
2026-08-24 07:40:12,164 - INFO - Epoch 465/1000, Train Loss: 1.6326
2026-08-24 07:40:12,788 - INFO - Valid Loss: 1.9562
2026-08-24 07:40:14,035 - INFO - Epoch 466/1000, Train Loss: 1.6284
2026-08-24 07:40:14,645 - INFO - Valid Loss: 1.9504
2026-08-24 07:40:15,890 - INFO - Epoch 467/1000, Train Loss: 1.6299
2026-08-24 07:40:16,518 - INFO - Valid Loss: 1.9477
2026-08-24 07:40:16,535 - INFO - Best model saved: 1.9477
2026-08-24 07:40:17,771 - INFO - Epoch 468/1000, Train Loss: 1.6300
2026-08-24 07:40:18,483 - INFO - Valid Loss: 1.9487
2026-08-24 07:40:19,722 - INFO - Epoch 469/1000, Train Loss: 1.6186
2026-08-24 07:40:20,342 - INFO - Valid Loss: 1.9513
2026-08-24 07:40:21,577 - INFO - Epoch 470/1000, Train Loss: 1.6258
2026-08-24 07:40:22,200 - INFO - Valid Loss: 1.9502
2026-08-24 07:40:23,415 - INFO - Epoch 471/1000, Train Loss: 1.6242
2026-08-24 07:40:24,030 - INFO - Valid Loss: 1.9444
2026-08-24 07:40:24,047 - INFO - Best model saved: 1.9444
2026-08-24 07:40:25,327 - INFO - Epoch 472/1000, Train Loss: 1.6155
2026-08-24 07:40:25,974 - INFO - Valid Loss: 1.9501
2026-08-24 07:40:27,246 - INFO - Epoch 473/1000, Train Loss: 1.6208
2026-08-24 07:40:27,871 - INFO - Valid Loss: 1.9484
2026-08-24 07:40:29,139 - INFO - Epoch 474/1000, Train Loss: 1.6227
2026-08-24 07:40:29,769 - INFO - Valid Loss: 1.9496
2026-08-24 07:40:31,106 - INFO - Epoch 475/1000, Train Loss: 1.6197
2026-08-24 07:40:31,732 - INFO - Valid Loss: 1.9493
2026-08-24 07:40:32,983 - INFO - Epoch 476/1000, Train Loss: 1.6206
2026-08-24 07:40:33,600 - INFO - Valid Loss: 1.9473
2026-08-24 07:40:34,862 - INFO - Epoch 477/1000, Train Loss: 1.6204
2026-08-24 07:40:35,482 - INFO - Valid Loss: 1.9468
2026-08-24 07:40:36,734 - INFO - Epoch 478/1000, Train Loss: 1.6141
2026-08-24 07:40:37,352 - INFO - Valid Loss: 1.9484
2026-08-24 07:40:38,602 - INFO - Epoch 479/1000, Train Loss: 1.6155
2026-08-24 07:40:39,222 - INFO - Valid Loss: 1.9435
2026-08-24 07:40:39,240 - INFO - Best model saved: 1.9435
2026-08-24 07:40:40,492 - INFO - Epoch 480/1000, Train Loss: 1.6103
2026-08-24 07:40:41,113 - INFO - Valid Loss: 1.9433
2026-08-24 07:40:41,131 - INFO - Best model saved: 1.9433
2026-08-24 07:40:42,397 - INFO - Epoch 481/1000, Train Loss: 1.6104
2026-08-24 07:40:43,007 - INFO - Valid Loss: 1.9488
2026-08-24 07:40:44,265 - INFO - Epoch 482/1000, Train Loss: 1.6189
2026-08-24 07:40:44,880 - INFO - Valid Loss: 1.9443
2026-08-24 07:40:46,132 - INFO - Epoch 483/1000, Train Loss: 1.6138
2026-08-24 07:40:46,754 - INFO - Valid Loss: 1.9415
2026-08-24 07:40:46,771 - INFO - Best model saved: 1.9415
2026-08-24 07:40:48,017 - INFO - Epoch 484/1000, Train Loss: 1.6092
2026-08-24 07:40:48,636 - INFO - Valid Loss: 1.9422
2026-08-24 07:40:49,887 - INFO - Epoch 485/1000, Train Loss: 1.6109
2026-08-24 07:40:50,507 - INFO - Valid Loss: 1.9461
2026-08-24 07:40:51,725 - INFO - Epoch 486/1000, Train Loss: 1.6133
2026-08-24 07:40:52,360 - INFO - Valid Loss: 1.9448
2026-08-24 07:40:53,595 - INFO - Epoch 487/1000, Train Loss: 1.6121
2026-08-24 07:40:54,210 - INFO - Valid Loss: 1.9416
2026-08-24 07:40:55,458 - INFO - Epoch 488/1000, Train Loss: 1.6060
2026-08-24 07:40:56,083 - INFO - Valid Loss: 1.9384
2026-08-24 07:40:56,100 - INFO - Best model saved: 1.9384
2026-08-24 07:40:57,353 - INFO - Epoch 489/1000, Train Loss: 1.6096
2026-08-24 07:40:57,990 - INFO - Valid Loss: 1.9353
2026-08-24 07:40:58,008 - INFO - Best model saved: 1.9353
2026-08-24 07:40:59,248 - INFO - Epoch 490/1000, Train Loss: 1.6077
2026-08-24 07:40:59,866 - INFO - Valid Loss: 1.9422
2026-08-24 07:41:01,130 - INFO - Epoch 491/1000, Train Loss: 1.6080
2026-08-24 07:41:01,748 - INFO - Valid Loss: 1.9420
2026-08-24 07:41:02,982 - INFO - Epoch 492/1000, Train Loss: 1.6073
2026-08-24 07:41:03,614 - INFO - Valid Loss: 1.9443
2026-08-24 07:41:04,856 - INFO - Epoch 493/1000, Train Loss: 1.6007
2026-08-24 07:41:05,480 - INFO - Valid Loss: 1.9431
2026-08-24 07:41:06,742 - INFO - Epoch 494/1000, Train Loss: 1.6078
2026-08-24 07:41:07,354 - INFO - Valid Loss: 1.9370
2026-08-24 07:41:08,612 - INFO - Epoch 495/1000, Train Loss: 1.6062
2026-08-24 07:41:09,233 - INFO - Valid Loss: 1.9393
2026-08-24 07:41:10,494 - INFO - Epoch 496/1000, Train Loss: 1.6043
2026-08-24 07:41:11,105 - INFO - Valid Loss: 1.9377
2026-08-24 07:41:12,321 - INFO - Epoch 497/1000, Train Loss: 1.6070
2026-08-24 07:41:12,927 - INFO - Valid Loss: 1.9386
2026-08-24 07:41:14,150 - INFO - Epoch 498/1000, Train Loss: 1.6032
2026-08-24 07:41:14,748 - INFO - Valid Loss: 1.9316
2026-08-24 07:41:14,765 - INFO - Best model saved: 1.9316
2026-08-24 07:41:15,990 - INFO - Epoch 499/1000, Train Loss: 1.5982
2026-08-24 07:41:16,609 - INFO - Valid Loss: 1.9365
2026-08-24 07:41:17,852 - INFO - Epoch 500/1000, Train Loss: 1.6068
2026-08-24 07:41:18,515 - INFO - Valid Loss: 1.9334
2026-08-24 07:41:19,742 - INFO - Epoch 501/1000, Train Loss: 1.6034
2026-08-24 07:41:20,358 - INFO - Valid Loss: 1.9355
2026-08-24 07:41:21,590 - INFO - Epoch 502/1000, Train Loss: 1.5980
2026-08-24 07:41:22,208 - INFO - Valid Loss: 1.9366
2026-08-24 07:41:23,431 - INFO - Epoch 503/1000, Train Loss: 1.5985
2026-08-24 07:41:24,054 - INFO - Valid Loss: 1.9378
2026-08-24 07:41:25,282 - INFO - Epoch 504/1000, Train Loss: 1.5971
2026-08-24 07:41:25,887 - INFO - Valid Loss: 1.9318
2026-08-24 07:41:27,135 - INFO - Epoch 505/1000, Train Loss: 1.5977
2026-08-24 07:41:27,757 - INFO - Valid Loss: 1.9330
2026-08-24 07:41:28,987 - INFO - Epoch 506/1000, Train Loss: 1.5987
2026-08-24 07:41:29,614 - INFO - Valid Loss: 1.9305
2026-08-24 07:41:29,631 - INFO - Best model saved: 1.9305
2026-08-24 07:41:30,898 - INFO - Epoch 507/1000, Train Loss: 1.6008
2026-08-24 07:41:31,524 - INFO - Valid Loss: 1.9307
2026-08-24 07:41:32,776 - INFO - Epoch 508/1000, Train Loss: 1.5951
2026-08-24 07:41:33,417 - INFO - Valid Loss: 1.9359
2026-08-24 07:41:34,713 - INFO - Epoch 509/1000, Train Loss: 1.5921
2026-08-24 07:41:35,339 - INFO - Valid Loss: 1.9354
2026-08-24 07:41:36,603 - INFO - Epoch 510/1000, Train Loss: 1.6015
2026-08-24 07:41:37,281 - INFO - Valid Loss: 1.9363
2026-08-24 07:41:38,527 - INFO - Epoch 511/1000, Train Loss: 1.5916
2026-08-24 07:41:39,141 - INFO - Valid Loss: 1.9309
2026-08-24 07:41:40,379 - INFO - Epoch 512/1000, Train Loss: 1.5952
2026-08-24 07:41:40,995 - INFO - Valid Loss: 1.9299
2026-08-24 07:41:41,014 - INFO - Best model saved: 1.9299
2026-08-24 07:41:42,248 - INFO - Epoch 513/1000, Train Loss: 1.5933
2026-08-24 07:41:42,856 - INFO - Valid Loss: 1.9311
2026-08-24 07:41:44,083 - INFO - Epoch 514/1000, Train Loss: 1.5895
2026-08-24 07:41:44,698 - INFO - Valid Loss: 1.9301
2026-08-24 07:41:45,938 - INFO - Epoch 515/1000, Train Loss: 1.5866
2026-08-24 07:41:46,548 - INFO - Valid Loss: 1.9308
2026-08-24 07:41:47,781 - INFO - Epoch 516/1000, Train Loss: 1.5921
2026-08-24 07:41:48,397 - INFO - Valid Loss: 1.9316
2026-08-24 07:41:49,628 - INFO - Epoch 517/1000, Train Loss: 1.5875
2026-08-24 07:41:50,275 - INFO - Valid Loss: 1.9284
2026-08-24 07:41:50,292 - INFO - Best model saved: 1.9284
2026-08-24 07:41:51,521 - INFO - Epoch 518/1000, Train Loss: 1.5851
2026-08-24 07:41:52,150 - INFO - Valid Loss: 1.9304
2026-08-24 07:41:53,418 - INFO - Epoch 519/1000, Train Loss: 1.5916
2026-08-24 07:41:54,019 - INFO - Valid Loss: 1.9248
2026-08-24 07:41:54,036 - INFO - Best model saved: 1.9248
2026-08-24 07:41:55,246 - INFO - Epoch 520/1000, Train Loss: 1.5870
2026-08-24 07:41:55,868 - INFO - Valid Loss: 1.9255
2026-08-24 07:41:57,109 - INFO - Epoch 521/1000, Train Loss: 1.5888
2026-08-24 07:41:57,725 - INFO - Valid Loss: 1.9238
2026-08-24 07:41:57,741 - INFO - Best model saved: 1.9238
2026-08-24 07:41:58,980 - INFO - Epoch 522/1000, Train Loss: 1.5905
2026-08-24 07:41:59,597 - INFO - Valid Loss: 1.9257
2026-08-24 07:42:00,820 - INFO - Epoch 523/1000, Train Loss: 1.5860
2026-08-24 07:42:01,447 - INFO - Valid Loss: 1.9296
2026-08-24 07:42:02,712 - INFO - Epoch 524/1000, Train Loss: 1.5906
2026-08-24 07:42:03,341 - INFO - Valid Loss: 1.9272
2026-08-24 07:42:04,588 - INFO - Epoch 525/1000, Train Loss: 1.5828
2026-08-24 07:42:05,203 - INFO - Valid Loss: 1.9229
2026-08-24 07:42:05,219 - INFO - Best model saved: 1.9229
2026-08-24 07:42:06,466 - INFO - Epoch 526/1000, Train Loss: 1.5836
2026-08-24 07:42:07,097 - INFO - Valid Loss: 1.9211
2026-08-24 07:42:07,114 - INFO - Best model saved: 1.9211
2026-08-24 07:42:08,476 - INFO - Epoch 527/1000, Train Loss: 1.5837
2026-08-24 07:42:09,150 - INFO - Valid Loss: 1.9254
2026-08-24 07:42:10,397 - INFO - Epoch 528/1000, Train Loss: 1.5851
2026-08-24 07:42:11,020 - INFO - Valid Loss: 1.9198
2026-08-24 07:42:11,037 - INFO - Best model saved: 1.9198
2026-08-24 07:42:12,288 - INFO - Epoch 529/1000, Train Loss: 1.5848
2026-08-24 07:42:12,900 - INFO - Valid Loss: 1.9265
2026-08-24 07:42:14,146 - INFO - Epoch 530/1000, Train Loss: 1.5792
2026-08-24 07:42:14,762 - INFO - Valid Loss: 1.9239
2026-08-24 07:42:16,012 - INFO - Epoch 531/1000, Train Loss: 1.5809
2026-08-24 07:42:16,633 - INFO - Valid Loss: 1.9214
2026-08-24 07:42:17,870 - INFO - Epoch 532/1000, Train Loss: 1.5799
2026-08-24 07:42:18,489 - INFO - Valid Loss: 1.9254
2026-08-24 07:42:19,731 - INFO - Epoch 533/1000, Train Loss: 1.5768
2026-08-24 07:42:20,351 - INFO - Valid Loss: 1.9244
2026-08-24 07:42:21,592 - INFO - Epoch 534/1000, Train Loss: 1.5788
2026-08-24 07:42:22,217 - INFO - Valid Loss: 1.9229
2026-08-24 07:42:23,466 - INFO - Epoch 535/1000, Train Loss: 1.5759
2026-08-24 07:42:24,082 - INFO - Valid Loss: 1.9229
2026-08-24 07:42:25,336 - INFO - Epoch 536/1000, Train Loss: 1.5844
2026-08-24 07:42:25,952 - INFO - Valid Loss: 1.9178
2026-08-24 07:42:25,969 - INFO - Best model saved: 1.9178
2026-08-24 07:42:27,205 - INFO - Epoch 537/1000, Train Loss: 1.5756
2026-08-24 07:42:27,815 - INFO - Valid Loss: 1.9154
2026-08-24 07:42:27,832 - INFO - Best model saved: 1.9154
2026-08-24 07:42:29,094 - INFO - Epoch 538/1000, Train Loss: 1.5743
2026-08-24 07:42:29,706 - INFO - Valid Loss: 1.9278
2026-08-24 07:42:30,971 - INFO - Epoch 539/1000, Train Loss: 1.5711
2026-08-24 07:42:31,589 - INFO - Valid Loss: 1.9206
2026-08-24 07:42:32,826 - INFO - Epoch 540/1000, Train Loss: 1.5738
2026-08-24 07:42:33,453 - INFO - Valid Loss: 1.9177
2026-08-24 07:42:34,706 - INFO - Epoch 541/1000, Train Loss: 1.5742
2026-08-24 07:42:35,329 - INFO - Valid Loss: 1.9162
2026-08-24 07:42:36,568 - INFO - Epoch 542/1000, Train Loss: 1.5719
2026-08-24 07:42:37,229 - INFO - Valid Loss: 1.9217
2026-08-24 07:42:38,482 - INFO - Epoch 543/1000, Train Loss: 1.5781
2026-08-24 07:42:39,101 - INFO - Valid Loss: 1.9174
2026-08-24 07:42:40,345 - INFO - Epoch 544/1000, Train Loss: 1.5707
2026-08-24 07:42:40,962 - INFO - Valid Loss: 1.9200
2026-08-24 07:42:42,222 - INFO - Epoch 545/1000, Train Loss: 1.5674
2026-08-24 07:42:42,837 - INFO - Valid Loss: 1.9213
2026-08-24 07:42:44,063 - INFO - Epoch 546/1000, Train Loss: 1.5701
2026-08-24 07:42:44,683 - INFO - Valid Loss: 1.9187
2026-08-24 07:42:45,924 - INFO - Epoch 547/1000, Train Loss: 1.5684
2026-08-24 07:42:46,541 - INFO - Valid Loss: 1.9247
2026-08-24 07:42:46,541 - INFO - Early stopping triggered.
2026-08-24 07:42:47,289 - INFO - Final Epoch: 537
2026-08-24 07:42:47,289 - INFO - Final Test Recalls: {'Recall@5': 0.03304565577069266, 'Recall@10': 0.050619326566203104, 'Recall@20': 0.07812010910879578}
2026-08-24 07:42:47,289 - INFO - Final Test NDCGs: {'NDCG@5': 0.021238830765975065, 'NDCG@10': 0.026863422525146004, 'NDCG@20': 0.0337957951016979}
2026-08-24 07:50:52,710 - INFO - Config: {'dataset': 'Beauty', 'data': '.parquet', 'dataset_path': '../data/Beauty', 'batch_size': 128, 'infer_size': 128, 'num_epochs': 1000, 'lr': 0.001, 'weight_decay': 0.0, 'device': 'cuda', 'max_len': 200, 'embedding_dim': 64, 'num_blocks': 2, 'num_heads': 4, 'dqk': 32, 'dv': 32, 'dropout_rate': 0.1, 'num_negatives': 128, 'temperature': 0.05, 'item_l2_norm': True, 'early_stop': 10, 'topk_list': [5, 10, 20], 'seed': 2025, 'type': 'train', 'ckpt_path': 'None', 'save_path': './ckpt/hstu_Beauty.pth', 'log_path': './logs/hstu_Beauty.log'}
2026-08-24 07:50:53,701 - INFO - #Total params: 869824
2026-08-24 07:51:01,926 - INFO - Epoch 1/1000, Train Loss: 41.4184
2026-08-24 07:51:02,564 - INFO - Valid Loss: 37.5761
2026-08-24 07:51:02,584 - INFO - Best model saved: 37.5761
2026-08-24 07:51:03,875 - INFO - Epoch 2/1000, Train Loss: 33.1425
2026-08-24 07:51:04,500 - INFO - Valid Loss: 29.4112
2026-08-24 07:51:04,518 - INFO - Best model saved: 29.4112
2026-08-24 07:51:05,811 - INFO - Epoch 3/1000, Train Loss: 24.5982
2026-08-24 07:51:06,446 - INFO - Valid Loss: 16.4152
2026-08-24 07:51:06,464 - INFO - Best model saved: 16.4152
2026-08-24 07:51:07,765 - INFO - Epoch 4/1000, Train Loss: 8.7002
2026-08-24 07:51:08,400 - INFO - Valid Loss: 5.8457
2026-08-24 07:51:08,419 - INFO - Best model saved: 5.8457
2026-08-24 07:51:09,718 - INFO - Epoch 5/1000, Train Loss: 5.7170
2026-08-24 07:51:10,351 - INFO - Valid Loss: 5.4420
2026-08-24 07:51:10,371 - INFO - Best model saved: 5.4420
2026-08-24 07:51:11,644 - INFO - Epoch 6/1000, Train Loss: 5.3841
2026-08-24 07:51:12,268 - INFO - Valid Loss: 5.2198
2026-08-24 07:51:12,287 - INFO - Best model saved: 5.2198
2026-08-24 07:51:13,576 - INFO - Epoch 7/1000, Train Loss: 5.1780
2026-08-24 07:51:14,197 - INFO - Valid Loss: 5.0685
2026-08-24 07:51:14,217 - INFO - Best model saved: 5.0685
2026-08-24 07:51:15,488 - INFO - Epoch 8/1000, Train Loss: 5.0398
2026-08-24 07:51:16,118 - INFO - Valid Loss: 4.9682
2026-08-24 07:51:16,136 - INFO - Best model saved: 4.9682
2026-08-24 07:51:17,425 - INFO - Epoch 9/1000, Train Loss: 4.9472
2026-08-24 07:51:18,055 - INFO - Valid Loss: 4.9003
2026-08-24 07:51:18,076 - INFO - Best model saved: 4.9003
2026-08-24 07:51:19,353 - INFO - Epoch 10/1000, Train Loss: 4.8872
2026-08-24 07:51:19,983 - INFO - Valid Loss: 4.8577
2026-08-24 07:51:20,003 - INFO - Best model saved: 4.8577
2026-08-24 07:51:21,295 - INFO - Epoch 11/1000, Train Loss: 4.8499
2026-08-24 07:51:21,938 - INFO - Valid Loss: 4.8323
2026-08-24 07:51:21,957 - INFO - Best model saved: 4.8323
2026-08-24 07:51:23,229 - INFO - Epoch 12/1000, Train Loss: 4.8263
2026-08-24 07:51:23,841 - INFO - Valid Loss: 4.8119
2026-08-24 07:51:23,860 - INFO - Best model saved: 4.8119
2026-08-24 07:51:25,153 - INFO - Epoch 13/1000, Train Loss: 4.8071
2026-08-24 07:51:25,768 - INFO - Valid Loss: 4.7952
2026-08-24 07:51:25,789 - INFO - Best model saved: 4.7952
2026-08-24 07:51:27,073 - INFO - Epoch 14/1000, Train Loss: 4.7873
2026-08-24 07:51:27,706 - INFO - Valid Loss: 4.7736
2026-08-24 07:51:27,724 - INFO - Best model saved: 4.7736
2026-08-24 07:51:28,975 - INFO - Epoch 15/1000, Train Loss: 4.7607
2026-08-24 07:51:29,598 - INFO - Valid Loss: 4.7480
2026-08-24 07:51:29,617 - INFO - Best model saved: 4.7480
2026-08-24 07:51:30,879 - INFO - Epoch 16/1000, Train Loss: 4.7244
2026-08-24 07:51:31,527 - INFO - Valid Loss: 4.7089
2026-08-24 07:51:31,547 - INFO - Best model saved: 4.7089
2026-08-24 07:51:32,820 - INFO - Epoch 17/1000, Train Loss: 4.6853
2026-08-24 07:51:33,449 - INFO - Valid Loss: 4.6666
2026-08-24 07:51:33,468 - INFO - Best model saved: 4.6666
2026-08-24 07:51:34,741 - INFO - Epoch 18/1000, Train Loss: 4.6309
2026-08-24 07:51:35,370 - INFO - Valid Loss: 4.6148
2026-08-24 07:51:35,389 - INFO - Best model saved: 4.6148
2026-08-24 07:51:36,657 - INFO - Epoch 19/1000, Train Loss: 4.5716
2026-08-24 07:51:37,296 - INFO - Valid Loss: 4.5532
2026-08-24 07:51:37,315 - INFO - Best model saved: 4.5532
2026-08-24 07:51:38,588 - INFO - Epoch 20/1000, Train Loss: 4.5030
2026-08-24 07:51:39,233 - INFO - Valid Loss: 4.4942
2026-08-24 07:51:39,256 - INFO - Best model saved: 4.4942
2026-08-24 07:51:40,508 - INFO - Epoch 21/1000, Train Loss: 4.4291
2026-08-24 07:51:41,130 - INFO - Valid Loss: 4.4267
2026-08-24 07:51:41,149 - INFO - Best model saved: 4.4267
2026-08-24 07:51:42,397 - INFO - Epoch 22/1000, Train Loss: 4.3575
2026-08-24 07:51:43,019 - INFO - Valid Loss: 4.3589
2026-08-24 07:51:43,038 - INFO - Best model saved: 4.3589
2026-08-24 07:51:44,310 - INFO - Epoch 23/1000, Train Loss: 4.2913
2026-08-24 07:51:44,947 - INFO - Valid Loss: 4.3043
2026-08-24 07:51:44,969 - INFO - Best model saved: 4.3043
2026-08-24 07:51:46,249 - INFO - Epoch 24/1000, Train Loss: 4.2271
2026-08-24 07:51:46,866 - INFO - Valid Loss: 4.2437
2026-08-24 07:51:46,884 - INFO - Best model saved: 4.2437
2026-08-24 07:51:48,165 - INFO - Epoch 25/1000, Train Loss: 4.1740
2026-08-24 07:51:48,796 - INFO - Valid Loss: 4.1925
2026-08-24 07:51:48,815 - INFO - Best model saved: 4.1925
2026-08-24 07:51:50,081 - INFO - Epoch 26/1000, Train Loss: 4.1212
2026-08-24 07:51:50,703 - INFO - Valid Loss: 4.1485
2026-08-24 07:51:50,723 - INFO - Best model saved: 4.1485
2026-08-24 07:51:52,056 - INFO - Epoch 27/1000, Train Loss: 4.0703
2026-08-24 07:51:52,666 - INFO - Valid Loss: 4.0989
2026-08-24 07:51:52,685 - INFO - Best model saved: 4.0989
2026-08-24 07:51:53,957 - INFO - Epoch 28/1000, Train Loss: 4.0265
2026-08-24 07:51:54,583 - INFO - Valid Loss: 4.0572
2026-08-24 07:51:54,603 - INFO - Best model saved: 4.0572
2026-08-24 07:51:55,867 - INFO - Epoch 29/1000, Train Loss: 3.9776
2026-08-24 07:51:56,506 - INFO - Valid Loss: 4.0147
2026-08-24 07:51:56,525 - INFO - Best model saved: 4.0147
2026-08-24 07:51:57,791 - INFO - Epoch 30/1000, Train Loss: 3.9460
2026-08-24 07:51:58,413 - INFO - Valid Loss: 3.9817
2026-08-24 07:51:58,432 - INFO - Best model saved: 3.9817
2026-08-24 07:51:59,702 - INFO - Epoch 31/1000, Train Loss: 3.9102
2026-08-24 07:52:00,411 - INFO - Valid Loss: 3.9461
2026-08-24 07:52:00,430 - INFO - Best model saved: 3.9461
2026-08-24 07:52:01,688 - INFO - Epoch 32/1000, Train Loss: 3.8777
2026-08-24 07:52:02,312 - INFO - Valid Loss: 3.9160
2026-08-24 07:52:02,331 - INFO - Best model saved: 3.9160
2026-08-24 07:52:03,601 - INFO - Epoch 33/1000, Train Loss: 3.8452
2026-08-24 07:52:04,218 - INFO - Valid Loss: 3.8846
2026-08-24 07:52:04,236 - INFO - Best model saved: 3.8846
2026-08-24 07:52:05,517 - INFO - Epoch 34/1000, Train Loss: 3.8154
2026-08-24 07:52:06,145 - INFO - Valid Loss: 3.8594
2026-08-24 07:52:06,164 - INFO - Best model saved: 3.8594
2026-08-24 07:52:07,440 - INFO - Epoch 35/1000, Train Loss: 3.7858
2026-08-24 07:52:08,093 - INFO - Valid Loss: 3.8345
2026-08-24 07:52:08,112 - INFO - Best model saved: 3.8345
2026-08-24 07:52:09,405 - INFO - Epoch 36/1000, Train Loss: 3.7648
2026-08-24 07:52:10,044 - INFO - Valid Loss: 3.8084
2026-08-24 07:52:10,063 - INFO - Best model saved: 3.8084
2026-08-24 07:52:11,332 - INFO - Epoch 37/1000, Train Loss: 3.7434
2026-08-24 07:52:11,954 - INFO - Valid Loss: 3.7827
2026-08-24 07:52:11,975 - INFO - Best model saved: 3.7827
2026-08-24 07:52:13,245 - INFO - Epoch 38/1000, Train Loss: 3.7146
2026-08-24 07:52:13,869 - INFO - Valid Loss: 3.7559
2026-08-24 07:52:13,887 - INFO - Best model saved: 3.7559
2026-08-24 07:52:15,175 - INFO - Epoch 39/1000, Train Loss: 3.6904
2026-08-24 07:52:15,814 - INFO - Valid Loss: 3.7363
2026-08-24 07:52:15,832 - INFO - Best model saved: 3.7363
2026-08-24 07:52:17,100 - INFO - Epoch 40/1000, Train Loss: 3.6717
2026-08-24 07:52:17,724 - INFO - Valid Loss: 3.7126
2026-08-24 07:52:17,742 - INFO - Best model saved: 3.7126
2026-08-24 07:52:19,064 - INFO - Epoch 41/1000, Train Loss: 3.6436
2026-08-24 07:52:19,679 - INFO - Valid Loss: 3.6884
2026-08-24 07:52:19,698 - INFO - Best model saved: 3.6884
2026-08-24 07:52:20,969 - INFO - Epoch 42/1000, Train Loss: 3.6215
2026-08-24 07:52:21,600 - INFO - Valid Loss: 3.6654
2026-08-24 07:52:21,618 - INFO - Best model saved: 3.6654
2026-08-24 07:52:22,903 - INFO - Epoch 43/1000, Train Loss: 3.5999
2026-08-24 07:52:23,526 - INFO - Valid Loss: 3.6438
2026-08-24 07:52:23,544 - INFO - Best model saved: 3.6438
2026-08-24 07:52:24,801 - INFO - Epoch 44/1000, Train Loss: 3.5769
2026-08-24 07:52:25,430 - INFO - Valid Loss: 3.6177
2026-08-24 07:52:25,448 - INFO - Best model saved: 3.6177
2026-08-24 07:52:26,701 - INFO - Epoch 45/1000, Train Loss: 3.5578
2026-08-24 07:52:27,381 - INFO - Valid Loss: 3.5949
2026-08-24 07:52:27,401 - INFO - Best model saved: 3.5949
2026-08-24 07:52:28,668 - INFO - Epoch 46/1000, Train Loss: 3.5331
2026-08-24 07:52:29,306 - INFO - Valid Loss: 3.5672
2026-08-24 07:52:29,324 - INFO - Best model saved: 3.5672
2026-08-24 07:52:30,587 - INFO - Epoch 47/1000, Train Loss: 3.5050
2026-08-24 07:52:31,213 - INFO - Valid Loss: 3.5422
2026-08-24 07:52:31,231 - INFO - Best model saved: 3.5422
2026-08-24 07:52:32,532 - INFO - Epoch 48/1000, Train Loss: 3.4867
2026-08-24 07:52:33,161 - INFO - Valid Loss: 3.5150
2026-08-24 07:52:33,180 - INFO - Best model saved: 3.5150
2026-08-24 07:52:34,471 - INFO - Epoch 49/1000, Train Loss: 3.4582
2026-08-24 07:52:35,101 - INFO - Valid Loss: 3.4935
2026-08-24 07:52:35,119 - INFO - Best model saved: 3.4935
2026-08-24 07:52:36,375 - INFO - Epoch 50/1000, Train Loss: 3.4369
2026-08-24 07:52:37,010 - INFO - Valid Loss: 3.4576
2026-08-24 07:52:37,029 - INFO - Best model saved: 3.4576
2026-08-24 07:52:38,319 - INFO - Epoch 51/1000, Train Loss: 3.4104
2026-08-24 07:52:38,950 - INFO - Valid Loss: 3.4364
2026-08-24 07:52:38,969 - INFO - Best model saved: 3.4364
2026-08-24 07:52:40,240 - INFO - Epoch 52/1000, Train Loss: 3.3860
2026-08-24 07:52:40,866 - INFO - Valid Loss: 3.4102
2026-08-24 07:52:40,885 - INFO - Best model saved: 3.4102
2026-08-24 07:52:42,138 - INFO - Epoch 53/1000, Train Loss: 3.3557
2026-08-24 07:52:42,753 - INFO - Valid Loss: 3.3820
2026-08-24 07:52:42,771 - INFO - Best model saved: 3.3820
2026-08-24 07:52:44,048 - INFO - Epoch 54/1000, Train Loss: 3.3379
2026-08-24 07:52:44,678 - INFO - Valid Loss: 3.3571
2026-08-24 07:52:44,698 - INFO - Best model saved: 3.3571
2026-08-24 07:52:45,968 - INFO - Epoch 55/1000, Train Loss: 3.3103
2026-08-24 07:52:46,599 - INFO - Valid Loss: 3.3295
2026-08-24 07:52:46,618 - INFO - Best model saved: 3.3295
2026-08-24 07:52:47,907 - INFO - Epoch 56/1000, Train Loss: 3.2831
2026-08-24 07:52:48,526 - INFO - Valid Loss: 3.3053
2026-08-24 07:52:48,546 - INFO - Best model saved: 3.3053
2026-08-24 07:52:49,828 - INFO - Epoch 57/1000, Train Loss: 3.2601
2026-08-24 07:52:50,454 - INFO - Valid Loss: 3.2806
2026-08-24 07:52:50,473 - INFO - Best model saved: 3.2806
2026-08-24 07:52:51,741 - INFO - Epoch 58/1000, Train Loss: 3.2354
2026-08-24 07:52:52,383 - INFO - Valid Loss: 3.2563
2026-08-24 07:52:52,402 - INFO - Best model saved: 3.2563
2026-08-24 07:52:53,700 - INFO - Epoch 59/1000, Train Loss: 3.2152
2026-08-24 07:52:54,342 - INFO - Valid Loss: 3.2327
2026-08-24 07:52:54,360 - INFO - Best model saved: 3.2327
2026-08-24 07:52:55,653 - INFO - Epoch 60/1000, Train Loss: 3.1941
2026-08-24 07:52:56,284 - INFO - Valid Loss: 3.2059
2026-08-24 07:52:56,304 - INFO - Best model saved: 3.2059
2026-08-24 07:52:57,580 - INFO - Epoch 61/1000, Train Loss: 3.1672
2026-08-24 07:52:58,196 - INFO - Valid Loss: 3.1825
2026-08-24 07:52:58,215 - INFO - Best model saved: 3.1825
2026-08-24 07:52:59,469 - INFO - Epoch 62/1000, Train Loss: 3.1479
2026-08-24 07:53:00,098 - INFO - Valid Loss: 3.1590
2026-08-24 07:53:00,118 - INFO - Best model saved: 3.1590
2026-08-24 07:53:01,374 - INFO - Epoch 63/1000, Train Loss: 3.1199
2026-08-24 07:53:02,003 - INFO - Valid Loss: 3.1359
2026-08-24 07:53:02,022 - INFO - Best model saved: 3.1359
2026-08-24 07:53:03,301 - INFO - Epoch 64/1000, Train Loss: 3.1010
2026-08-24 07:53:03,931 - INFO - Valid Loss: 3.1190
2026-08-24 07:53:03,951 - INFO - Best model saved: 3.1190
2026-08-24 07:53:05,215 - INFO - Epoch 65/1000, Train Loss: 3.0786
2026-08-24 07:53:05,829 - INFO - Valid Loss: 3.0923
2026-08-24 07:53:05,848 - INFO - Best model saved: 3.0923
2026-08-24 07:53:07,113 - INFO - Epoch 66/1000, Train Loss: 3.0588
2026-08-24 07:53:07,745 - INFO - Valid Loss: 3.0729
2026-08-24 07:53:07,764 - INFO - Best model saved: 3.0729
2026-08-24 07:53:09,077 - INFO - Epoch 67/1000, Train Loss: 3.0346
2026-08-24 07:53:09,698 - INFO - Valid Loss: 3.0514
2026-08-24 07:53:09,715 - INFO - Best model saved: 3.0514
2026-08-24 07:53:10,968 - INFO - Epoch 68/1000, Train Loss: 3.0195
2026-08-24 07:53:11,591 - INFO - Valid Loss: 3.0331
2026-08-24 07:53:11,609 - INFO - Best model saved: 3.0331
2026-08-24 07:53:12,861 - INFO - Epoch 69/1000, Train Loss: 2.9964
2026-08-24 07:53:13,483 - INFO - Valid Loss: 3.0114
2026-08-24 07:53:13,502 - INFO - Best model saved: 3.0114
2026-08-24 07:53:14,763 - INFO - Epoch 70/1000, Train Loss: 2.9755
2026-08-24 07:53:15,389 - INFO - Valid Loss: 2.9934
2026-08-24 07:53:15,407 - INFO - Best model saved: 2.9934
2026-08-24 07:53:16,665 - INFO - Epoch 71/1000, Train Loss: 2.9557
2026-08-24 07:53:17,296 - INFO - Valid Loss: 2.9734
2026-08-24 07:53:17,314 - INFO - Best model saved: 2.9734
2026-08-24 07:53:18,583 - INFO - Epoch 72/1000, Train Loss: 2.9362
2026-08-24 07:53:19,203 - INFO - Valid Loss: 2.9515
2026-08-24 07:53:19,221 - INFO - Best model saved: 2.9515
2026-08-24 07:53:20,479 - INFO - Epoch 73/1000, Train Loss: 2.9211
2026-08-24 07:53:21,098 - INFO - Valid Loss: 2.9384
2026-08-24 07:53:21,115 - INFO - Best model saved: 2.9384
2026-08-24 07:53:22,389 - INFO - Epoch 74/1000, Train Loss: 2.8962
2026-08-24 07:53:23,013 - INFO - Valid Loss: 2.9195
2026-08-24 07:53:23,031 - INFO - Best model saved: 2.9195
2026-08-24 07:53:24,301 - INFO - Epoch 75/1000, Train Loss: 2.8780
2026-08-24 07:53:24,923 - INFO - Valid Loss: 2.9015
2026-08-24 07:53:24,941 - INFO - Best model saved: 2.9015
2026-08-24 07:53:26,209 - INFO - Epoch 76/1000, Train Loss: 2.8644
2026-08-24 07:53:26,818 - INFO - Valid Loss: 2.8846
2026-08-24 07:53:26,836 - INFO - Best model saved: 2.8846
2026-08-24 07:53:28,115 - INFO - Epoch 77/1000, Train Loss: 2.8440
2026-08-24 07:53:28,736 - INFO - Valid Loss: 2.8658
2026-08-24 07:53:28,756 - INFO - Best model saved: 2.8658
2026-08-24 07:53:30,012 - INFO - Epoch 78/1000, Train Loss: 2.8280
2026-08-24 07:53:30,629 - INFO - Valid Loss: 2.8526
2026-08-24 07:53:30,647 - INFO - Best model saved: 2.8526
2026-08-24 07:53:31,893 - INFO - Epoch 79/1000, Train Loss: 2.8074
2026-08-24 07:53:32,524 - INFO - Valid Loss: 2.8336
2026-08-24 07:53:32,543 - INFO - Best model saved: 2.8336
2026-08-24 07:53:33,786 - INFO - Epoch 80/1000, Train Loss: 2.7899
2026-08-24 07:53:34,415 - INFO - Valid Loss: 2.8186
2026-08-24 07:53:34,434 - INFO - Best model saved: 2.8186
2026-08-24 07:53:35,714 - INFO - Epoch 81/1000, Train Loss: 2.7745
2026-08-24 07:53:36,373 - INFO - Valid Loss: 2.8035
2026-08-24 07:53:36,392 - INFO - Best model saved: 2.8035
2026-08-24 07:53:37,668 - INFO - Epoch 82/1000, Train Loss: 2.7555
2026-08-24 07:53:38,295 - INFO - Valid Loss: 2.7847
2026-08-24 07:53:38,313 - INFO - Best model saved: 2.7847
2026-08-24 07:53:39,592 - INFO - Epoch 83/1000, Train Loss: 2.7401
2026-08-24 07:53:40,216 - INFO - Valid Loss: 2.7716
2026-08-24 07:53:40,235 - INFO - Best model saved: 2.7716
2026-08-24 07:53:41,486 - INFO - Epoch 84/1000, Train Loss: 2.7224
2026-08-24 07:53:42,107 - INFO - Valid Loss: 2.7546
2026-08-24 07:53:42,126 - INFO - Best model saved: 2.7546
2026-08-24 07:53:43,383 - INFO - Epoch 85/1000, Train Loss: 2.7057
2026-08-24 07:53:44,033 - INFO - Valid Loss: 2.7434
2026-08-24 07:53:44,053 - INFO - Best model saved: 2.7434
2026-08-24 07:53:45,334 - INFO - Epoch 86/1000, Train Loss: 2.6928
2026-08-24 07:53:45,966 - INFO - Valid Loss: 2.7300
2026-08-24 07:53:45,987 - INFO - Best model saved: 2.7300
2026-08-24 07:53:47,273 - INFO - Epoch 87/1000, Train Loss: 2.6764
2026-08-24 07:53:47,914 - INFO - Valid Loss: 2.7183
2026-08-24 07:53:47,932 - INFO - Best model saved: 2.7183
2026-08-24 07:53:49,223 - INFO - Epoch 88/1000, Train Loss: 2.6598
2026-08-24 07:53:49,852 - INFO - Valid Loss: 2.7014
2026-08-24 07:53:49,870 - INFO - Best model saved: 2.7014
2026-08-24 07:53:51,156 - INFO - Epoch 89/1000, Train Loss: 2.6470
2026-08-24 07:53:51,794 - INFO - Valid Loss: 2.6883
2026-08-24 07:53:51,813 - INFO - Best model saved: 2.6883
2026-08-24 07:53:53,094 - INFO - Epoch 90/1000, Train Loss: 2.6300
2026-08-24 07:53:53,716 - INFO - Valid Loss: 2.6759
2026-08-24 07:53:53,735 - INFO - Best model saved: 2.6759
2026-08-24 07:53:55,032 - INFO - Epoch 91/1000, Train Loss: 2.6165
2026-08-24 07:53:55,659 - INFO - Valid Loss: 2.6591
2026-08-24 07:53:55,678 - INFO - Best model saved: 2.6591
2026-08-24 07:53:56,955 - INFO - Epoch 92/1000, Train Loss: 2.5991
2026-08-24 07:53:57,582 - INFO - Valid Loss: 2.6484
2026-08-24 07:53:57,603 - INFO - Best model saved: 2.6484
2026-08-24 07:53:58,867 - INFO - Epoch 93/1000, Train Loss: 2.5892
2026-08-24 07:53:59,497 - INFO - Valid Loss: 2.6392
2026-08-24 07:53:59,516 - INFO - Best model saved: 2.6392
2026-08-24 07:54:00,799 - INFO - Epoch 94/1000, Train Loss: 2.5714
2026-08-24 07:54:01,424 - INFO - Valid Loss: 2.6237
2026-08-24 07:54:01,442 - INFO - Best model saved: 2.6237
2026-08-24 07:54:02,717 - INFO - Epoch 95/1000, Train Loss: 2.5528
2026-08-24 07:54:03,374 - INFO - Valid Loss: 2.6105
2026-08-24 07:54:03,393 - INFO - Best model saved: 2.6105
2026-08-24 07:54:04,678 - INFO - Epoch 96/1000, Train Loss: 2.5387
2026-08-24 07:54:05,314 - INFO - Valid Loss: 2.5976
2026-08-24 07:54:05,333 - INFO - Best model saved: 2.5976
2026-08-24 07:54:06,627 - INFO - Epoch 97/1000, Train Loss: 2.5271
2026-08-24 07:54:07,379 - INFO - Valid Loss: 2.5900
2026-08-24 07:54:07,398 - INFO - Best model saved: 2.5900
2026-08-24 07:54:08,682 - INFO - Epoch 98/1000, Train Loss: 2.5144
2026-08-24 07:54:09,304 - INFO - Valid Loss: 2.5772
2026-08-24 07:54:09,322 - INFO - Best model saved: 2.5772
2026-08-24 07:54:10,652 - INFO - Epoch 99/1000, Train Loss: 2.5030
2026-08-24 07:54:11,281 - INFO - Valid Loss: 2.5680
2026-08-24 07:54:11,300 - INFO - Best model saved: 2.5680
2026-08-24 07:54:12,557 - INFO - Epoch 100/1000, Train Loss: 2.4893
2026-08-24 07:54:13,183 - INFO - Valid Loss: 2.5549
2026-08-24 07:54:13,201 - INFO - Best model saved: 2.5549
2026-08-24 07:54:14,437 - INFO - Epoch 101/1000, Train Loss: 2.4795
2026-08-24 07:54:15,068 - INFO - Valid Loss: 2.5449
2026-08-24 07:54:15,087 - INFO - Best model saved: 2.5449
2026-08-24 07:54:16,358 - INFO - Epoch 102/1000, Train Loss: 2.4609
2026-08-24 07:54:16,967 - INFO - Valid Loss: 2.5317
2026-08-24 07:54:16,986 - INFO - Best model saved: 2.5317
2026-08-24 07:54:18,254 - INFO - Epoch 103/1000, Train Loss: 2.4492
2026-08-24 07:54:18,877 - INFO - Valid Loss: 2.5264
2026-08-24 07:54:18,896 - INFO - Best model saved: 2.5264
2026-08-24 07:54:20,144 - INFO - Epoch 104/1000, Train Loss: 2.4342
2026-08-24 07:54:20,768 - INFO - Valid Loss: 2.5115
2026-08-24 07:54:20,787 - INFO - Best model saved: 2.5115
2026-08-24 07:54:22,046 - INFO - Epoch 105/1000, Train Loss: 2.4238
2026-08-24 07:54:22,668 - INFO - Valid Loss: 2.5010
2026-08-24 07:54:22,686 - INFO - Best model saved: 2.5010
2026-08-24 07:54:23,960 - INFO - Epoch 106/1000, Train Loss: 2.4158
2026-08-24 07:54:24,583 - INFO - Valid Loss: 2.4900
2026-08-24 07:54:24,601 - INFO - Best model saved: 2.4900
2026-08-24 07:54:25,852 - INFO - Epoch 107/1000, Train Loss: 2.4038
2026-08-24 07:54:26,472 - INFO - Valid Loss: 2.4838
2026-08-24 07:54:26,491 - INFO - Best model saved: 2.4838
2026-08-24 07:54:27,758 - INFO - Epoch 108/1000, Train Loss: 2.3894
2026-08-24 07:54:28,384 - INFO - Valid Loss: 2.4763
2026-08-24 07:54:28,402 - INFO - Best model saved: 2.4763
2026-08-24 07:54:29,662 - INFO - Epoch 109/1000, Train Loss: 2.3728
2026-08-24 07:54:30,285 - INFO - Valid Loss: 2.4655
2026-08-24 07:54:30,303 - INFO - Best model saved: 2.4655
2026-08-24 07:54:31,550 - INFO - Epoch 110/1000, Train Loss: 2.3610
2026-08-24 07:54:32,162 - INFO - Valid Loss: 2.4570
2026-08-24 07:54:32,180 - INFO - Best model saved: 2.4570
2026-08-24 07:54:33,425 - INFO - Epoch 111/1000, Train Loss: 2.3520
2026-08-24 07:54:34,045 - INFO - Valid Loss: 2.4444
2026-08-24 07:54:34,063 - INFO - Best model saved: 2.4444
2026-08-24 07:54:35,361 - INFO - Epoch 112/1000, Train Loss: 2.3428
2026-08-24 07:54:35,984 - INFO - Valid Loss: 2.4393
2026-08-24 07:54:36,002 - INFO - Best model saved: 2.4393
2026-08-24 07:54:37,278 - INFO - Epoch 113/1000, Train Loss: 2.3275
2026-08-24 07:54:37,915 - INFO - Valid Loss: 2.4289
2026-08-24 07:54:37,938 - INFO - Best model saved: 2.4289
2026-08-24 07:54:39,225 - INFO - Epoch 114/1000, Train Loss: 2.3177
2026-08-24 07:54:39,876 - INFO - Valid Loss: 2.4225
2026-08-24 07:54:39,894 - INFO - Best model saved: 2.4225
2026-08-24 07:54:41,168 - INFO - Epoch 115/1000, Train Loss: 2.3069
2026-08-24 07:54:41,781 - INFO - Valid Loss: 2.4126
2026-08-24 07:54:41,799 - INFO - Best model saved: 2.4126
2026-08-24 07:54:43,063 - INFO - Epoch 116/1000, Train Loss: 2.2972
2026-08-24 07:54:43,683 - INFO - Valid Loss: 2.4027
2026-08-24 07:54:43,702 - INFO - Best model saved: 2.4027
2026-08-24 07:54:44,958 - INFO - Epoch 117/1000, Train Loss: 2.2877
2026-08-24 07:54:45,590 - INFO - Valid Loss: 2.3973
2026-08-24 07:54:45,608 - INFO - Best model saved: 2.3973
2026-08-24 07:54:46,874 - INFO - Epoch 118/1000, Train Loss: 2.2797
2026-08-24 07:54:47,500 - INFO - Valid Loss: 2.3866
2026-08-24 07:54:47,519 - INFO - Best model saved: 2.3866
2026-08-24 07:54:48,817 - INFO - Epoch 119/1000, Train Loss: 2.2680
2026-08-24 07:54:49,443 - INFO - Valid Loss: 2.3781
2026-08-24 07:54:49,462 - INFO - Best model saved: 2.3781
2026-08-24 07:54:50,739 - INFO - Epoch 120/1000, Train Loss: 2.2563
2026-08-24 07:54:51,411 - INFO - Valid Loss: 2.3751
2026-08-24 07:54:51,429 - INFO - Best model saved: 2.3751
2026-08-24 07:54:52,698 - INFO - Epoch 121/1000, Train Loss: 2.2471
2026-08-24 07:54:53,331 - INFO - Valid Loss: 2.3656
2026-08-24 07:54:53,349 - INFO - Best model saved: 2.3656
2026-08-24 07:54:54,638 - INFO - Epoch 122/1000, Train Loss: 2.2364
2026-08-24 07:54:55,266 - INFO - Valid Loss: 2.3554
2026-08-24 07:54:55,285 - INFO - Best model saved: 2.3554
2026-08-24 07:54:56,572 - INFO - Epoch 123/1000, Train Loss: 2.2293
2026-08-24 07:54:57,203 - INFO - Valid Loss: 2.3469
2026-08-24 07:54:57,221 - INFO - Best model saved: 2.3469
2026-08-24 07:54:58,494 - INFO - Epoch 124/1000, Train Loss: 2.2117
2026-08-24 07:54:59,121 - INFO - Valid Loss: 2.3410
2026-08-24 07:54:59,141 - INFO - Best model saved: 2.3410
2026-08-24 07:55:00,393 - INFO - Epoch 125/1000, Train Loss: 2.2084
2026-08-24 07:55:01,012 - INFO - Valid Loss: 2.3294
2026-08-24 07:55:01,032 - INFO - Best model saved: 2.3294
2026-08-24 07:55:02,319 - INFO - Epoch 126/1000, Train Loss: 2.2016
2026-08-24 07:55:02,955 - INFO - Valid Loss: 2.3278
2026-08-24 07:55:02,974 - INFO - Best model saved: 2.3278
2026-08-24 07:55:04,257 - INFO - Epoch 127/1000, Train Loss: 2.1829
2026-08-24 07:55:04,881 - INFO - Valid Loss: 2.3225
2026-08-24 07:55:04,900 - INFO - Best model saved: 2.3225
2026-08-24 07:55:06,168 - INFO - Epoch 128/1000, Train Loss: 2.1798
2026-08-24 07:55:06,807 - INFO - Valid Loss: 2.3143
2026-08-24 07:55:06,826 - INFO - Best model saved: 2.3143
2026-08-24 07:55:08,130 - INFO - Epoch 129/1000, Train Loss: 2.1706
2026-08-24 07:55:08,770 - INFO - Valid Loss: 2.3119
2026-08-24 07:55:08,789 - INFO - Best model saved: 2.3119
2026-08-24 07:55:10,036 - INFO - Epoch 130/1000, Train Loss: 2.1597
2026-08-24 07:55:10,648 - INFO - Valid Loss: 2.2991
2026-08-24 07:55:10,668 - INFO - Best model saved: 2.2991
2026-08-24 07:55:11,912 - INFO - Epoch 131/1000, Train Loss: 2.1446
2026-08-24 07:55:12,573 - INFO - Valid Loss: 2.2953
2026-08-24 07:55:12,592 - INFO - Best model saved: 2.2953
2026-08-24 07:55:13,840 - INFO - Epoch 132/1000, Train Loss: 2.1403
2026-08-24 07:55:14,470 - INFO - Valid Loss: 2.2879
2026-08-24 07:55:14,489 - INFO - Best model saved: 2.2879
2026-08-24 07:55:15,740 - INFO - Epoch 133/1000, Train Loss: 2.1315
2026-08-24 07:55:16,358 - INFO - Valid Loss: 2.2819
2026-08-24 07:55:16,376 - INFO - Best model saved: 2.2819
2026-08-24 07:55:17,664 - INFO - Epoch 134/1000, Train Loss: 2.1233
2026-08-24 07:55:18,285 - INFO - Valid Loss: 2.2827
2026-08-24 07:55:19,526 - INFO - Epoch 135/1000, Train Loss: 2.1139
2026-08-24 07:55:20,179 - INFO - Valid Loss: 2.2716
2026-08-24 07:55:20,197 - INFO - Best model saved: 2.2716
2026-08-24 07:55:21,452 - INFO - Epoch 136/1000, Train Loss: 2.1060
2026-08-24 07:55:22,080 - INFO - Valid Loss: 2.2639
2026-08-24 07:55:22,099 - INFO - Best model saved: 2.2639
2026-08-24 07:55:23,355 - INFO - Epoch 137/1000, Train Loss: 2.0978
2026-08-24 07:55:23,980 - INFO - Valid Loss: 2.2594
2026-08-24 07:55:23,998 - INFO - Best model saved: 2.2594
2026-08-24 07:55:25,258 - INFO - Epoch 138/1000, Train Loss: 2.0898
2026-08-24 07:55:25,887 - INFO - Valid Loss: 2.2530
2026-08-24 07:55:25,905 - INFO - Best model saved: 2.2530
2026-08-24 07:55:27,180 - INFO - Epoch 139/1000, Train Loss: 2.0800
2026-08-24 07:55:27,798 - INFO - Valid Loss: 2.2496
2026-08-24 07:55:27,817 - INFO - Best model saved: 2.2496
2026-08-24 07:55:29,063 - INFO - Epoch 140/1000, Train Loss: 2.0723
2026-08-24 07:55:29,678 - INFO - Valid Loss: 2.2448
2026-08-24 07:55:29,697 - INFO - Best model saved: 2.2448
2026-08-24 07:55:30,982 - INFO - Epoch 141/1000, Train Loss: 2.0626
2026-08-24 07:55:31,594 - INFO - Valid Loss: 2.2341
2026-08-24 07:55:31,613 - INFO - Best model saved: 2.2341
2026-08-24 07:55:32,857 - INFO - Epoch 142/1000, Train Loss: 2.0506
2026-08-24 07:55:33,477 - INFO - Valid Loss: 2.2287
2026-08-24 07:55:33,496 - INFO - Best model saved: 2.2287
2026-08-24 07:55:34,743 - INFO - Epoch 143/1000, Train Loss: 2.0469
2026-08-24 07:55:35,357 - INFO - Valid Loss: 2.2218
2026-08-24 07:55:35,376 - INFO - Best model saved: 2.2218
2026-08-24 07:55:36,642 - INFO - Epoch 144/1000, Train Loss: 2.0408
2026-08-24 07:55:37,289 - INFO - Valid Loss: 2.2255
2026-08-24 07:55:38,556 - INFO - Epoch 145/1000, Train Loss: 2.0320
2026-08-24 07:55:39,170 - INFO - Valid Loss: 2.2140
2026-08-24 07:55:39,189 - INFO - Best model saved: 2.2140
2026-08-24 07:55:40,440 - INFO - Epoch 146/1000, Train Loss: 2.0235
2026-08-24 07:55:41,060 - INFO - Valid Loss: 2.2149
2026-08-24 07:55:42,303 - INFO - Epoch 147/1000, Train Loss: 2.0186
2026-08-24 07:55:42,932 - INFO - Valid Loss: 2.2032
2026-08-24 07:55:42,951 - INFO - Best model saved: 2.2032
2026-08-24 07:55:44,191 - INFO - Epoch 148/1000, Train Loss: 2.0086
2026-08-24 07:55:44,807 - INFO - Valid Loss: 2.2010
2026-08-24 07:55:44,825 - INFO - Best model saved: 2.2010
2026-08-24 07:55:46,079 - INFO - Epoch 149/1000, Train Loss: 2.0035
2026-08-24 07:55:46,676 - INFO - Valid Loss: 2.1959
2026-08-24 07:55:46,694 - INFO - Best model saved: 2.1959
2026-08-24 07:55:47,958 - INFO - Epoch 150/1000, Train Loss: 1.9936
2026-08-24 07:55:48,593 - INFO - Valid Loss: 2.1913
2026-08-24 07:55:48,611 - INFO - Best model saved: 2.1913
2026-08-24 07:55:49,863 - INFO - Epoch 151/1000, Train Loss: 1.9846
2026-08-24 07:55:50,478 - INFO - Valid Loss: 2.1898
2026-08-24 07:55:50,497 - INFO - Best model saved: 2.1898
2026-08-24 07:55:51,737 - INFO - Epoch 152/1000, Train Loss: 1.9806
2026-08-24 07:55:52,362 - INFO - Valid Loss: 2.1810
2026-08-24 07:55:52,380 - INFO - Best model saved: 2.1810
2026-08-24 07:55:53,638 - INFO - Epoch 153/1000, Train Loss: 1.9767
2026-08-24 07:55:54,260 - INFO - Valid Loss: 2.1782
2026-08-24 07:55:54,279 - INFO - Best model saved: 2.1782
2026-08-24 07:55:55,533 - INFO - Epoch 154/1000, Train Loss: 1.9656
2026-08-24 07:55:56,153 - INFO - Valid Loss: 2.1774
2026-08-24 07:55:56,171 - INFO - Best model saved: 2.1774
2026-08-24 07:55:57,435 - INFO - Epoch 155/1000, Train Loss: 1.9620
2026-08-24 07:55:58,068 - INFO - Valid Loss: 2.1686
2026-08-24 07:55:58,087 - INFO - Best model saved: 2.1686
2026-08-24 07:55:59,334 - INFO - Epoch 156/1000, Train Loss: 1.9534
2026-08-24 07:55:59,950 - INFO - Valid Loss: 2.1652
2026-08-24 07:55:59,970 - INFO - Best model saved: 2.1652
2026-08-24 07:56:01,229 - INFO - Epoch 157/1000, Train Loss: 1.9453
2026-08-24 07:56:01,849 - INFO - Valid Loss: 2.1541
2026-08-24 07:56:01,870 - INFO - Best model saved: 2.1541
2026-08-24 07:56:03,118 - INFO - Epoch 158/1000, Train Loss: 1.9407
2026-08-24 07:56:03,738 - INFO - Valid Loss: 2.1551
2026-08-24 07:56:04,986 - INFO - Epoch 159/1000, Train Loss: 1.9346
2026-08-24 07:56:05,615 - INFO - Valid Loss: 2.1520
2026-08-24 07:56:05,633 - INFO - Best model saved: 2.1520
2026-08-24 07:56:06,929 - INFO - Epoch 160/1000, Train Loss: 1.9277
2026-08-24 07:56:07,600 - INFO - Valid Loss: 2.1493
2026-08-24 07:56:07,618 - INFO - Best model saved: 2.1493
2026-08-24 07:56:08,864 - INFO - Epoch 161/1000, Train Loss: 1.9189
2026-08-24 07:56:09,478 - INFO - Valid Loss: 2.1440
2026-08-24 07:56:09,497 - INFO - Best model saved: 2.1440
2026-08-24 07:56:10,761 - INFO - Epoch 162/1000, Train Loss: 1.9172
2026-08-24 07:56:11,381 - INFO - Valid Loss: 2.1379
2026-08-24 07:56:11,399 - INFO - Best model saved: 2.1379
2026-08-24 07:56:12,646 - INFO - Epoch 163/1000, Train Loss: 1.9091
2026-08-24 07:56:13,266 - INFO - Valid Loss: 2.1329
2026-08-24 07:56:13,285 - INFO - Best model saved: 2.1329
2026-08-24 07:56:14,541 - INFO - Epoch 164/1000, Train Loss: 1.8984
2026-08-24 07:56:15,162 - INFO - Valid Loss: 2.1337
2026-08-24 07:56:16,419 - INFO - Epoch 165/1000, Train Loss: 1.8952
2026-08-24 07:56:17,046 - INFO - Valid Loss: 2.1296
2026-08-24 07:56:17,065 - INFO - Best model saved: 2.1296
2026-08-24 07:56:18,308 - INFO - Epoch 166/1000, Train Loss: 1.8925
2026-08-24 07:56:18,924 - INFO - Valid Loss: 2.1262
2026-08-24 07:56:18,943 - INFO - Best model saved: 2.1262
2026-08-24 07:56:20,193 - INFO - Epoch 167/1000, Train Loss: 1.8772
2026-08-24 07:56:20,811 - INFO - Valid Loss: 2.1180
2026-08-24 07:56:20,829 - INFO - Best model saved: 2.1180
2026-08-24 07:56:22,086 - INFO - Epoch 168/1000, Train Loss: 1.8802
2026-08-24 07:56:22,711 - INFO - Valid Loss: 2.1163
2026-08-24 07:56:22,729 - INFO - Best model saved: 2.1163
2026-08-24 07:56:23,989 - INFO - Epoch 169/1000, Train Loss: 1.8712
2026-08-24 07:56:24,597 - INFO - Valid Loss: 2.1185
2026-08-24 07:56:25,842 - INFO - Epoch 170/1000, Train Loss: 1.8642
2026-08-24 07:56:26,466 - INFO - Valid Loss: 2.1085
2026-08-24 07:56:26,484 - INFO - Best model saved: 2.1085
2026-08-24 07:56:27,748 - INFO - Epoch 171/1000, Train Loss: 1.8556
2026-08-24 07:56:28,369 - INFO - Valid Loss: 2.1102
2026-08-24 07:56:29,620 - INFO - Epoch 172/1000, Train Loss: 1.8564
2026-08-24 07:56:30,238 - INFO - Valid Loss: 2.1029
2026-08-24 07:56:30,258 - INFO - Best model saved: 2.1029
2026-08-24 07:56:31,544 - INFO - Epoch 173/1000, Train Loss: 1.8471
2026-08-24 07:56:32,165 - INFO - Valid Loss: 2.0998
2026-08-24 07:56:32,184 - INFO - Best model saved: 2.0998
2026-08-24 07:56:33,461 - INFO - Epoch 174/1000, Train Loss: 1.8456
2026-08-24 07:56:34,073 - INFO - Valid Loss: 2.0957
2026-08-24 07:56:34,093 - INFO - Best model saved: 2.0957
2026-08-24 07:56:35,369 - INFO - Epoch 175/1000, Train Loss: 1.8346
2026-08-24 07:56:35,982 - INFO - Valid Loss: 2.0940
2026-08-24 07:56:36,000 - INFO - Best model saved: 2.0940
2026-08-24 07:56:37,267 - INFO - Epoch 176/1000, Train Loss: 1.8276
2026-08-24 07:56:37,883 - INFO - Valid Loss: 2.0915
2026-08-24 07:56:37,902 - INFO - Best model saved: 2.0915
2026-08-24 07:56:39,179 - INFO - Epoch 177/1000, Train Loss: 1.8240
2026-08-24 07:56:39,800 - INFO - Valid Loss: 2.0924
2026-08-24 07:56:41,078 - INFO - Epoch 178/1000, Train Loss: 1.8163
2026-08-24 07:56:41,692 - INFO - Valid Loss: 2.0840
2026-08-24 07:56:41,709 - INFO - Best model saved: 2.0840
2026-08-24 07:56:43,000 - INFO - Epoch 179/1000, Train Loss: 1.8113
2026-08-24 07:56:43,633 - INFO - Valid Loss: 2.0792
2026-08-24 07:56:43,652 - INFO - Best model saved: 2.0792
2026-08-24 07:56:44,935 - INFO - Epoch 180/1000, Train Loss: 1.8133
2026-08-24 07:56:45,553 - INFO - Valid Loss: 2.0739
2026-08-24 07:56:45,570 - INFO - Best model saved: 2.0739
2026-08-24 07:56:46,834 - INFO - Epoch 181/1000, Train Loss: 1.8059
2026-08-24 07:56:47,449 - INFO - Valid Loss: 2.0775
2026-08-24 07:56:48,719 - INFO - Epoch 182/1000, Train Loss: 1.7976
2026-08-24 07:56:49,341 - INFO - Valid Loss: 2.0722
2026-08-24 07:56:49,360 - INFO - Best model saved: 2.0722
2026-08-24 07:56:50,619 - INFO - Epoch 183/1000, Train Loss: 1.7955
2026-08-24 07:56:51,236 - INFO - Valid Loss: 2.0738
2026-08-24 07:56:52,505 - INFO - Epoch 184/1000, Train Loss: 1.7915
2026-08-24 07:56:53,121 - INFO - Valid Loss: 2.0632
2026-08-24 07:56:53,139 - INFO - Best model saved: 2.0632
2026-08-24 07:56:54,409 - INFO - Epoch 185/1000, Train Loss: 1.7791
2026-08-24 07:56:55,032 - INFO - Valid Loss: 2.0633
2026-08-24 07:56:56,315 - INFO - Epoch 186/1000, Train Loss: 1.7731
2026-08-24 07:56:56,926 - INFO - Valid Loss: 2.0587
2026-08-24 07:56:56,944 - INFO - Best model saved: 2.0587
2026-08-24 07:56:58,210 - INFO - Epoch 187/1000, Train Loss: 1.7749
2026-08-24 07:56:58,831 - INFO - Valid Loss: 2.0576
2026-08-24 07:56:58,850 - INFO - Best model saved: 2.0576
2026-08-24 07:57:00,107 - INFO - Epoch 188/1000, Train Loss: 1.7719
2026-08-24 07:57:00,746 - INFO - Valid Loss: 2.0562
2026-08-24 07:57:00,767 - INFO - Best model saved: 2.0562
2026-08-24 07:57:02,054 - INFO - Epoch 189/1000, Train Loss: 1.7620
2026-08-24 07:57:02,673 - INFO - Valid Loss: 2.0495
2026-08-24 07:57:02,691 - INFO - Best model saved: 2.0495
2026-08-24 07:57:03,960 - INFO - Epoch 190/1000, Train Loss: 1.7577
2026-08-24 07:57:04,582 - INFO - Valid Loss: 2.0461
2026-08-24 07:57:04,601 - INFO - Best model saved: 2.0461
2026-08-24 07:57:05,872 - INFO - Epoch 191/1000, Train Loss: 1.7529
2026-08-24 07:57:06,521 - INFO - Valid Loss: 2.0453
2026-08-24 07:57:06,540 - INFO - Best model saved: 2.0453
2026-08-24 07:57:07,826 - INFO - Epoch 192/1000, Train Loss: 1.7476
2026-08-24 07:57:08,440 - INFO - Valid Loss: 2.0392
2026-08-24 07:57:08,459 - INFO - Best model saved: 2.0392
2026-08-24 07:57:09,734 - INFO - Epoch 193/1000, Train Loss: 1.7477
2026-08-24 07:57:10,351 - INFO - Valid Loss: 2.0407
2026-08-24 07:57:11,623 - INFO - Epoch 194/1000, Train Loss: 1.7410
2026-08-24 07:57:12,248 - INFO - Valid Loss: 2.0346
2026-08-24 07:57:12,267 - INFO - Best model saved: 2.0346
2026-08-24 07:57:13,517 - INFO - Epoch 195/1000, Train Loss: 1.7364
2026-08-24 07:57:14,129 - INFO - Valid Loss: 2.0381
2026-08-24 07:57:15,401 - INFO - Epoch 196/1000, Train Loss: 1.7332
2026-08-24 07:57:16,020 - INFO - Valid Loss: 2.0304
2026-08-24 07:57:16,038 - INFO - Best model saved: 2.0304
2026-08-24 07:57:17,263 - INFO - Epoch 197/1000, Train Loss: 1.7256
2026-08-24 07:57:17,884 - INFO - Valid Loss: 2.0313
2026-08-24 07:57:19,126 - INFO - Epoch 198/1000, Train Loss: 1.7214
2026-08-24 07:57:19,744 - INFO - Valid Loss: 2.0254
2026-08-24 07:57:19,761 - INFO - Best model saved: 2.0254
2026-08-24 07:57:21,003 - INFO - Epoch 199/1000, Train Loss: 1.7215
2026-08-24 07:57:21,619 - INFO - Valid Loss: 2.0230
2026-08-24 07:57:21,637 - INFO - Best model saved: 2.0230
2026-08-24 07:57:22,890 - INFO - Epoch 200/1000, Train Loss: 1.7160
2026-08-24 07:57:23,532 - INFO - Valid Loss: 2.0195
2026-08-24 07:57:23,551 - INFO - Best model saved: 2.0195
2026-08-24 07:57:24,806 - INFO - Epoch 201/1000, Train Loss: 1.7094
2026-08-24 07:57:25,424 - INFO - Valid Loss: 2.0175
2026-08-24 07:57:25,442 - INFO - Best model saved: 2.0175
2026-08-24 07:57:26,684 - INFO - Epoch 202/1000, Train Loss: 1.7036
2026-08-24 07:57:27,292 - INFO - Valid Loss: 2.0195
2026-08-24 07:57:28,556 - INFO - Epoch 203/1000, Train Loss: 1.7033
2026-08-24 07:57:29,177 - INFO - Valid Loss: 2.0195
2026-08-24 07:57:30,440 - INFO - Epoch 204/1000, Train Loss: 1.6968
2026-08-24 07:57:31,062 - INFO - Valid Loss: 2.0175
2026-08-24 07:57:32,334 - INFO - Epoch 205/1000, Train Loss: 1.6885
2026-08-24 07:57:32,958 - INFO - Valid Loss: 2.0111
2026-08-24 07:57:32,976 - INFO - Best model saved: 2.0111
2026-08-24 07:57:34,272 - INFO - Epoch 206/1000, Train Loss: 1.6877
2026-08-24 07:57:34,889 - INFO - Valid Loss: 2.0079
2026-08-24 07:57:34,907 - INFO - Best model saved: 2.0079
2026-08-24 07:57:36,193 - INFO - Epoch 207/1000, Train Loss: 1.6855
2026-08-24 07:57:36,824 - INFO - Valid Loss: 2.0021
2026-08-24 07:57:36,843 - INFO - Best model saved: 2.0021
2026-08-24 07:57:38,109 - INFO - Epoch 208/1000, Train Loss: 1.6747
2026-08-24 07:57:38,748 - INFO - Valid Loss: 2.0064
2026-08-24 07:57:40,048 - INFO - Epoch 209/1000, Train Loss: 1.6707
2026-08-24 07:57:40,666 - INFO - Valid Loss: 2.0113
2026-08-24 07:57:41,937 - INFO - Epoch 210/1000, Train Loss: 1.6676
2026-08-24 07:57:42,558 - INFO - Valid Loss: 2.0007
2026-08-24 07:57:42,579 - INFO - Best model saved: 2.0007
2026-08-24 07:57:43,823 - INFO - Epoch 211/1000, Train Loss: 1.6640
2026-08-24 07:57:44,462 - INFO - Valid Loss: 2.0034
2026-08-24 07:57:45,718 - INFO - Epoch 212/1000, Train Loss: 1.6661
2026-08-24 07:57:46,336 - INFO - Valid Loss: 1.9955
2026-08-24 07:57:46,356 - INFO - Best model saved: 1.9955
2026-08-24 07:57:47,600 - INFO - Epoch 213/1000, Train Loss: 1.6649
2026-08-24 07:57:48,230 - INFO - Valid Loss: 1.9984
2026-08-24 07:57:49,465 - INFO - Epoch 214/1000, Train Loss: 1.6579
2026-08-24 07:57:50,088 - INFO - Valid Loss: 2.0053
2026-08-24 07:57:51,324 - INFO - Epoch 215/1000, Train Loss: 1.6515
2026-08-24 07:57:51,936 - INFO - Valid Loss: 1.9947
2026-08-24 07:57:51,956 - INFO - Best model saved: 1.9947
2026-08-24 07:57:53,195 - INFO - Epoch 216/1000, Train Loss: 1.6500
2026-08-24 07:57:53,810 - INFO - Valid Loss: 1.9855
2026-08-24 07:57:53,830 - INFO - Best model saved: 1.9855
2026-08-24 07:57:55,114 - INFO - Epoch 217/1000, Train Loss: 1.6438
2026-08-24 07:57:55,738 - INFO - Valid Loss: 1.9904
2026-08-24 07:57:56,991 - INFO - Epoch 218/1000, Train Loss: 1.6367
2026-08-24 07:57:57,614 - INFO - Valid Loss: 1.9857
2026-08-24 07:57:58,869 - INFO - Epoch 219/1000, Train Loss: 1.6393
2026-08-24 07:57:59,473 - INFO - Valid Loss: 1.9834
2026-08-24 07:57:59,493 - INFO - Best model saved: 1.9834
2026-08-24 07:58:00,739 - INFO - Epoch 220/1000, Train Loss: 1.6368
2026-08-24 07:58:01,360 - INFO - Valid Loss: 1.9822
2026-08-24 07:58:01,380 - INFO - Best model saved: 1.9822
2026-08-24 07:58:02,659 - INFO - Epoch 221/1000, Train Loss: 1.6286
2026-08-24 07:58:03,280 - INFO - Valid Loss: 1.9786
2026-08-24 07:58:03,299 - INFO - Best model saved: 1.9786
2026-08-24 07:58:04,555 - INFO - Epoch 222/1000, Train Loss: 1.6251
2026-08-24 07:58:05,186 - INFO - Valid Loss: 1.9751
2026-08-24 07:58:05,206 - INFO - Best model saved: 1.9751
2026-08-24 07:58:06,453 - INFO - Epoch 223/1000, Train Loss: 1.6238
2026-08-24 07:58:07,086 - INFO - Valid Loss: 1.9754
2026-08-24 07:58:08,346 - INFO - Epoch 224/1000, Train Loss: 1.6167
2026-08-24 07:58:08,959 - INFO - Valid Loss: 1.9753
2026-08-24 07:58:10,206 - INFO - Epoch 225/1000, Train Loss: 1.6160
2026-08-24 07:58:10,816 - INFO - Valid Loss: 1.9796
2026-08-24 07:58:12,063 - INFO - Epoch 226/1000, Train Loss: 1.6136
2026-08-24 07:58:12,679 - INFO - Valid Loss: 1.9731
2026-08-24 07:58:12,698 - INFO - Best model saved: 1.9731
2026-08-24 07:58:13,948 - INFO - Epoch 227/1000, Train Loss: 1.6095
2026-08-24 07:58:14,673 - INFO - Valid Loss: 1.9704
2026-08-24 07:58:14,691 - INFO - Best model saved: 1.9704
2026-08-24 07:58:15,959 - INFO - Epoch 228/1000, Train Loss: 1.6057
2026-08-24 07:58:16,579 - INFO - Valid Loss: 1.9646
2026-08-24 07:58:16,598 - INFO - Best model saved: 1.9646
2026-08-24 07:58:17,859 - INFO - Epoch 229/1000, Train Loss: 1.6012
2026-08-24 07:58:18,492 - INFO - Valid Loss: 1.9685
2026-08-24 07:58:19,759 - INFO - Epoch 230/1000, Train Loss: 1.5965
2026-08-24 07:58:20,381 - INFO - Valid Loss: 1.9666
2026-08-24 07:58:21,628 - INFO - Epoch 231/1000, Train Loss: 1.5960
2026-08-24 07:58:22,246 - INFO - Valid Loss: 1.9588
2026-08-24 07:58:22,266 - INFO - Best model saved: 1.9588
2026-08-24 07:58:23,537 - INFO - Epoch 232/1000, Train Loss: 1.5865
2026-08-24 07:58:24,161 - INFO - Valid Loss: 1.9642
2026-08-24 07:58:25,421 - INFO - Epoch 233/1000, Train Loss: 1.5906
2026-08-24 07:58:26,033 - INFO - Valid Loss: 1.9665
2026-08-24 07:58:27,286 - INFO - Epoch 234/1000, Train Loss: 1.5827
2026-08-24 07:58:27,915 - INFO - Valid Loss: 1.9613
2026-08-24 07:58:29,159 - INFO - Epoch 235/1000, Train Loss: 1.5812
2026-08-24 07:58:29,786 - INFO - Valid Loss: 1.9628
2026-08-24 07:58:31,075 - INFO - Epoch 236/1000, Train Loss: 1.5817
2026-08-24 07:58:31,691 - INFO - Valid Loss: 1.9576
2026-08-24 07:58:31,710 - INFO - Best model saved: 1.9576
2026-08-24 07:58:32,993 - INFO - Epoch 237/1000, Train Loss: 1.5737
2026-08-24 07:58:33,620 - INFO - Valid Loss: 1.9545
2026-08-24 07:58:33,639 - INFO - Best model saved: 1.9545
2026-08-24 07:58:34,895 - INFO - Epoch 238/1000, Train Loss: 1.5666
2026-08-24 07:58:35,519 - INFO - Valid Loss: 1.9530
2026-08-24 07:58:35,537 - INFO - Best model saved: 1.9530
2026-08-24 07:58:36,813 - INFO - Epoch 239/1000, Train Loss: 1.5708
2026-08-24 07:58:37,428 - INFO - Valid Loss: 1.9459
2026-08-24 07:58:37,447 - INFO - Best model saved: 1.9459
2026-08-24 07:58:38,715 - INFO - Epoch 240/1000, Train Loss: 1.5672
2026-08-24 07:58:39,349 - INFO - Valid Loss: 1.9426
2026-08-24 07:58:39,369 - INFO - Best model saved: 1.9426
2026-08-24 07:58:40,662 - INFO - Epoch 241/1000, Train Loss: 1.5621
2026-08-24 07:58:41,287 - INFO - Valid Loss: 1.9470
2026-08-24 07:58:42,559 - INFO - Epoch 242/1000, Train Loss: 1.5597
2026-08-24 07:58:43,182 - INFO - Valid Loss: 1.9443
2026-08-24 07:58:44,446 - INFO - Epoch 243/1000, Train Loss: 1.5556
2026-08-24 07:58:45,067 - INFO - Valid Loss: 1.9440
2026-08-24 07:58:46,302 - INFO - Epoch 244/1000, Train Loss: 1.5543
2026-08-24 07:58:46,921 - INFO - Valid Loss: 1.9435
2026-08-24 07:58:48,193 - INFO - Epoch 245/1000, Train Loss: 1.5516
2026-08-24 07:58:48,816 - INFO - Valid Loss: 1.9441
2026-08-24 07:58:50,072 - INFO - Epoch 246/1000, Train Loss: 1.5510
2026-08-24 07:58:50,678 - INFO - Valid Loss: 1.9432
2026-08-24 07:58:51,910 - INFO - Epoch 247/1000, Train Loss: 1.5435
2026-08-24 07:58:52,537 - INFO - Valid Loss: 1.9405
2026-08-24 07:58:52,556 - INFO - Best model saved: 1.9405
2026-08-24 07:58:53,813 - INFO - Epoch 248/1000, Train Loss: 1.5417
2026-08-24 07:58:54,464 - INFO - Valid Loss: 1.9455
2026-08-24 07:58:55,711 - INFO - Epoch 249/1000, Train Loss: 1.5380
2026-08-24 07:58:56,335 - INFO - Valid Loss: 1.9428
2026-08-24 07:58:57,578 - INFO - Epoch 250/1000, Train Loss: 1.5406
2026-08-24 07:58:58,196 - INFO - Valid Loss: 1.9352
2026-08-24 07:58:58,216 - INFO - Best model saved: 1.9352
2026-08-24 07:58:59,475 - INFO - Epoch 251/1000, Train Loss: 1.5337
2026-08-24 07:59:00,090 - INFO - Valid Loss: 1.9319
2026-08-24 07:59:00,108 - INFO - Best model saved: 1.9319
2026-08-24 07:59:01,369 - INFO - Epoch 252/1000, Train Loss: 1.5309
2026-08-24 07:59:01,996 - INFO - Valid Loss: 1.9425
2026-08-24 07:59:03,258 - INFO - Epoch 253/1000, Train Loss: 1.5302
2026-08-24 07:59:03,861 - INFO - Valid Loss: 1.9353
2026-08-24 07:59:05,110 - INFO - Epoch 254/1000, Train Loss: 1.5240
2026-08-24 07:59:05,725 - INFO - Valid Loss: 1.9323
2026-08-24 07:59:06,978 - INFO - Epoch 255/1000, Train Loss: 1.5246
2026-08-24 07:59:07,583 - INFO - Valid Loss: 1.9316
2026-08-24 07:59:07,604 - INFO - Best model saved: 1.9316
2026-08-24 07:59:08,948 - INFO - Epoch 256/1000, Train Loss: 1.5174
2026-08-24 07:59:09,574 - INFO - Valid Loss: 1.9279
2026-08-24 07:59:09,594 - INFO - Best model saved: 1.9279
2026-08-24 07:59:10,859 - INFO - Epoch 257/1000, Train Loss: 1.5163
2026-08-24 07:59:11,476 - INFO - Valid Loss: 1.9298
2026-08-24 07:59:12,728 - INFO - Epoch 258/1000, Train Loss: 1.5159
2026-08-24 07:59:13,353 - INFO - Valid Loss: 1.9236
2026-08-24 07:59:13,372 - INFO - Best model saved: 1.9236
2026-08-24 07:59:14,647 - INFO - Epoch 259/1000, Train Loss: 1.5141
2026-08-24 07:59:15,265 - INFO - Valid Loss: 1.9315
2026-08-24 07:59:16,535 - INFO - Epoch 260/1000, Train Loss: 1.5093
2026-08-24 07:59:17,153 - INFO - Valid Loss: 1.9248
2026-08-24 07:59:18,459 - INFO - Epoch 261/1000, Train Loss: 1.5034
2026-08-24 07:59:19,139 - INFO - Valid Loss: 1.9315
2026-08-24 07:59:20,523 - INFO - Epoch 262/1000, Train Loss: 1.5029
2026-08-24 07:59:21,188 - INFO - Valid Loss: 1.9232
2026-08-24 07:59:21,207 - INFO - Best model saved: 1.9232
2026-08-24 07:59:22,587 - INFO - Epoch 263/1000, Train Loss: 1.5027
2026-08-24 07:59:23,256 - INFO - Valid Loss: 1.9272
2026-08-24 07:59:24,658 - INFO - Epoch 264/1000, Train Loss: 1.4966
2026-08-24 07:59:25,315 - INFO - Valid Loss: 1.9189
2026-08-24 07:59:25,335 - INFO - Best model saved: 1.9189
2026-08-24 07:59:26,714 - INFO - Epoch 265/1000, Train Loss: 1.4973
2026-08-24 07:59:27,392 - INFO - Valid Loss: 1.9196
2026-08-24 07:59:28,770 - INFO - Epoch 266/1000, Train Loss: 1.4909
2026-08-24 07:59:29,445 - INFO - Valid Loss: 1.9212
2026-08-24 07:59:30,814 - INFO - Epoch 267/1000, Train Loss: 1.4947
2026-08-24 07:59:31,468 - INFO - Valid Loss: 1.9209
2026-08-24 07:59:32,868 - INFO - Epoch 268/1000, Train Loss: 1.4933
2026-08-24 07:59:33,528 - INFO - Valid Loss: 1.9178
2026-08-24 07:59:33,547 - INFO - Best model saved: 1.9178
2026-08-24 07:59:34,924 - INFO - Epoch 269/1000, Train Loss: 1.4866
2026-08-24 07:59:35,583 - INFO - Valid Loss: 1.9167
2026-08-24 07:59:35,602 - INFO - Best model saved: 1.9167
2026-08-24 07:59:37,001 - INFO - Epoch 270/1000, Train Loss: 1.4832
2026-08-24 07:59:37,679 - INFO - Valid Loss: 1.9144
2026-08-24 07:59:37,698 - INFO - Best model saved: 1.9144
2026-08-24 07:59:39,102 - INFO - Epoch 271/1000, Train Loss: 1.4810
2026-08-24 07:59:39,792 - INFO - Valid Loss: 1.9160
2026-08-24 07:59:41,195 - INFO - Epoch 272/1000, Train Loss: 1.4799
2026-08-24 07:59:41,868 - INFO - Valid Loss: 1.9044
2026-08-24 07:59:41,887 - INFO - Best model saved: 1.9044
2026-08-24 07:59:43,296 - INFO - Epoch 273/1000, Train Loss: 1.4822
2026-08-24 07:59:43,965 - INFO - Valid Loss: 1.9081
2026-08-24 07:59:45,351 - INFO - Epoch 274/1000, Train Loss: 1.4750
2026-08-24 07:59:46,026 - INFO - Valid Loss: 1.9138
2026-08-24 07:59:47,411 - INFO - Epoch 275/1000, Train Loss: 1.4786
2026-08-24 07:59:48,090 - INFO - Valid Loss: 1.9033
2026-08-24 07:59:48,108 - INFO - Best model saved: 1.9033
2026-08-24 07:59:49,504 - INFO - Epoch 276/1000, Train Loss: 1.4658
2026-08-24 07:59:50,161 - INFO - Valid Loss: 1.9083
2026-08-24 07:59:51,526 - INFO - Epoch 277/1000, Train Loss: 1.4663
2026-08-24 07:59:52,179 - INFO - Valid Loss: 1.9131
2026-08-24 07:59:53,544 - INFO - Epoch 278/1000, Train Loss: 1.4668
2026-08-24 07:59:54,199 - INFO - Valid Loss: 1.9063
2026-08-24 07:59:55,555 - INFO - Epoch 279/1000, Train Loss: 1.4578
2026-08-24 07:59:56,212 - INFO - Valid Loss: 1.9070
2026-08-24 07:59:57,598 - INFO - Epoch 280/1000, Train Loss: 1.4597
2026-08-24 07:59:58,252 - INFO - Valid Loss: 1.9053
2026-08-24 07:59:59,628 - INFO - Epoch 281/1000, Train Loss: 1.4585
2026-08-24 08:00:00,281 - INFO - Valid Loss: 1.9117
2026-08-24 08:00:01,656 - INFO - Epoch 282/1000, Train Loss: 1.4524
2026-08-24 08:00:02,312 - INFO - Valid Loss: 1.9015
2026-08-24 08:00:02,331 - INFO - Best model saved: 1.9015
2026-08-24 08:00:03,741 - INFO - Epoch 283/1000, Train Loss: 1.4522
2026-08-24 08:00:04,400 - INFO - Valid Loss: 1.9055
2026-08-24 08:00:05,803 - INFO - Epoch 284/1000, Train Loss: 1.4528
2026-08-24 08:00:06,513 - INFO - Valid Loss: 1.8991
2026-08-24 08:00:06,532 - INFO - Best model saved: 1.8991
2026-08-24 08:00:07,937 - INFO - Epoch 285/1000, Train Loss: 1.4496
2026-08-24 08:00:08,617 - INFO - Valid Loss: 1.9022
2026-08-24 08:00:09,986 - INFO - Epoch 286/1000, Train Loss: 1.4457
2026-08-24 08:00:10,635 - INFO - Valid Loss: 1.8958
2026-08-24 08:00:10,655 - INFO - Best model saved: 1.8958
2026-08-24 08:00:12,023 - INFO - Epoch 287/1000, Train Loss: 1.4460
2026-08-24 08:00:12,690 - INFO - Valid Loss: 1.8947
2026-08-24 08:00:12,709 - INFO - Best model saved: 1.8947
2026-08-24 08:00:14,074 - INFO - Epoch 288/1000, Train Loss: 1.4416
2026-08-24 08:00:14,741 - INFO - Valid Loss: 1.9042
2026-08-24 08:00:16,134 - INFO - Epoch 289/1000, Train Loss: 1.4404
2026-08-24 08:00:16,789 - INFO - Valid Loss: 1.8982
2026-08-24 08:00:18,138 - INFO - Epoch 290/1000, Train Loss: 1.4381
2026-08-24 08:00:18,797 - INFO - Valid Loss: 1.9007
2026-08-24 08:00:20,137 - INFO - Epoch 291/1000, Train Loss: 1.4337
2026-08-24 08:00:20,819 - INFO - Valid Loss: 1.8971
2026-08-24 08:00:22,166 - INFO - Epoch 292/1000, Train Loss: 1.4317
2026-08-24 08:00:22,814 - INFO - Valid Loss: 1.8900
2026-08-24 08:00:22,833 - INFO - Best model saved: 1.8900
2026-08-24 08:00:24,166 - INFO - Epoch 293/1000, Train Loss: 1.4310
2026-08-24 08:00:24,812 - INFO - Valid Loss: 1.8969
2026-08-24 08:00:26,149 - INFO - Epoch 294/1000, Train Loss: 1.4374
2026-08-24 08:00:26,801 - INFO - Valid Loss: 1.8981
2026-08-24 08:00:28,141 - INFO - Epoch 295/1000, Train Loss: 1.4303
2026-08-24 08:00:28,789 - INFO - Valid Loss: 1.8868
2026-08-24 08:00:28,808 - INFO - Best model saved: 1.8868
2026-08-24 08:00:30,137 - INFO - Epoch 296/1000, Train Loss: 1.4243
2026-08-24 08:00:30,800 - INFO - Valid Loss: 1.8990
2026-08-24 08:00:32,134 - INFO - Epoch 297/1000, Train Loss: 1.4292
2026-08-24 08:00:32,789 - INFO - Valid Loss: 1.8900
2026-08-24 08:00:34,110 - INFO - Epoch 298/1000, Train Loss: 1.4247
2026-08-24 08:00:34,768 - INFO - Valid Loss: 1.8830
2026-08-24 08:00:34,787 - INFO - Best model saved: 1.8830
2026-08-24 08:00:36,139 - INFO - Epoch 299/1000, Train Loss: 1.4199
2026-08-24 08:00:36,787 - INFO - Valid Loss: 1.8858
2026-08-24 08:00:38,123 - INFO - Epoch 300/1000, Train Loss: 1.4226
2026-08-24 08:00:38,776 - INFO - Valid Loss: 1.8898
2026-08-24 08:00:40,116 - INFO - Epoch 301/1000, Train Loss: 1.4240
2026-08-24 08:00:40,762 - INFO - Valid Loss: 1.8818
2026-08-24 08:00:40,781 - INFO - Best model saved: 1.8818
2026-08-24 08:00:42,126 - INFO - Epoch 302/1000, Train Loss: 1.4138
2026-08-24 08:00:42,780 - INFO - Valid Loss: 1.8805
2026-08-24 08:00:42,800 - INFO - Best model saved: 1.8805
2026-08-24 08:00:44,142 - INFO - Epoch 303/1000, Train Loss: 1.4139
2026-08-24 08:00:44,794 - INFO - Valid Loss: 1.8884
2026-08-24 08:00:46,139 - INFO - Epoch 304/1000, Train Loss: 1.4113
2026-08-24 08:00:46,782 - INFO - Valid Loss: 1.8894
2026-08-24 08:00:48,108 - INFO - Epoch 305/1000, Train Loss: 1.4115
2026-08-24 08:00:48,765 - INFO - Valid Loss: 1.8796
2026-08-24 08:00:48,783 - INFO - Best model saved: 1.8796
2026-08-24 08:00:50,124 - INFO - Epoch 306/1000, Train Loss: 1.4101
2026-08-24 08:00:50,782 - INFO - Valid Loss: 1.8845
2026-08-24 08:00:52,113 - INFO - Epoch 307/1000, Train Loss: 1.4030
2026-08-24 08:00:52,764 - INFO - Valid Loss: 1.8890
2026-08-24 08:00:54,094 - INFO - Epoch 308/1000, Train Loss: 1.4016
2026-08-24 08:00:54,741 - INFO - Valid Loss: 1.8868
2026-08-24 08:00:56,114 - INFO - Epoch 309/1000, Train Loss: 1.4013
2026-08-24 08:00:56,759 - INFO - Valid Loss: 1.8804
2026-08-24 08:00:58,105 - INFO - Epoch 310/1000, Train Loss: 1.4016
2026-08-24 08:00:58,772 - INFO - Valid Loss: 1.8812
2026-08-24 08:01:00,114 - INFO - Epoch 311/1000, Train Loss: 1.3973
2026-08-24 08:01:00,774 - INFO - Valid Loss: 1.8839
2026-08-24 08:01:02,099 - INFO - Epoch 312/1000, Train Loss: 1.3947
2026-08-24 08:01:02,770 - INFO - Valid Loss: 1.8769
2026-08-24 08:01:02,790 - INFO - Best model saved: 1.8769
2026-08-24 08:01:04,118 - INFO - Epoch 313/1000, Train Loss: 1.3913
2026-08-24 08:01:04,771 - INFO - Valid Loss: 1.8788
2026-08-24 08:01:06,099 - INFO - Epoch 314/1000, Train Loss: 1.3910
2026-08-24 08:01:06,752 - INFO - Valid Loss: 1.8847
2026-08-24 08:01:08,092 - INFO - Epoch 315/1000, Train Loss: 1.3889
2026-08-24 08:01:08,799 - INFO - Valid Loss: 1.8805
2026-08-24 08:01:10,161 - INFO - Epoch 316/1000, Train Loss: 1.3893
2026-08-24 08:01:10,830 - INFO - Valid Loss: 1.8735
2026-08-24 08:01:10,850 - INFO - Best model saved: 1.8735
2026-08-24 08:01:12,187 - INFO - Epoch 317/1000, Train Loss: 1.3896
2026-08-24 08:01:12,835 - INFO - Valid Loss: 1.8699
2026-08-24 08:01:12,854 - INFO - Best model saved: 1.8699
2026-08-24 08:01:14,196 - INFO - Epoch 318/1000, Train Loss: 1.3857
2026-08-24 08:01:14,854 - INFO - Valid Loss: 1.8783
2026-08-24 08:01:16,169 - INFO - Epoch 319/1000, Train Loss: 1.3834
2026-08-24 08:01:16,823 - INFO - Valid Loss: 1.8725
2026-08-24 08:01:18,173 - INFO - Epoch 320/1000, Train Loss: 1.3771
2026-08-24 08:01:18,835 - INFO - Valid Loss: 1.8752
2026-08-24 08:01:20,165 - INFO - Epoch 321/1000, Train Loss: 1.3793
2026-08-24 08:01:20,807 - INFO - Valid Loss: 1.8775
2026-08-24 08:01:22,124 - INFO - Epoch 322/1000, Train Loss: 1.3755
2026-08-24 08:01:22,808 - INFO - Valid Loss: 1.8719
2026-08-24 08:01:24,153 - INFO - Epoch 323/1000, Train Loss: 1.3757
2026-08-24 08:01:24,812 - INFO - Valid Loss: 1.8764
2026-08-24 08:01:26,164 - INFO - Epoch 324/1000, Train Loss: 1.3815
2026-08-24 08:01:26,824 - INFO - Valid Loss: 1.8700
2026-08-24 08:01:28,175 - INFO - Epoch 325/1000, Train Loss: 1.3737
2026-08-24 08:01:28,827 - INFO - Valid Loss: 1.8718
2026-08-24 08:01:30,160 - INFO - Epoch 326/1000, Train Loss: 1.3698
2026-08-24 08:01:30,819 - INFO - Valid Loss: 1.8697
2026-08-24 08:01:30,838 - INFO - Best model saved: 1.8697
2026-08-24 08:01:32,183 - INFO - Epoch 327/1000, Train Loss: 1.3676
2026-08-24 08:01:32,825 - INFO - Valid Loss: 1.8624
2026-08-24 08:01:32,844 - INFO - Best model saved: 1.8624
2026-08-24 08:01:34,205 - INFO - Epoch 328/1000, Train Loss: 1.3709
2026-08-24 08:01:34,863 - INFO - Valid Loss: 1.8677
2026-08-24 08:01:36,202 - INFO - Epoch 329/1000, Train Loss: 1.3642
2026-08-24 08:01:36,867 - INFO - Valid Loss: 1.8689
2026-08-24 08:01:38,202 - INFO - Epoch 330/1000, Train Loss: 1.3689
2026-08-24 08:01:38,871 - INFO - Valid Loss: 1.8683
2026-08-24 08:01:40,201 - INFO - Epoch 331/1000, Train Loss: 1.3687
2026-08-24 08:01:40,847 - INFO - Valid Loss: 1.8658
2026-08-24 08:01:42,171 - INFO - Epoch 332/1000, Train Loss: 1.3596
2026-08-24 08:01:42,825 - INFO - Valid Loss: 1.8663
2026-08-24 08:01:44,175 - INFO - Epoch 333/1000, Train Loss: 1.3573
2026-08-24 08:01:44,820 - INFO - Valid Loss: 1.8655
2026-08-24 08:01:46,163 - INFO - Epoch 334/1000, Train Loss: 1.3575
2026-08-24 08:01:46,819 - INFO - Valid Loss: 1.8652
2026-08-24 08:01:48,194 - INFO - Epoch 335/1000, Train Loss: 1.3570
2026-08-24 08:01:48,849 - INFO - Valid Loss: 1.8684
2026-08-24 08:01:50,207 - INFO - Epoch 336/1000, Train Loss: 1.3496
2026-08-24 08:01:50,861 - INFO - Valid Loss: 1.8662
2026-08-24 08:01:52,188 - INFO - Epoch 337/1000, Train Loss: 1.3532
2026-08-24 08:01:52,839 - INFO - Valid Loss: 1.8679
2026-08-24 08:01:52,840 - INFO - Early stopping triggered.
2026-08-24 08:01:53,627 - INFO - Final Epoch: 327
2026-08-24 08:01:53,627 - INFO - Final Test Recalls: {'Recall@5': 0.029915485399991056, 'Recall@10': 0.04793632339131601, 'Recall@20': 0.0712784510128337}
2026-08-24 08:01:53,627 - INFO - Final Test NDCGs: {'NDCG@5': 0.019229121995634296, 'NDCG@10': 0.02501543566477308, 'NDCG@20': 0.030868144469094215}
2026-08-24 08:04:49,998 - INFO - Config: {'dataset': 'Beauty', 'data': '.parquet', 'dataset_path': '../data/Beauty', 'batch_size': 128, 'infer_size': 128, 'num_epochs': 1000, 'lr': 0.001, 'weight_decay': 0.0, 'device': 'cuda', 'max_len': 20, 'embedding_dim': 64, 'num_blocks': 2, 'num_heads': 4, 'dqk': 32, 'dv': 32, 'dropout_rate': 0.1, 'num_negatives': 128, 'temperature': 0.05, 'item_l2_norm': True, 'early_stop': 10, 'topk_list': [5, 10, 20], 'seed': 2025, 'type': 'train', 'ckpt_path': 'None', 'save_path': './ckpt/hstu_Beauty.pth', 'log_path': './logs/hstu_Beauty.log'}
2026-08-24 08:04:51,111 - INFO - #Total params: 858304
2026-08-24 08:04:59,517 - INFO - Epoch 1/1000, Train Loss: 41.0262
2026-08-24 08:05:00,252 - INFO - Valid Loss: 37.4876
2026-08-24 08:05:00,271 - INFO - Best model saved: 37.4876
2026-08-24 08:05:01,641 - INFO - Epoch 2/1000, Train Loss: 32.9398
2026-08-24 08:05:02,327 - INFO - Valid Loss: 29.3983
2026-08-24 08:05:02,346 - INFO - Best model saved: 29.3983
2026-08-24 08:05:03,627 - INFO - Epoch 3/1000, Train Loss: 24.5192
2026-08-24 08:05:04,334 - INFO - Valid Loss: 16.6531
2026-08-24 08:05:04,352 - INFO - Best model saved: 16.6531
2026-08-24 08:05:05,634 - INFO - Epoch 4/1000, Train Loss: 8.9677
2026-08-24 08:05:06,335 - INFO - Valid Loss: 5.9665
2026-08-24 08:05:06,352 - INFO - Best model saved: 5.9665
2026-08-24 08:05:07,632 - INFO - Epoch 5/1000, Train Loss: 5.8618
2026-08-24 08:05:08,264 - INFO - Valid Loss: 5.5209
2026-08-24 08:05:08,282 - INFO - Best model saved: 5.5209
2026-08-24 08:05:09,589 - INFO - Epoch 6/1000, Train Loss: 5.4827
2026-08-24 08:05:10,219 - INFO - Valid Loss: 5.2811
2026-08-24 08:05:10,237 - INFO - Best model saved: 5.2811
2026-08-24 08:05:11,506 - INFO - Epoch 7/1000, Train Loss: 5.2527
2026-08-24 08:05:12,125 - INFO - Valid Loss: 5.1190
2026-08-24 08:05:12,143 - INFO - Best model saved: 5.1190
2026-08-24 08:05:13,402 - INFO - Epoch 8/1000, Train Loss: 5.0981
2026-08-24 08:05:14,022 - INFO - Valid Loss: 5.0072
2026-08-24 08:05:14,039 - INFO - Best model saved: 5.0072
2026-08-24 08:05:15,299 - INFO - Epoch 9/1000, Train Loss: 4.9897
2026-08-24 08:05:15,936 - INFO - Valid Loss: 4.9319
2026-08-24 08:05:15,954 - INFO - Best model saved: 4.9319
2026-08-24 08:05:17,211 - INFO - Epoch 10/1000, Train Loss: 4.9209
2026-08-24 08:05:17,839 - INFO - Valid Loss: 4.8862
2026-08-24 08:05:17,857 - INFO - Best model saved: 4.8862
2026-08-24 08:05:19,158 - INFO - Epoch 11/1000, Train Loss: 4.8796
2026-08-24 08:05:19,795 - INFO - Valid Loss: 4.8584
2026-08-24 08:05:19,814 - INFO - Best model saved: 4.8584
2026-08-24 08:05:21,089 - INFO - Epoch 12/1000, Train Loss: 4.8557
2026-08-24 08:05:21,705 - INFO - Valid Loss: 4.8427
2026-08-24 08:05:21,724 - INFO - Best model saved: 4.8427
2026-08-24 08:05:23,002 - INFO - Epoch 13/1000, Train Loss: 4.8405
2026-08-24 08:05:23,652 - INFO - Valid Loss: 4.8317
2026-08-24 08:05:23,672 - INFO - Best model saved: 4.8317
2026-08-24 08:05:24,953 - INFO - Epoch 14/1000, Train Loss: 4.8311
2026-08-24 08:05:25,604 - INFO - Valid Loss: 4.8236
2026-08-24 08:05:25,622 - INFO - Best model saved: 4.8236
2026-08-24 08:05:26,905 - INFO - Epoch 15/1000, Train Loss: 4.8206
2026-08-24 08:05:27,535 - INFO - Valid Loss: 4.8144
2026-08-24 08:05:27,554 - INFO - Best model saved: 4.8144
2026-08-24 08:05:28,817 - INFO - Epoch 16/1000, Train Loss: 4.8094
2026-08-24 08:05:29,450 - INFO - Valid Loss: 4.8038
2026-08-24 08:05:29,468 - INFO - Best model saved: 4.8038
2026-08-24 08:05:30,742 - INFO - Epoch 17/1000, Train Loss: 4.7960
2026-08-24 08:05:31,366 - INFO - Valid Loss: 4.7883
2026-08-24 08:05:31,384 - INFO - Best model saved: 4.7883
2026-08-24 08:05:32,647 - INFO - Epoch 18/1000, Train Loss: 4.7815
2026-08-24 08:05:33,310 - INFO - Valid Loss: 4.7723
2026-08-24 08:05:33,327 - INFO - Best model saved: 4.7723
2026-08-24 08:05:34,571 - INFO - Epoch 19/1000, Train Loss: 4.7588
2026-08-24 08:05:35,189 - INFO - Valid Loss: 4.7488
2026-08-24 08:05:35,207 - INFO - Best model saved: 4.7488
2026-08-24 08:05:36,447 - INFO - Epoch 20/1000, Train Loss: 4.7294
2026-08-24 08:05:37,079 - INFO - Valid Loss: 4.7156
2026-08-24 08:05:37,097 - INFO - Best model saved: 4.7156
2026-08-24 08:05:38,352 - INFO - Epoch 21/1000, Train Loss: 4.6890
2026-08-24 08:05:38,977 - INFO - Valid Loss: 4.6697
2026-08-24 08:05:38,997 - INFO - Best model saved: 4.6697
2026-08-24 08:05:40,241 - INFO - Epoch 22/1000, Train Loss: 4.6372
2026-08-24 08:05:40,867 - INFO - Valid Loss: 4.6136
2026-08-24 08:05:40,886 - INFO - Best model saved: 4.6136
2026-08-24 08:05:42,169 - INFO - Epoch 23/1000, Train Loss: 4.5722
2026-08-24 08:05:42,796 - INFO - Valid Loss: 4.5462
2026-08-24 08:05:42,816 - INFO - Best model saved: 4.5462
2026-08-24 08:05:44,084 - INFO - Epoch 24/1000, Train Loss: 4.5010
2026-08-24 08:05:44,715 - INFO - Valid Loss: 4.4764
2026-08-24 08:05:44,733 - INFO - Best model saved: 4.4764
2026-08-24 08:05:46,020 - INFO - Epoch 25/1000, Train Loss: 4.4307
2026-08-24 08:05:46,646 - INFO - Valid Loss: 4.4097
2026-08-24 08:05:46,666 - INFO - Best model saved: 4.4097
2026-08-24 08:05:47,922 - INFO - Epoch 26/1000, Train Loss: 4.3643
2026-08-24 08:05:48,552 - INFO - Valid Loss: 4.3523
2026-08-24 08:05:48,570 - INFO - Best model saved: 4.3523
2026-08-24 08:05:49,834 - INFO - Epoch 27/1000, Train Loss: 4.3062
2026-08-24 08:05:50,454 - INFO - Valid Loss: 4.3025
2026-08-24 08:05:50,474 - INFO - Best model saved: 4.3025
2026-08-24 08:05:51,727 - INFO - Epoch 28/1000, Train Loss: 4.2556
2026-08-24 08:05:52,343 - INFO - Valid Loss: 4.2571
2026-08-24 08:05:52,360 - INFO - Best model saved: 4.2571
2026-08-24 08:05:53,602 - INFO - Epoch 29/1000, Train Loss: 4.2111
2026-08-24 08:05:54,225 - INFO - Valid Loss: 4.2195
2026-08-24 08:05:54,243 - INFO - Best model saved: 4.2195
2026-08-24 08:05:55,486 - INFO - Epoch 30/1000, Train Loss: 4.1724
2026-08-24 08:05:56,108 - INFO - Valid Loss: 4.1834
2026-08-24 08:05:56,125 - INFO - Best model saved: 4.1834
2026-08-24 08:05:57,380 - INFO - Epoch 31/1000, Train Loss: 4.1350
2026-08-24 08:05:58,016 - INFO - Valid Loss: 4.1491
2026-08-24 08:05:58,034 - INFO - Best model saved: 4.1491
2026-08-24 08:05:59,294 - INFO - Epoch 32/1000, Train Loss: 4.0977
2026-08-24 08:05:59,914 - INFO - Valid Loss: 4.1112
2026-08-24 08:05:59,931 - INFO - Best model saved: 4.1112
2026-08-24 08:06:01,215 - INFO - Epoch 33/1000, Train Loss: 4.0623
2026-08-24 08:06:01,852 - INFO - Valid Loss: 4.0766
2026-08-24 08:06:01,871 - INFO - Best model saved: 4.0766
2026-08-24 08:06:03,203 - INFO - Epoch 34/1000, Train Loss: 4.0260
2026-08-24 08:06:03,825 - INFO - Valid Loss: 4.0396
2026-08-24 08:06:03,844 - INFO - Best model saved: 4.0396
2026-08-24 08:06:05,174 - INFO - Epoch 35/1000, Train Loss: 3.9916
2026-08-24 08:06:05,803 - INFO - Valid Loss: 4.0065
2026-08-24 08:06:05,821 - INFO - Best model saved: 4.0065
2026-08-24 08:06:07,122 - INFO - Epoch 36/1000, Train Loss: 3.9547
2026-08-24 08:06:07,764 - INFO - Valid Loss: 3.9718
2026-08-24 08:06:07,782 - INFO - Best model saved: 3.9718
2026-08-24 08:06:09,073 - INFO - Epoch 37/1000, Train Loss: 3.9234
2026-08-24 08:06:09,700 - INFO - Valid Loss: 3.9398
2026-08-24 08:06:09,718 - INFO - Best model saved: 3.9398
2026-08-24 08:06:11,002 - INFO - Epoch 38/1000, Train Loss: 3.8915
2026-08-24 08:06:11,651 - INFO - Valid Loss: 3.9108
2026-08-24 08:06:11,671 - INFO - Best model saved: 3.9108
2026-08-24 08:06:12,926 - INFO - Epoch 39/1000, Train Loss: 3.8636
2026-08-24 08:06:13,555 - INFO - Valid Loss: 3.8816
2026-08-24 08:06:13,574 - INFO - Best model saved: 3.8816
2026-08-24 08:06:14,821 - INFO - Epoch 40/1000, Train Loss: 3.8340
2026-08-24 08:06:15,453 - INFO - Valid Loss: 3.8523
2026-08-24 08:06:15,471 - INFO - Best model saved: 3.8523
2026-08-24 08:06:16,729 - INFO - Epoch 41/1000, Train Loss: 3.8014
2026-08-24 08:06:17,368 - INFO - Valid Loss: 3.8227
2026-08-24 08:06:17,385 - INFO - Best model saved: 3.8227
2026-08-24 08:06:18,653 - INFO - Epoch 42/1000, Train Loss: 3.7711
2026-08-24 08:06:19,294 - INFO - Valid Loss: 3.7903
2026-08-24 08:06:19,312 - INFO - Best model saved: 3.7903
2026-08-24 08:06:20,577 - INFO - Epoch 43/1000, Train Loss: 3.7401
2026-08-24 08:06:21,201 - INFO - Valid Loss: 3.7598
2026-08-24 08:06:21,220 - INFO - Best model saved: 3.7598
2026-08-24 08:06:22,479 - INFO - Epoch 44/1000, Train Loss: 3.7103
2026-08-24 08:06:23,117 - INFO - Valid Loss: 3.7316
2026-08-24 08:06:23,135 - INFO - Best model saved: 3.7316
2026-08-24 08:06:24,400 - INFO - Epoch 45/1000, Train Loss: 3.6790
2026-08-24 08:06:25,032 - INFO - Valid Loss: 3.7002
2026-08-24 08:06:25,049 - INFO - Best model saved: 3.7002
2026-08-24 08:06:26,325 - INFO - Epoch 46/1000, Train Loss: 3.6492
2026-08-24 08:06:26,958 - INFO - Valid Loss: 3.6668
2026-08-24 08:06:26,979 - INFO - Best model saved: 3.6668
2026-08-24 08:06:28,262 - INFO - Epoch 47/1000, Train Loss: 3.6223
2026-08-24 08:06:28,897 - INFO - Valid Loss: 3.6384
2026-08-24 08:06:28,915 - INFO - Best model saved: 3.6384
2026-08-24 08:06:30,183 - INFO - Epoch 48/1000, Train Loss: 3.5908
2026-08-24 08:06:30,810 - INFO - Valid Loss: 3.6099
2026-08-24 08:06:30,828 - INFO - Best model saved: 3.6099
2026-08-24 08:06:32,091 - INFO - Epoch 49/1000, Train Loss: 3.5608
2026-08-24 08:06:32,749 - INFO - Valid Loss: 3.5812
2026-08-24 08:06:32,768 - INFO - Best model saved: 3.5812
2026-08-24 08:06:34,033 - INFO - Epoch 50/1000, Train Loss: 3.5327
2026-08-24 08:06:34,664 - INFO - Valid Loss: 3.5480
2026-08-24 08:06:34,682 - INFO - Best model saved: 3.5480
2026-08-24 08:06:35,937 - INFO - Epoch 51/1000, Train Loss: 3.5014
2026-08-24 08:06:36,583 - INFO - Valid Loss: 3.5224
2026-08-24 08:06:36,601 - INFO - Best model saved: 3.5224
2026-08-24 08:06:37,940 - INFO - Epoch 52/1000, Train Loss: 3.4719
2026-08-24 08:06:38,574 - INFO - Valid Loss: 3.4877
2026-08-24 08:06:38,593 - INFO - Best model saved: 3.4877
2026-08-24 08:06:39,871 - INFO - Epoch 53/1000, Train Loss: 3.4448
2026-08-24 08:06:40,505 - INFO - Valid Loss: 3.4597
2026-08-24 08:06:40,524 - INFO - Best model saved: 3.4597
2026-08-24 08:06:41,796 - INFO - Epoch 54/1000, Train Loss: 3.4144
2026-08-24 08:06:42,432 - INFO - Valid Loss: 3.4297
2026-08-24 08:06:42,450 - INFO - Best model saved: 3.4297
2026-08-24 08:06:43,716 - INFO - Epoch 55/1000, Train Loss: 3.3821
2026-08-24 08:06:44,348 - INFO - Valid Loss: 3.4009
2026-08-24 08:06:44,367 - INFO - Best model saved: 3.4009
2026-08-24 08:06:45,630 - INFO - Epoch 56/1000, Train Loss: 3.3547
2026-08-24 08:06:46,252 - INFO - Valid Loss: 3.3771
2026-08-24 08:06:46,270 - INFO - Best model saved: 3.3771
2026-08-24 08:06:47,539 - INFO - Epoch 57/1000, Train Loss: 3.3300
2026-08-24 08:06:48,171 - INFO - Valid Loss: 3.3489
2026-08-24 08:06:48,189 - INFO - Best model saved: 3.3489
2026-08-24 08:06:49,440 - INFO - Epoch 58/1000, Train Loss: 3.2983
2026-08-24 08:06:50,061 - INFO - Valid Loss: 3.3264
2026-08-24 08:06:50,079 - INFO - Best model saved: 3.3264
2026-08-24 08:06:51,342 - INFO - Epoch 59/1000, Train Loss: 3.2723
2026-08-24 08:06:51,966 - INFO - Valid Loss: 3.2941
2026-08-24 08:06:51,985 - INFO - Best model saved: 3.2941
2026-08-24 08:06:53,256 - INFO - Epoch 60/1000, Train Loss: 3.2458
2026-08-24 08:06:53,894 - INFO - Valid Loss: 3.2677
2026-08-24 08:06:53,913 - INFO - Best model saved: 3.2677
2026-08-24 08:06:55,194 - INFO - Epoch 61/1000, Train Loss: 3.2179
2026-08-24 08:06:55,826 - INFO - Valid Loss: 3.2445
2026-08-24 08:06:55,845 - INFO - Best model saved: 3.2445
2026-08-24 08:06:57,118 - INFO - Epoch 62/1000, Train Loss: 3.1925
2026-08-24 08:06:57,741 - INFO - Valid Loss: 3.2216
2026-08-24 08:06:57,759 - INFO - Best model saved: 3.2216
2026-08-24 08:06:59,032 - INFO - Epoch 63/1000, Train Loss: 3.1642
2026-08-24 08:06:59,654 - INFO - Valid Loss: 3.1991
2026-08-24 08:06:59,671 - INFO - Best model saved: 3.1991
2026-08-24 08:07:00,930 - INFO - Epoch 64/1000, Train Loss: 3.1443
2026-08-24 08:07:01,562 - INFO - Valid Loss: 3.1741
2026-08-24 08:07:01,580 - INFO - Best model saved: 3.1741
2026-08-24 08:07:02,830 - INFO - Epoch 65/1000, Train Loss: 3.1195
2026-08-24 08:07:03,454 - INFO - Valid Loss: 3.1553
2026-08-24 08:07:03,472 - INFO - Best model saved: 3.1553
2026-08-24 08:07:04,721 - INFO - Epoch 66/1000, Train Loss: 3.0918
2026-08-24 08:07:05,342 - INFO - Valid Loss: 3.1325
2026-08-24 08:07:05,359 - INFO - Best model saved: 3.1325
2026-08-24 08:07:06,642 - INFO - Epoch 67/1000, Train Loss: 3.0665
2026-08-24 08:07:07,357 - INFO - Valid Loss: 3.1086
2026-08-24 08:07:07,376 - INFO - Best model saved: 3.1086
2026-08-24 08:07:08,640 - INFO - Epoch 68/1000, Train Loss: 3.0470
2026-08-24 08:07:09,314 - INFO - Valid Loss: 3.0882
2026-08-24 08:07:09,333 - INFO - Best model saved: 3.0882
2026-08-24 08:07:10,953 - INFO - Epoch 69/1000, Train Loss: 3.0186
2026-08-24 08:07:11,595 - INFO - Valid Loss: 3.0686
2026-08-24 08:07:11,612 - INFO - Best model saved: 3.0686
2026-08-24 08:07:12,890 - INFO - Epoch 70/1000, Train Loss: 3.0016
2026-08-24 08:07:13,536 - INFO - Valid Loss: 3.0513
2026-08-24 08:07:13,553 - INFO - Best model saved: 3.0513
2026-08-24 08:07:14,818 - INFO - Epoch 71/1000, Train Loss: 2.9724
2026-08-24 08:07:15,453 - INFO - Valid Loss: 3.0294
2026-08-24 08:07:15,471 - INFO - Best model saved: 3.0294
2026-08-24 08:07:16,742 - INFO - Epoch 72/1000, Train Loss: 2.9532
2026-08-24 08:07:17,390 - INFO - Valid Loss: 3.0074
2026-08-24 08:07:17,407 - INFO - Best model saved: 3.0074
2026-08-24 08:07:18,679 - INFO - Epoch 73/1000, Train Loss: 2.9314
2026-08-24 08:07:19,306 - INFO - Valid Loss: 2.9870
2026-08-24 08:07:19,324 - INFO - Best model saved: 2.9870
2026-08-24 08:07:20,591 - INFO - Epoch 74/1000, Train Loss: 2.9102
2026-08-24 08:07:21,237 - INFO - Valid Loss: 2.9681
2026-08-24 08:07:21,255 - INFO - Best model saved: 2.9681
2026-08-24 08:07:22,515 - INFO - Epoch 75/1000, Train Loss: 2.8852
2026-08-24 08:07:23,144 - INFO - Valid Loss: 2.9512
2026-08-24 08:07:23,163 - INFO - Best model saved: 2.9512
2026-08-24 08:07:24,426 - INFO - Epoch 76/1000, Train Loss: 2.8669
2026-08-24 08:07:25,055 - INFO - Valid Loss: 2.9338
2026-08-24 08:07:25,073 - INFO - Best model saved: 2.9338
2026-08-24 08:07:26,352 - INFO - Epoch 77/1000, Train Loss: 2.8450
2026-08-24 08:07:26,978 - INFO - Valid Loss: 2.9137
2026-08-24 08:07:26,998 - INFO - Best model saved: 2.9137
2026-08-24 08:07:28,262 - INFO - Epoch 78/1000, Train Loss: 2.8259
2026-08-24 08:07:28,894 - INFO - Valid Loss: 2.9014
2026-08-24 08:07:28,912 - INFO - Best model saved: 2.9014
2026-08-24 08:07:30,177 - INFO - Epoch 79/1000, Train Loss: 2.8119
2026-08-24 08:07:30,814 - INFO - Valid Loss: 2.8814
2026-08-24 08:07:30,832 - INFO - Best model saved: 2.8814
2026-08-24 08:07:32,116 - INFO - Epoch 80/1000, Train Loss: 2.7879
2026-08-24 08:07:32,758 - INFO - Valid Loss: 2.8631
2026-08-24 08:07:32,776 - INFO - Best model saved: 2.8631
2026-08-24 08:07:34,055 - INFO - Epoch 81/1000, Train Loss: 2.7664
2026-08-24 08:07:34,688 - INFO - Valid Loss: 2.8480
2026-08-24 08:07:34,705 - INFO - Best model saved: 2.8480
2026-08-24 08:07:35,994 - INFO - Epoch 82/1000, Train Loss: 2.7488
2026-08-24 08:07:36,624 - INFO - Valid Loss: 2.8352
2026-08-24 08:07:36,642 - INFO - Best model saved: 2.8352
2026-08-24 08:07:37,942 - INFO - Epoch 83/1000, Train Loss: 2.7315
2026-08-24 08:07:38,579 - INFO - Valid Loss: 2.8203
2026-08-24 08:07:38,597 - INFO - Best model saved: 2.8203
2026-08-24 08:07:39,867 - INFO - Epoch 84/1000, Train Loss: 2.7122
2026-08-24 08:07:40,498 - INFO - Valid Loss: 2.8073
2026-08-24 08:07:40,515 - INFO - Best model saved: 2.8073
2026-08-24 08:07:41,779 - INFO - Epoch 85/1000, Train Loss: 2.6954
2026-08-24 08:07:42,497 - INFO - Valid Loss: 2.7947
2026-08-24 08:07:42,515 - INFO - Best model saved: 2.7947
2026-08-24 08:07:43,777 - INFO - Epoch 86/1000, Train Loss: 2.6754
2026-08-24 08:07:44,415 - INFO - Valid Loss: 2.7763
2026-08-24 08:07:44,432 - INFO - Best model saved: 2.7763
2026-08-24 08:07:45,705 - INFO - Epoch 87/1000, Train Loss: 2.6556
2026-08-24 08:07:46,344 - INFO - Valid Loss: 2.7616
2026-08-24 08:07:46,361 - INFO - Best model saved: 2.7616
2026-08-24 08:07:47,623 - INFO - Epoch 88/1000, Train Loss: 2.6412
2026-08-24 08:07:48,250 - INFO - Valid Loss: 2.7519
2026-08-24 08:07:48,268 - INFO - Best model saved: 2.7519
2026-08-24 08:07:49,535 - INFO - Epoch 89/1000, Train Loss: 2.6224
2026-08-24 08:07:50,170 - INFO - Valid Loss: 2.7308
2026-08-24 08:07:50,188 - INFO - Best model saved: 2.7308
2026-08-24 08:07:51,446 - INFO - Epoch 90/1000, Train Loss: 2.6067
2026-08-24 08:07:52,077 - INFO - Valid Loss: 2.7241
2026-08-24 08:07:52,096 - INFO - Best model saved: 2.7241
2026-08-24 08:07:53,350 - INFO - Epoch 91/1000, Train Loss: 2.5912
2026-08-24 08:07:53,985 - INFO - Valid Loss: 2.7098
2026-08-24 08:07:54,002 - INFO - Best model saved: 2.7098
2026-08-24 08:07:55,267 - INFO - Epoch 92/1000, Train Loss: 2.5756
2026-08-24 08:07:55,905 - INFO - Valid Loss: 2.7016
2026-08-24 08:07:55,922 - INFO - Best model saved: 2.7016
2026-08-24 08:07:57,195 - INFO - Epoch 93/1000, Train Loss: 2.5533
2026-08-24 08:07:57,824 - INFO - Valid Loss: 2.6860
2026-08-24 08:07:57,841 - INFO - Best model saved: 2.6860
2026-08-24 08:07:59,117 - INFO - Epoch 94/1000, Train Loss: 2.5458
2026-08-24 08:07:59,749 - INFO - Valid Loss: 2.6749
2026-08-24 08:07:59,766 - INFO - Best model saved: 2.6749
2026-08-24 08:08:01,119 - INFO - Epoch 95/1000, Train Loss: 2.5260
2026-08-24 08:08:01,749 - INFO - Valid Loss: 2.6668
2026-08-24 08:08:01,767 - INFO - Best model saved: 2.6668
2026-08-24 08:08:03,020 - INFO - Epoch 96/1000, Train Loss: 2.5125
2026-08-24 08:08:03,647 - INFO - Valid Loss: 2.6497
2026-08-24 08:08:03,665 - INFO - Best model saved: 2.6497
2026-08-24 08:08:04,931 - INFO - Epoch 97/1000, Train Loss: 2.4981
2026-08-24 08:08:05,558 - INFO - Valid Loss: 2.6411
2026-08-24 08:08:05,576 - INFO - Best model saved: 2.6411
2026-08-24 08:08:06,860 - INFO - Epoch 98/1000, Train Loss: 2.4766
2026-08-24 08:08:07,508 - INFO - Valid Loss: 2.6308
2026-08-24 08:08:07,525 - INFO - Best model saved: 2.6308
2026-08-24 08:08:08,835 - INFO - Epoch 99/1000, Train Loss: 2.4670
2026-08-24 08:08:09,460 - INFO - Valid Loss: 2.6186
2026-08-24 08:08:09,478 - INFO - Best model saved: 2.6186
2026-08-24 08:08:10,729 - INFO - Epoch 100/1000, Train Loss: 2.4498
2026-08-24 08:08:11,359 - INFO - Valid Loss: 2.6052
2026-08-24 08:08:11,377 - INFO - Best model saved: 2.6052
2026-08-24 08:08:12,653 - INFO - Epoch 101/1000, Train Loss: 2.4399
2026-08-24 08:08:13,290 - INFO - Valid Loss: 2.5983
2026-08-24 08:08:13,307 - INFO - Best model saved: 2.5983
2026-08-24 08:08:14,585 - INFO - Epoch 102/1000, Train Loss: 2.4264
2026-08-24 08:08:15,232 - INFO - Valid Loss: 2.5827
2026-08-24 08:08:15,251 - INFO - Best model saved: 2.5827
2026-08-24 08:08:16,511 - INFO - Epoch 103/1000, Train Loss: 2.4105
2026-08-24 08:08:17,138 - INFO - Valid Loss: 2.5737
2026-08-24 08:08:17,157 - INFO - Best model saved: 2.5737
2026-08-24 08:08:18,433 - INFO - Epoch 104/1000, Train Loss: 2.3986
2026-08-24 08:08:19,062 - INFO - Valid Loss: 2.5700
2026-08-24 08:08:19,083 - INFO - Best model saved: 2.5700
2026-08-24 08:08:20,353 - INFO - Epoch 105/1000, Train Loss: 2.3820
2026-08-24 08:08:20,980 - INFO - Valid Loss: 2.5620
2026-08-24 08:08:20,999 - INFO - Best model saved: 2.5620
2026-08-24 08:08:22,268 - INFO - Epoch 106/1000, Train Loss: 2.3748
2026-08-24 08:08:22,888 - INFO - Valid Loss: 2.5500
2026-08-24 08:08:22,905 - INFO - Best model saved: 2.5500
2026-08-24 08:08:24,167 - INFO - Epoch 107/1000, Train Loss: 2.3547
2026-08-24 08:08:24,803 - INFO - Valid Loss: 2.5409
2026-08-24 08:08:24,821 - INFO - Best model saved: 2.5409
2026-08-24 08:08:26,086 - INFO - Epoch 108/1000, Train Loss: 2.3449
2026-08-24 08:08:26,719 - INFO - Valid Loss: 2.5343
2026-08-24 08:08:26,735 - INFO - Best model saved: 2.5343
2026-08-24 08:08:27,992 - INFO - Epoch 109/1000, Train Loss: 2.3333
2026-08-24 08:08:28,634 - INFO - Valid Loss: 2.5230
2026-08-24 08:08:28,652 - INFO - Best model saved: 2.5230
2026-08-24 08:08:29,929 - INFO - Epoch 110/1000, Train Loss: 2.3256
2026-08-24 08:08:30,573 - INFO - Valid Loss: 2.5109
2026-08-24 08:08:30,590 - INFO - Best model saved: 2.5109
2026-08-24 08:08:31,835 - INFO - Epoch 111/1000, Train Loss: 2.3055
2026-08-24 08:08:32,476 - INFO - Valid Loss: 2.5080
2026-08-24 08:08:32,493 - INFO - Best model saved: 2.5080
2026-08-24 08:08:33,742 - INFO - Epoch 112/1000, Train Loss: 2.2955
2026-08-24 08:08:34,380 - INFO - Valid Loss: 2.5045
2026-08-24 08:08:34,397 - INFO - Best model saved: 2.5045
2026-08-24 08:08:35,693 - INFO - Epoch 113/1000, Train Loss: 2.2854
2026-08-24 08:08:36,340 - INFO - Valid Loss: 2.4917
2026-08-24 08:08:36,358 - INFO - Best model saved: 2.4917
2026-08-24 08:08:37,625 - INFO - Epoch 114/1000, Train Loss: 2.2732
2026-08-24 08:08:38,258 - INFO - Valid Loss: 2.4803
2026-08-24 08:08:38,276 - INFO - Best model saved: 2.4803
2026-08-24 08:08:39,547 - INFO - Epoch 115/1000, Train Loss: 2.2564
2026-08-24 08:08:40,185 - INFO - Valid Loss: 2.4801
2026-08-24 08:08:40,202 - INFO - Best model saved: 2.4801
2026-08-24 08:08:41,467 - INFO - Epoch 116/1000, Train Loss: 2.2478
2026-08-24 08:08:42,104 - INFO - Valid Loss: 2.4683
2026-08-24 08:08:42,122 - INFO - Best model saved: 2.4683
2026-08-24 08:08:43,378 - INFO - Epoch 117/1000, Train Loss: 2.2342
2026-08-24 08:08:44,015 - INFO - Valid Loss: 2.4549
2026-08-24 08:08:44,033 - INFO - Best model saved: 2.4549
2026-08-24 08:08:45,306 - INFO - Epoch 118/1000, Train Loss: 2.2280
2026-08-24 08:08:45,945 - INFO - Valid Loss: 2.4556
2026-08-24 08:08:47,212 - INFO - Epoch 119/1000, Train Loss: 2.2143
2026-08-24 08:08:47,838 - INFO - Valid Loss: 2.4452
2026-08-24 08:08:47,855 - INFO - Best model saved: 2.4452
2026-08-24 08:08:49,106 - INFO - Epoch 120/1000, Train Loss: 2.2052
2026-08-24 08:08:49,748 - INFO - Valid Loss: 2.4382
2026-08-24 08:08:49,766 - INFO - Best model saved: 2.4382
2026-08-24 08:08:51,021 - INFO - Epoch 121/1000, Train Loss: 2.1955
2026-08-24 08:08:51,649 - INFO - Valid Loss: 2.4301
2026-08-24 08:08:51,667 - INFO - Best model saved: 2.4301
2026-08-24 08:08:52,915 - INFO - Epoch 122/1000, Train Loss: 2.1862
2026-08-24 08:08:53,536 - INFO - Valid Loss: 2.4233
2026-08-24 08:08:53,556 - INFO - Best model saved: 2.4233
2026-08-24 08:08:54,806 - INFO - Epoch 123/1000, Train Loss: 2.1682
2026-08-24 08:08:55,429 - INFO - Valid Loss: 2.4200
2026-08-24 08:08:55,447 - INFO - Best model saved: 2.4200
2026-08-24 08:08:56,708 - INFO - Epoch 124/1000, Train Loss: 2.1637
2026-08-24 08:08:57,348 - INFO - Valid Loss: 2.4112
2026-08-24 08:08:57,367 - INFO - Best model saved: 2.4112
2026-08-24 08:08:58,657 - INFO - Epoch 125/1000, Train Loss: 2.1506
2026-08-24 08:08:59,282 - INFO - Valid Loss: 2.4076
2026-08-24 08:08:59,301 - INFO - Best model saved: 2.4076
2026-08-24 08:09:00,544 - INFO - Epoch 126/1000, Train Loss: 2.1436
2026-08-24 08:09:01,183 - INFO - Valid Loss: 2.3950
2026-08-24 08:09:01,202 - INFO - Best model saved: 2.3950
2026-08-24 08:09:02,481 - INFO - Epoch 127/1000, Train Loss: 2.1291
2026-08-24 08:09:03,121 - INFO - Valid Loss: 2.3836
2026-08-24 08:09:03,139 - INFO - Best model saved: 2.3836
2026-08-24 08:09:04,409 - INFO - Epoch 128/1000, Train Loss: 2.1254
2026-08-24 08:09:05,037 - INFO - Valid Loss: 2.3880
2026-08-24 08:09:06,300 - INFO - Epoch 129/1000, Train Loss: 2.1135
2026-08-24 08:09:06,974 - INFO - Valid Loss: 2.3799
2026-08-24 08:09:06,992 - INFO - Best model saved: 2.3799
2026-08-24 08:09:08,250 - INFO - Epoch 130/1000, Train Loss: 2.1023
2026-08-24 08:09:08,897 - INFO - Valid Loss: 2.3711
2026-08-24 08:09:08,916 - INFO - Best model saved: 2.3711
2026-08-24 08:09:10,187 - INFO - Epoch 131/1000, Train Loss: 2.0917
2026-08-24 08:09:10,819 - INFO - Valid Loss: 2.3673
2026-08-24 08:09:10,837 - INFO - Best model saved: 2.3673
2026-08-24 08:09:12,100 - INFO - Epoch 132/1000, Train Loss: 2.0851
2026-08-24 08:09:12,720 - INFO - Valid Loss: 2.3647
2026-08-24 08:09:12,737 - INFO - Best model saved: 2.3647
2026-08-24 08:09:14,014 - INFO - Epoch 133/1000, Train Loss: 2.0712
2026-08-24 08:09:14,648 - INFO - Valid Loss: 2.3602
2026-08-24 08:09:14,666 - INFO - Best model saved: 2.3602
2026-08-24 08:09:15,912 - INFO - Epoch 134/1000, Train Loss: 2.0686
2026-08-24 08:09:16,539 - INFO - Valid Loss: 2.3485
2026-08-24 08:09:16,556 - INFO - Best model saved: 2.3485
2026-08-24 08:09:17,819 - INFO - Epoch 135/1000, Train Loss: 2.0557
2026-08-24 08:09:18,455 - INFO - Valid Loss: 2.3423
2026-08-24 08:09:18,473 - INFO - Best model saved: 2.3423
2026-08-24 08:09:19,747 - INFO - Epoch 136/1000, Train Loss: 2.0477
2026-08-24 08:09:20,377 - INFO - Valid Loss: 2.3432
2026-08-24 08:09:21,640 - INFO - Epoch 137/1000, Train Loss: 2.0450
2026-08-24 08:09:22,268 - INFO - Valid Loss: 2.3422
2026-08-24 08:09:22,286 - INFO - Best model saved: 2.3422
2026-08-24 08:09:23,568 - INFO - Epoch 138/1000, Train Loss: 2.0345
2026-08-24 08:09:24,198 - INFO - Valid Loss: 2.3356
2026-08-24 08:09:24,216 - INFO - Best model saved: 2.3356
2026-08-24 08:09:25,498 - INFO - Epoch 139/1000, Train Loss: 2.0223
2026-08-24 08:09:26,139 - INFO - Valid Loss: 2.3236
2026-08-24 08:09:26,157 - INFO - Best model saved: 2.3236
2026-08-24 08:09:27,436 - INFO - Epoch 140/1000, Train Loss: 2.0194
2026-08-24 08:09:28,063 - INFO - Valid Loss: 2.3170
2026-08-24 08:09:28,080 - INFO - Best model saved: 2.3170
2026-08-24 08:09:29,366 - INFO - Epoch 141/1000, Train Loss: 2.0045
2026-08-24 08:09:29,993 - INFO - Valid Loss: 2.3092
2026-08-24 08:09:30,010 - INFO - Best model saved: 2.3092
2026-08-24 08:09:31,274 - INFO - Epoch 142/1000, Train Loss: 1.9976
2026-08-24 08:09:31,903 - INFO - Valid Loss: 2.3101
2026-08-24 08:09:33,164 - INFO - Epoch 143/1000, Train Loss: 1.9892
2026-08-24 08:09:33,794 - INFO - Valid Loss: 2.3089
2026-08-24 08:09:33,812 - INFO - Best model saved: 2.3089
2026-08-24 08:09:35,065 - INFO - Epoch 144/1000, Train Loss: 1.9812
2026-08-24 08:09:35,710 - INFO - Valid Loss: 2.2981
2026-08-24 08:09:35,728 - INFO - Best model saved: 2.2981
2026-08-24 08:09:37,024 - INFO - Epoch 145/1000, Train Loss: 1.9780
2026-08-24 08:09:37,651 - INFO - Valid Loss: 2.2983
2026-08-24 08:09:38,929 - INFO - Epoch 146/1000, Train Loss: 1.9700
2026-08-24 08:09:39,589 - INFO - Valid Loss: 2.2910
2026-08-24 08:09:39,607 - INFO - Best model saved: 2.2910
2026-08-24 08:09:40,884 - INFO - Epoch 147/1000, Train Loss: 1.9603
2026-08-24 08:09:41,515 - INFO - Valid Loss: 2.2858
2026-08-24 08:09:41,532 - INFO - Best model saved: 2.2858
2026-08-24 08:09:42,801 - INFO - Epoch 148/1000, Train Loss: 1.9543
2026-08-24 08:09:43,452 - INFO - Valid Loss: 2.2813
2026-08-24 08:09:43,470 - INFO - Best model saved: 2.2813
2026-08-24 08:09:44,742 - INFO - Epoch 149/1000, Train Loss: 1.9459
2026-08-24 08:09:45,408 - INFO - Valid Loss: 2.2717
2026-08-24 08:09:45,426 - INFO - Best model saved: 2.2717
2026-08-24 08:09:46,693 - INFO - Epoch 150/1000, Train Loss: 1.9386
2026-08-24 08:09:47,319 - INFO - Valid Loss: 2.2701
2026-08-24 08:09:47,337 - INFO - Best model saved: 2.2701
2026-08-24 08:09:48,592 - INFO - Epoch 151/1000, Train Loss: 1.9308
2026-08-24 08:09:49,213 - INFO - Valid Loss: 2.2738
2026-08-24 08:09:50,454 - INFO - Epoch 152/1000, Train Loss: 1.9214
2026-08-24 08:09:51,073 - INFO - Valid Loss: 2.2693
2026-08-24 08:09:51,091 - INFO - Best model saved: 2.2693
2026-08-24 08:09:52,336 - INFO - Epoch 153/1000, Train Loss: 1.9149
2026-08-24 08:09:52,963 - INFO - Valid Loss: 2.2625
2026-08-24 08:09:52,979 - INFO - Best model saved: 2.2625
2026-08-24 08:09:54,231 - INFO - Epoch 154/1000, Train Loss: 1.9107
2026-08-24 08:09:54,850 - INFO - Valid Loss: 2.2564
2026-08-24 08:09:54,869 - INFO - Best model saved: 2.2564
2026-08-24 08:09:56,109 - INFO - Epoch 155/1000, Train Loss: 1.9031
2026-08-24 08:09:56,728 - INFO - Valid Loss: 2.2555
2026-08-24 08:09:56,744 - INFO - Best model saved: 2.2555
2026-08-24 08:09:57,996 - INFO - Epoch 156/1000, Train Loss: 1.8954
2026-08-24 08:09:58,625 - INFO - Valid Loss: 2.2520
2026-08-24 08:09:58,642 - INFO - Best model saved: 2.2520
2026-08-24 08:09:59,872 - INFO - Epoch 157/1000, Train Loss: 1.8871
2026-08-24 08:10:00,516 - INFO - Valid Loss: 2.2467
2026-08-24 08:10:00,533 - INFO - Best model saved: 2.2467
2026-08-24 08:10:01,777 - INFO - Epoch 158/1000, Train Loss: 1.8852
2026-08-24 08:10:02,406 - INFO - Valid Loss: 2.2478
2026-08-24 08:10:03,684 - INFO - Epoch 159/1000, Train Loss: 1.8753
2026-08-24 08:10:04,299 - INFO - Valid Loss: 2.2341
2026-08-24 08:10:04,316 - INFO - Best model saved: 2.2341
2026-08-24 08:10:05,559 - INFO - Epoch 160/1000, Train Loss: 1.8730
2026-08-24 08:10:06,185 - INFO - Valid Loss: 2.2390
2026-08-24 08:10:07,440 - INFO - Epoch 161/1000, Train Loss: 1.8635
2026-08-24 08:10:08,068 - INFO - Valid Loss: 2.2378
2026-08-24 08:10:09,355 - INFO - Epoch 162/1000, Train Loss: 1.8519
2026-08-24 08:10:09,975 - INFO - Valid Loss: 2.2366
2026-08-24 08:10:11,227 - INFO - Epoch 163/1000, Train Loss: 1.8500
2026-08-24 08:10:11,858 - INFO - Valid Loss: 2.2266
2026-08-24 08:10:11,876 - INFO - Best model saved: 2.2266
2026-08-24 08:10:13,141 - INFO - Epoch 164/1000, Train Loss: 1.8418
2026-08-24 08:10:13,768 - INFO - Valid Loss: 2.2248
2026-08-24 08:10:13,786 - INFO - Best model saved: 2.2248
2026-08-24 08:10:15,048 - INFO - Epoch 165/1000, Train Loss: 1.8379
2026-08-24 08:10:15,671 - INFO - Valid Loss: 2.2253
2026-08-24 08:10:16,940 - INFO - Epoch 166/1000, Train Loss: 1.8331
2026-08-24 08:10:17,573 - INFO - Valid Loss: 2.2140
2026-08-24 08:10:17,590 - INFO - Best model saved: 2.2140
2026-08-24 08:10:18,847 - INFO - Epoch 167/1000, Train Loss: 1.8261
2026-08-24 08:10:19,475 - INFO - Valid Loss: 2.2102
2026-08-24 08:10:19,493 - INFO - Best model saved: 2.2102
2026-08-24 08:10:20,752 - INFO - Epoch 168/1000, Train Loss: 1.8191
2026-08-24 08:10:21,394 - INFO - Valid Loss: 2.2020
2026-08-24 08:10:21,411 - INFO - Best model saved: 2.2020
2026-08-24 08:10:22,657 - INFO - Epoch 169/1000, Train Loss: 1.8106
2026-08-24 08:10:23,278 - INFO - Valid Loss: 2.2087
2026-08-24 08:10:24,520 - INFO - Epoch 170/1000, Train Loss: 1.8069
2026-08-24 08:10:25,151 - INFO - Valid Loss: 2.2048
2026-08-24 08:10:26,420 - INFO - Epoch 171/1000, Train Loss: 1.8034
2026-08-24 08:10:27,043 - INFO - Valid Loss: 2.2052
2026-08-24 08:10:28,302 - INFO - Epoch 172/1000, Train Loss: 1.7916
2026-08-24 08:10:28,933 - INFO - Valid Loss: 2.2002
2026-08-24 08:10:28,950 - INFO - Best model saved: 2.2002
2026-08-24 08:10:30,210 - INFO - Epoch 173/1000, Train Loss: 1.7839
2026-08-24 08:10:30,850 - INFO - Valid Loss: 2.1959
2026-08-24 08:10:30,868 - INFO - Best model saved: 2.1959
2026-08-24 08:10:32,142 - INFO - Epoch 174/1000, Train Loss: 1.7831
2026-08-24 08:10:32,781 - INFO - Valid Loss: 2.1924
2026-08-24 08:10:32,799 - INFO - Best model saved: 2.1924
2026-08-24 08:10:34,075 - INFO - Epoch 175/1000, Train Loss: 1.7736
2026-08-24 08:10:34,701 - INFO - Valid Loss: 2.2012
2026-08-24 08:10:35,967 - INFO - Epoch 176/1000, Train Loss: 1.7756
2026-08-24 08:10:36,595 - INFO - Valid Loss: 2.1831
2026-08-24 08:10:36,614 - INFO - Best model saved: 2.1831
2026-08-24 08:10:37,924 - INFO - Epoch 177/1000, Train Loss: 1.7649
2026-08-24 08:10:38,548 - INFO - Valid Loss: 2.1801
2026-08-24 08:10:38,567 - INFO - Best model saved: 2.1801
2026-08-24 08:10:39,825 - INFO - Epoch 178/1000, Train Loss: 1.7607
2026-08-24 08:10:40,451 - INFO - Valid Loss: 2.1813
2026-08-24 08:10:41,700 - INFO - Epoch 179/1000, Train Loss: 1.7586
2026-08-24 08:10:42,354 - INFO - Valid Loss: 2.1769
2026-08-24 08:10:42,372 - INFO - Best model saved: 2.1769
2026-08-24 08:10:43,622 - INFO - Epoch 180/1000, Train Loss: 1.7544
2026-08-24 08:10:44,248 - INFO - Valid Loss: 2.1805
2026-08-24 08:10:45,510 - INFO - Epoch 181/1000, Train Loss: 1.7439
2026-08-24 08:10:46,135 - INFO - Valid Loss: 2.1715
2026-08-24 08:10:46,153 - INFO - Best model saved: 2.1715
2026-08-24 08:10:47,411 - INFO - Epoch 182/1000, Train Loss: 1.7386
2026-08-24 08:10:48,054 - INFO - Valid Loss: 2.1731
2026-08-24 08:10:49,322 - INFO - Epoch 183/1000, Train Loss: 1.7404
2026-08-24 08:10:49,957 - INFO - Valid Loss: 2.1692
2026-08-24 08:10:49,975 - INFO - Best model saved: 2.1692
2026-08-24 08:10:51,260 - INFO - Epoch 184/1000, Train Loss: 1.7325
2026-08-24 08:10:51,885 - INFO - Valid Loss: 2.1614
2026-08-24 08:10:51,903 - INFO - Best model saved: 2.1614
2026-08-24 08:10:53,163 - INFO - Epoch 185/1000, Train Loss: 1.7252
2026-08-24 08:10:53,793 - INFO - Valid Loss: 2.1628
2026-08-24 08:10:55,056 - INFO - Epoch 186/1000, Train Loss: 1.7266
2026-08-24 08:10:55,680 - INFO - Valid Loss: 2.1579
2026-08-24 08:10:55,698 - INFO - Best model saved: 2.1579
2026-08-24 08:10:56,946 - INFO - Epoch 187/1000, Train Loss: 1.7105
2026-08-24 08:10:57,569 - INFO - Valid Loss: 2.1585
2026-08-24 08:10:58,829 - INFO - Epoch 188/1000, Train Loss: 1.7078
2026-08-24 08:10:59,484 - INFO - Valid Loss: 2.1585
2026-08-24 08:11:00,767 - INFO - Epoch 189/1000, Train Loss: 1.7026
2026-08-24 08:11:01,405 - INFO - Valid Loss: 2.1527
2026-08-24 08:11:01,422 - INFO - Best model saved: 2.1527
2026-08-24 08:11:02,708 - INFO - Epoch 190/1000, Train Loss: 1.6998
2026-08-24 08:11:03,347 - INFO - Valid Loss: 2.1486
2026-08-24 08:11:03,375 - INFO - Best model saved: 2.1486
2026-08-24 08:11:04,646 - INFO - Epoch 191/1000, Train Loss: 1.7065
2026-08-24 08:11:05,279 - INFO - Valid Loss: 2.1403
2026-08-24 08:11:05,296 - INFO - Best model saved: 2.1403
2026-08-24 08:11:06,540 - INFO - Epoch 192/1000, Train Loss: 1.6953
2026-08-24 08:11:07,200 - INFO - Valid Loss: 2.1465
2026-08-24 08:11:08,503 - INFO - Epoch 193/1000, Train Loss: 1.6811
2026-08-24 08:11:09,136 - INFO - Valid Loss: 2.1488
2026-08-24 08:11:10,419 - INFO - Epoch 194/1000, Train Loss: 1.6842
2026-08-24 08:11:11,040 - INFO - Valid Loss: 2.1406
2026-08-24 08:11:12,304 - INFO - Epoch 195/1000, Train Loss: 1.6792
2026-08-24 08:11:12,933 - INFO - Valid Loss: 2.1378
2026-08-24 08:11:12,950 - INFO - Best model saved: 2.1378
2026-08-24 08:11:14,212 - INFO - Epoch 196/1000, Train Loss: 1.6730
2026-08-24 08:11:14,974 - INFO - Valid Loss: 2.1410
2026-08-24 08:11:16,249 - INFO - Epoch 197/1000, Train Loss: 1.6668
2026-08-24 08:11:16,874 - INFO - Valid Loss: 2.1343
2026-08-24 08:11:16,891 - INFO - Best model saved: 2.1343
2026-08-24 08:11:18,168 - INFO - Epoch 198/1000, Train Loss: 1.6643
2026-08-24 08:11:18,800 - INFO - Valid Loss: 2.1374
2026-08-24 08:11:20,069 - INFO - Epoch 199/1000, Train Loss: 1.6639
2026-08-24 08:11:20,766 - INFO - Valid Loss: 2.1340
2026-08-24 08:11:20,783 - INFO - Best model saved: 2.1340
2026-08-24 08:11:22,047 - INFO - Epoch 200/1000, Train Loss: 1.6587
2026-08-24 08:11:22,670 - INFO - Valid Loss: 2.1295
2026-08-24 08:11:22,687 - INFO - Best model saved: 2.1295
2026-08-24 08:11:23,954 - INFO - Epoch 201/1000, Train Loss: 1.6512
2026-08-24 08:11:24,583 - INFO - Valid Loss: 2.1257
2026-08-24 08:11:24,601 - INFO - Best model saved: 2.1257
2026-08-24 08:11:25,858 - INFO - Epoch 202/1000, Train Loss: 1.6489
2026-08-24 08:11:26,487 - INFO - Valid Loss: 2.1262
2026-08-24 08:11:27,764 - INFO - Epoch 203/1000, Train Loss: 1.6422
2026-08-24 08:11:28,399 - INFO - Valid Loss: 2.1251
2026-08-24 08:11:28,418 - INFO - Best model saved: 2.1251
2026-08-24 08:11:29,712 - INFO - Epoch 204/1000, Train Loss: 1.6364
2026-08-24 08:11:30,339 - INFO - Valid Loss: 2.1243
2026-08-24 08:11:30,358 - INFO - Best model saved: 2.1243
2026-08-24 08:11:31,619 - INFO - Epoch 205/1000, Train Loss: 1.6339
2026-08-24 08:11:32,244 - INFO - Valid Loss: 2.1183
2026-08-24 08:11:32,264 - INFO - Best model saved: 2.1183
2026-08-24 08:11:33,552 - INFO - Epoch 206/1000, Train Loss: 1.6313
2026-08-24 08:11:34,178 - INFO - Valid Loss: 2.1134
2026-08-24 08:11:34,197 - INFO - Best model saved: 2.1134
2026-08-24 08:11:35,471 - INFO - Epoch 207/1000, Train Loss: 1.6286
2026-08-24 08:11:36,104 - INFO - Valid Loss: 2.1208
2026-08-24 08:11:37,380 - INFO - Epoch 208/1000, Train Loss: 1.6260
2026-08-24 08:11:38,014 - INFO - Valid Loss: 2.1161
2026-08-24 08:11:39,295 - INFO - Epoch 209/1000, Train Loss: 1.6171
2026-08-24 08:11:39,950 - INFO - Valid Loss: 2.1227
2026-08-24 08:11:41,222 - INFO - Epoch 210/1000, Train Loss: 1.6116
2026-08-24 08:11:41,855 - INFO - Valid Loss: 2.1108
2026-08-24 08:11:41,875 - INFO - Best model saved: 2.1108
2026-08-24 08:11:43,151 - INFO - Epoch 211/1000, Train Loss: 1.6169
2026-08-24 08:11:43,785 - INFO - Valid Loss: 2.1079
2026-08-24 08:11:43,804 - INFO - Best model saved: 2.1079
2026-08-24 08:11:45,161 - INFO - Epoch 212/1000, Train Loss: 1.6108
2026-08-24 08:11:45,812 - INFO - Valid Loss: 2.1051
2026-08-24 08:11:45,830 - INFO - Best model saved: 2.1051
2026-08-24 08:11:47,121 - INFO - Epoch 213/1000, Train Loss: 1.6043
2026-08-24 08:11:47,766 - INFO - Valid Loss: 2.1107
2026-08-24 08:11:49,071 - INFO - Epoch 214/1000, Train Loss: 1.5965
2026-08-24 08:11:49,727 - INFO - Valid Loss: 2.1149
2026-08-24 08:11:51,005 - INFO - Epoch 215/1000, Train Loss: 1.5965
2026-08-24 08:11:51,629 - INFO - Valid Loss: 2.1069
2026-08-24 08:11:52,925 - INFO - Epoch 216/1000, Train Loss: 1.5942
2026-08-24 08:11:53,581 - INFO - Valid Loss: 2.0984
2026-08-24 08:11:53,600 - INFO - Best model saved: 2.0984
2026-08-24 08:11:54,868 - INFO - Epoch 217/1000, Train Loss: 1.5950
2026-08-24 08:11:55,497 - INFO - Valid Loss: 2.0911
2026-08-24 08:11:55,515 - INFO - Best model saved: 2.0911
2026-08-24 08:11:56,801 - INFO - Epoch 218/1000, Train Loss: 1.5932
2026-08-24 08:11:57,425 - INFO - Valid Loss: 2.0968
2026-08-24 08:11:58,681 - INFO - Epoch 219/1000, Train Loss: 1.5822
2026-08-24 08:11:59,307 - INFO - Valid Loss: 2.0967
2026-08-24 08:12:00,573 - INFO - Epoch 220/1000, Train Loss: 1.5816
2026-08-24 08:12:01,204 - INFO - Valid Loss: 2.0963
2026-08-24 08:12:02,460 - INFO - Epoch 221/1000, Train Loss: 1.5778
2026-08-24 08:12:03,104 - INFO - Valid Loss: 2.0955
2026-08-24 08:12:04,384 - INFO - Epoch 222/1000, Train Loss: 1.5754
2026-08-24 08:12:05,032 - INFO - Valid Loss: 2.0915
2026-08-24 08:12:06,314 - INFO - Epoch 223/1000, Train Loss: 1.5677
2026-08-24 08:12:06,967 - INFO - Valid Loss: 2.0893
2026-08-24 08:12:06,988 - INFO - Best model saved: 2.0893
2026-08-24 08:12:08,261 - INFO - Epoch 224/1000, Train Loss: 1.5680
2026-08-24 08:12:08,908 - INFO - Valid Loss: 2.0873
2026-08-24 08:12:08,926 - INFO - Best model saved: 2.0873
2026-08-24 08:12:10,216 - INFO - Epoch 225/1000, Train Loss: 1.5617
2026-08-24 08:12:10,848 - INFO - Valid Loss: 2.0882
2026-08-24 08:12:12,146 - INFO - Epoch 226/1000, Train Loss: 1.5564
2026-08-24 08:12:12,783 - INFO - Valid Loss: 2.0835
2026-08-24 08:12:12,802 - INFO - Best model saved: 2.0835
2026-08-24 08:12:14,081 - INFO - Epoch 227/1000, Train Loss: 1.5559
2026-08-24 08:12:14,715 - INFO - Valid Loss: 2.0833
2026-08-24 08:12:14,734 - INFO - Best model saved: 2.0833
2026-08-24 08:12:16,011 - INFO - Epoch 228/1000, Train Loss: 1.5549
2026-08-24 08:12:16,643 - INFO - Valid Loss: 2.0775
2026-08-24 08:12:16,663 - INFO - Best model saved: 2.0775
2026-08-24 08:12:17,941 - INFO - Epoch 229/1000, Train Loss: 1.5544
2026-08-24 08:12:18,558 - INFO - Valid Loss: 2.0805
2026-08-24 08:12:19,836 - INFO - Epoch 230/1000, Train Loss: 1.5422
2026-08-24 08:12:20,484 - INFO - Valid Loss: 2.0812
2026-08-24 08:12:21,751 - INFO - Epoch 231/1000, Train Loss: 1.5447
2026-08-24 08:12:22,384 - INFO - Valid Loss: 2.0777
2026-08-24 08:12:23,654 - INFO - Epoch 232/1000, Train Loss: 1.5383
2026-08-24 08:12:24,289 - INFO - Valid Loss: 2.0835
2026-08-24 08:12:25,547 - INFO - Epoch 233/1000, Train Loss: 1.5368
2026-08-24 08:12:26,173 - INFO - Valid Loss: 2.0743
2026-08-24 08:12:26,193 - INFO - Best model saved: 2.0743
2026-08-24 08:12:27,464 - INFO - Epoch 234/1000, Train Loss: 1.5325
2026-08-24 08:12:28,089 - INFO - Valid Loss: 2.0737
2026-08-24 08:12:28,107 - INFO - Best model saved: 2.0737
2026-08-24 08:12:29,393 - INFO - Epoch 235/1000, Train Loss: 1.5257
2026-08-24 08:12:30,023 - INFO - Valid Loss: 2.0791
2026-08-24 08:12:31,294 - INFO - Epoch 236/1000, Train Loss: 1.5254
2026-08-24 08:12:31,921 - INFO - Valid Loss: 2.0757
2026-08-24 08:12:33,191 - INFO - Epoch 237/1000, Train Loss: 1.5234
2026-08-24 08:12:33,842 - INFO - Valid Loss: 2.0747
2026-08-24 08:12:35,137 - INFO - Epoch 238/1000, Train Loss: 1.5147
2026-08-24 08:12:35,782 - INFO - Valid Loss: 2.0751
2026-08-24 08:12:37,070 - INFO - Epoch 239/1000, Train Loss: 1.5189
2026-08-24 08:12:37,706 - INFO - Valid Loss: 2.0713
2026-08-24 08:12:37,724 - INFO - Best model saved: 2.0713
2026-08-24 08:12:39,036 - INFO - Epoch 240/1000, Train Loss: 1.5162
2026-08-24 08:12:39,664 - INFO - Valid Loss: 2.0721
2026-08-24 08:12:40,931 - INFO - Epoch 241/1000, Train Loss: 1.5139
2026-08-24 08:12:41,565 - INFO - Valid Loss: 2.0650
2026-08-24 08:12:41,583 - INFO - Best model saved: 2.0650
2026-08-24 08:12:42,850 - INFO - Epoch 242/1000, Train Loss: 1.5058
2026-08-24 08:12:43,480 - INFO - Valid Loss: 2.0673
2026-08-24 08:12:44,756 - INFO - Epoch 243/1000, Train Loss: 1.5131
2026-08-24 08:12:45,378 - INFO - Valid Loss: 2.0612
2026-08-24 08:12:45,398 - INFO - Best model saved: 2.0612
2026-08-24 08:12:46,681 - INFO - Epoch 244/1000, Train Loss: 1.5036
2026-08-24 08:12:47,318 - INFO - Valid Loss: 2.0632
2026-08-24 08:12:48,595 - INFO - Epoch 245/1000, Train Loss: 1.5012
2026-08-24 08:12:49,275 - INFO - Valid Loss: 2.0618
2026-08-24 08:12:50,624 - INFO - Epoch 246/1000, Train Loss: 1.4988
2026-08-24 08:12:51,281 - INFO - Valid Loss: 2.0572
2026-08-24 08:12:51,301 - INFO - Best model saved: 2.0572
2026-08-24 08:12:52,597 - INFO - Epoch 247/1000, Train Loss: 1.4962
2026-08-24 08:12:53,253 - INFO - Valid Loss: 2.0591
2026-08-24 08:12:54,526 - INFO - Epoch 248/1000, Train Loss: 1.4922
2026-08-24 08:12:55,159 - INFO - Valid Loss: 2.0541
2026-08-24 08:12:55,177 - INFO - Best model saved: 2.0541
2026-08-24 08:12:56,515 - INFO - Epoch 249/1000, Train Loss: 1.4880
2026-08-24 08:12:57,295 - INFO - Valid Loss: 2.0604
2026-08-24 08:12:58,767 - INFO - Epoch 250/1000, Train Loss: 1.4840
2026-08-24 08:12:59,454 - INFO - Valid Loss: 2.0618
2026-08-24 08:13:00,720 - INFO - Epoch 251/1000, Train Loss: 1.4848
2026-08-24 08:13:01,343 - INFO - Valid Loss: 2.0575
2026-08-24 08:13:02,612 - INFO - Epoch 252/1000, Train Loss: 1.4789
2026-08-24 08:13:03,237 - INFO - Valid Loss: 2.0542
2026-08-24 08:13:04,505 - INFO - Epoch 253/1000, Train Loss: 1.4788
2026-08-24 08:13:05,135 - INFO - Valid Loss: 2.0486
2026-08-24 08:13:05,154 - INFO - Best model saved: 2.0486
2026-08-24 08:13:06,472 - INFO - Epoch 254/1000, Train Loss: 1.4685
2026-08-24 08:13:07,104 - INFO - Valid Loss: 2.0537
2026-08-24 08:13:08,426 - INFO - Epoch 255/1000, Train Loss: 1.4797
2026-08-24 08:13:09,051 - INFO - Valid Loss: 2.0514
2026-08-24 08:13:10,324 - INFO - Epoch 256/1000, Train Loss: 1.4659
2026-08-24 08:13:10,946 - INFO - Valid Loss: 2.0489
2026-08-24 08:13:12,199 - INFO - Epoch 257/1000, Train Loss: 1.4677
2026-08-24 08:13:12,842 - INFO - Valid Loss: 2.0501
2026-08-24 08:13:14,132 - INFO - Epoch 258/1000, Train Loss: 1.4623
2026-08-24 08:13:14,757 - INFO - Valid Loss: 2.0473
2026-08-24 08:13:14,775 - INFO - Best model saved: 2.0473
2026-08-24 08:13:16,052 - INFO - Epoch 259/1000, Train Loss: 1.4625
2026-08-24 08:13:16,673 - INFO - Valid Loss: 2.0487
2026-08-24 08:13:17,952 - INFO - Epoch 260/1000, Train Loss: 1.4530
2026-08-24 08:13:18,590 - INFO - Valid Loss: 2.0508
2026-08-24 08:13:19,863 - INFO - Epoch 261/1000, Train Loss: 1.4583
2026-08-24 08:13:20,491 - INFO - Valid Loss: 2.0414
2026-08-24 08:13:20,509 - INFO - Best model saved: 2.0414
2026-08-24 08:13:21,786 - INFO - Epoch 262/1000, Train Loss: 1.4549
2026-08-24 08:13:22,418 - INFO - Valid Loss: 2.0512
2026-08-24 08:13:23,692 - INFO - Epoch 263/1000, Train Loss: 1.4491
2026-08-24 08:13:24,326 - INFO - Valid Loss: 2.0458
2026-08-24 08:13:25,595 - INFO - Epoch 264/1000, Train Loss: 1.4521
2026-08-24 08:13:26,227 - INFO - Valid Loss: 2.0383
2026-08-24 08:13:26,245 - INFO - Best model saved: 2.0383
2026-08-24 08:13:27,513 - INFO - Epoch 265/1000, Train Loss: 1.4466
2026-08-24 08:13:28,131 - INFO - Valid Loss: 2.0446
2026-08-24 08:13:29,403 - INFO - Epoch 266/1000, Train Loss: 1.4417
2026-08-24 08:13:30,039 - INFO - Valid Loss: 2.0406
2026-08-24 08:13:31,327 - INFO - Epoch 267/1000, Train Loss: 1.4452
2026-08-24 08:13:31,955 - INFO - Valid Loss: 2.0382
2026-08-24 08:13:31,973 - INFO - Best model saved: 2.0382
2026-08-24 08:13:33,268 - INFO - Epoch 268/1000, Train Loss: 1.4412
2026-08-24 08:13:33,895 - INFO - Valid Loss: 2.0361
2026-08-24 08:13:33,914 - INFO - Best model saved: 2.0361
2026-08-24 08:13:35,194 - INFO - Epoch 269/1000, Train Loss: 1.4424
2026-08-24 08:13:35,834 - INFO - Valid Loss: 2.0373
2026-08-24 08:13:37,096 - INFO - Epoch 270/1000, Train Loss: 1.4351
2026-08-24 08:13:37,728 - INFO - Valid Loss: 2.0444
2026-08-24 08:13:39,036 - INFO - Epoch 271/1000, Train Loss: 1.4322
2026-08-24 08:13:39,716 - INFO - Valid Loss: 2.0411
2026-08-24 08:13:41,040 - INFO - Epoch 272/1000, Train Loss: 1.4304
2026-08-24 08:13:41,678 - INFO - Valid Loss: 2.0415
2026-08-24 08:13:42,955 - INFO - Epoch 273/1000, Train Loss: 1.4294
2026-08-24 08:13:43,597 - INFO - Valid Loss: 2.0288
2026-08-24 08:13:43,617 - INFO - Best model saved: 2.0288
2026-08-24 08:13:44,902 - INFO - Epoch 274/1000, Train Loss: 1.4242
2026-08-24 08:13:45,535 - INFO - Valid Loss: 2.0339
2026-08-24 08:13:46,824 - INFO - Epoch 275/1000, Train Loss: 1.4239
2026-08-24 08:13:47,509 - INFO - Valid Loss: 2.0305
2026-08-24 08:13:48,781 - INFO - Epoch 276/1000, Train Loss: 1.4224
2026-08-24 08:13:49,412 - INFO - Valid Loss: 2.0309
2026-08-24 08:13:50,686 - INFO - Epoch 277/1000, Train Loss: 1.4188
2026-08-24 08:13:51,311 - INFO - Valid Loss: 2.0344
2026-08-24 08:13:52,621 - INFO - Epoch 278/1000, Train Loss: 1.4276
2026-08-24 08:13:53,249 - INFO - Valid Loss: 2.0219
2026-08-24 08:13:53,267 - INFO - Best model saved: 2.0219
2026-08-24 08:13:54,545 - INFO - Epoch 279/1000, Train Loss: 1.4183
2026-08-24 08:13:55,173 - INFO - Valid Loss: 2.0327
2026-08-24 08:13:56,462 - INFO - Epoch 280/1000, Train Loss: 1.4081
2026-08-24 08:13:57,087 - INFO - Valid Loss: 2.0306
2026-08-24 08:13:58,363 - INFO - Epoch 281/1000, Train Loss: 1.4073
2026-08-24 08:13:58,995 - INFO - Valid Loss: 2.0270
2026-08-24 08:14:00,276 - INFO - Epoch 282/1000, Train Loss: 1.4092
2026-08-24 08:14:00,893 - INFO - Valid Loss: 2.0235
2026-08-24 08:14:02,168 - INFO - Epoch 283/1000, Train Loss: 1.4083
2026-08-24 08:14:02,809 - INFO - Valid Loss: 2.0286
2026-08-24 08:14:04,076 - INFO - Epoch 284/1000, Train Loss: 1.4007
2026-08-24 08:14:04,704 - INFO - Valid Loss: 2.0289
2026-08-24 08:14:05,988 - INFO - Epoch 285/1000, Train Loss: 1.4038
2026-08-24 08:14:06,620 - INFO - Valid Loss: 2.0271
2026-08-24 08:14:07,958 - INFO - Epoch 286/1000, Train Loss: 1.3986
2026-08-24 08:14:08,609 - INFO - Valid Loss: 2.0305
2026-08-24 08:14:09,899 - INFO - Epoch 287/1000, Train Loss: 1.4020
2026-08-24 08:14:10,521 - INFO - Valid Loss: 2.0236
2026-08-24 08:14:11,806 - INFO - Epoch 288/1000, Train Loss: 1.3974
2026-08-24 08:14:12,433 - INFO - Valid Loss: 2.0202
2026-08-24 08:14:12,452 - INFO - Best model saved: 2.0202
2026-08-24 08:14:13,744 - INFO - Epoch 289/1000, Train Loss: 1.3954
2026-08-24 08:14:14,401 - INFO - Valid Loss: 2.0212
2026-08-24 08:14:15,677 - INFO - Epoch 290/1000, Train Loss: 1.3895
2026-08-24 08:14:16,307 - INFO - Valid Loss: 2.0225
2026-08-24 08:14:17,581 - INFO - Epoch 291/1000, Train Loss: 1.3921
2026-08-24 08:14:18,212 - INFO - Valid Loss: 2.0235
2026-08-24 08:14:19,491 - INFO - Epoch 292/1000, Train Loss: 1.3911
2026-08-24 08:14:20,127 - INFO - Valid Loss: 2.0203
2026-08-24 08:14:21,404 - INFO - Epoch 293/1000, Train Loss: 1.3873
2026-08-24 08:14:22,047 - INFO - Valid Loss: 2.0215
2026-08-24 08:14:23,340 - INFO - Epoch 294/1000, Train Loss: 1.3837
2026-08-24 08:14:23,967 - INFO - Valid Loss: 2.0209
2026-08-24 08:14:25,224 - INFO - Epoch 295/1000, Train Loss: 1.3806
2026-08-24 08:14:25,844 - INFO - Valid Loss: 2.0178
2026-08-24 08:14:25,864 - INFO - Best model saved: 2.0178
2026-08-24 08:14:27,121 - INFO - Epoch 296/1000, Train Loss: 1.3779
2026-08-24 08:14:27,752 - INFO - Valid Loss: 2.0236
2026-08-24 08:14:29,011 - INFO - Epoch 297/1000, Train Loss: 1.3721
2026-08-24 08:14:29,648 - INFO - Valid Loss: 2.0222
2026-08-24 08:14:30,912 - INFO - Epoch 298/1000, Train Loss: 1.3773
2026-08-24 08:14:31,539 - INFO - Valid Loss: 2.0172
2026-08-24 08:14:31,558 - INFO - Best model saved: 2.0172
2026-08-24 08:14:32,835 - INFO - Epoch 299/1000, Train Loss: 1.3722
2026-08-24 08:14:33,464 - INFO - Valid Loss: 2.0187
2026-08-24 08:14:34,749 - INFO - Epoch 300/1000, Train Loss: 1.3801
2026-08-24 08:14:35,393 - INFO - Valid Loss: 2.0123
2026-08-24 08:14:35,412 - INFO - Best model saved: 2.0123
2026-08-24 08:14:36,708 - INFO - Epoch 301/1000, Train Loss: 1.3724
2026-08-24 08:14:37,341 - INFO - Valid Loss: 2.0144
2026-08-24 08:14:38,612 - INFO - Epoch 302/1000, Train Loss: 1.3709
2026-08-24 08:14:39,247 - INFO - Valid Loss: 2.0166
2026-08-24 08:14:40,511 - INFO - Epoch 303/1000, Train Loss: 1.3673
2026-08-24 08:14:41,144 - INFO - Valid Loss: 2.0145
2026-08-24 08:14:42,404 - INFO - Epoch 304/1000, Train Loss: 1.3640
2026-08-24 08:14:43,042 - INFO - Valid Loss: 2.0161
2026-08-24 08:14:44,326 - INFO - Epoch 305/1000, Train Loss: 1.3644
2026-08-24 08:14:44,965 - INFO - Valid Loss: 2.0074
2026-08-24 08:14:44,983 - INFO - Best model saved: 2.0074
2026-08-24 08:14:46,253 - INFO - Epoch 306/1000, Train Loss: 1.3626
2026-08-24 08:14:46,879 - INFO - Valid Loss: 2.0180
2026-08-24 08:14:48,207 - INFO - Epoch 307/1000, Train Loss: 1.3588
2026-08-24 08:14:48,847 - INFO - Valid Loss: 2.0130
2026-08-24 08:14:50,137 - INFO - Epoch 308/1000, Train Loss: 1.3606
2026-08-24 08:14:50,785 - INFO - Valid Loss: 2.0053
2026-08-24 08:14:50,804 - INFO - Best model saved: 2.0053
2026-08-24 08:14:52,078 - INFO - Epoch 309/1000, Train Loss: 1.3595
2026-08-24 08:14:52,698 - INFO - Valid Loss: 2.0140
2026-08-24 08:14:54,057 - INFO - Epoch 310/1000, Train Loss: 1.3538
2026-08-24 08:14:54,694 - INFO - Valid Loss: 2.0103
2026-08-24 08:14:55,970 - INFO - Epoch 311/1000, Train Loss: 1.3561
2026-08-24 08:14:56,616 - INFO - Valid Loss: 2.0070
2026-08-24 08:14:57,877 - INFO - Epoch 312/1000, Train Loss: 1.3489
2026-08-24 08:14:58,525 - INFO - Valid Loss: 2.0086
2026-08-24 08:14:59,788 - INFO - Epoch 313/1000, Train Loss: 1.3504
2026-08-24 08:15:00,413 - INFO - Valid Loss: 2.0069
2026-08-24 08:15:01,681 - INFO - Epoch 314/1000, Train Loss: 1.3476
2026-08-24 08:15:02,325 - INFO - Valid Loss: 2.0089
2026-08-24 08:15:03,593 - INFO - Epoch 315/1000, Train Loss: 1.3469
2026-08-24 08:15:04,225 - INFO - Valid Loss: 2.0066
2026-08-24 08:15:05,507 - INFO - Epoch 316/1000, Train Loss: 1.3445
2026-08-24 08:15:06,172 - INFO - Valid Loss: 2.0018
2026-08-24 08:15:06,191 - INFO - Best model saved: 2.0018
2026-08-24 08:15:07,504 - INFO - Epoch 317/1000, Train Loss: 1.3455
2026-08-24 08:15:08,148 - INFO - Valid Loss: 2.0018
2026-08-24 08:15:09,465 - INFO - Epoch 318/1000, Train Loss: 1.3419
2026-08-24 08:15:10,087 - INFO - Valid Loss: 1.9996
2026-08-24 08:15:10,107 - INFO - Best model saved: 1.9996
2026-08-24 08:15:11,376 - INFO - Epoch 319/1000, Train Loss: 1.3366
2026-08-24 08:15:12,025 - INFO - Valid Loss: 2.0066
2026-08-24 08:15:13,286 - INFO - Epoch 320/1000, Train Loss: 1.3394
2026-08-24 08:15:13,909 - INFO - Valid Loss: 2.0038
2026-08-24 08:15:15,157 - INFO - Epoch 321/1000, Train Loss: 1.3400
2026-08-24 08:15:15,786 - INFO - Valid Loss: 2.0037
2026-08-24 08:15:17,102 - INFO - Epoch 322/1000, Train Loss: 1.3349
2026-08-24 08:15:17,729 - INFO - Valid Loss: 2.0026
2026-08-24 08:15:18,991 - INFO - Epoch 323/1000, Train Loss: 1.3317
2026-08-24 08:15:19,624 - INFO - Valid Loss: 2.0005
2026-08-24 08:15:20,894 - INFO - Epoch 324/1000, Train Loss: 1.3289
2026-08-24 08:15:21,524 - INFO - Valid Loss: 1.9994
2026-08-24 08:15:21,543 - INFO - Best model saved: 1.9994
2026-08-24 08:15:22,807 - INFO - Epoch 325/1000, Train Loss: 1.3325
2026-08-24 08:15:23,513 - INFO - Valid Loss: 2.0048
2026-08-24 08:15:24,780 - INFO - Epoch 326/1000, Train Loss: 1.3309
2026-08-24 08:15:25,401 - INFO - Valid Loss: 1.9992
2026-08-24 08:15:25,420 - INFO - Best model saved: 1.9992
2026-08-24 08:15:26,677 - INFO - Epoch 327/1000, Train Loss: 1.3291
2026-08-24 08:15:27,313 - INFO - Valid Loss: 2.0029
2026-08-24 08:15:28,584 - INFO - Epoch 328/1000, Train Loss: 1.3237
2026-08-24 08:15:29,221 - INFO - Valid Loss: 2.0030
2026-08-24 08:15:30,494 - INFO - Epoch 329/1000, Train Loss: 1.3211
2026-08-24 08:15:31,119 - INFO - Valid Loss: 2.0030
2026-08-24 08:15:32,380 - INFO - Epoch 330/1000, Train Loss: 1.3204
2026-08-24 08:15:33,008 - INFO - Valid Loss: 2.0003
2026-08-24 08:15:34,276 - INFO - Epoch 331/1000, Train Loss: 1.3227
2026-08-24 08:15:34,904 - INFO - Valid Loss: 1.9905
2026-08-24 08:15:34,923 - INFO - Best model saved: 1.9905
2026-08-24 08:15:36,180 - INFO - Epoch 332/1000, Train Loss: 1.3197
2026-08-24 08:15:36,817 - INFO - Valid Loss: 1.9954
2026-08-24 08:15:38,081 - INFO - Epoch 333/1000, Train Loss: 1.3205
2026-08-24 08:15:38,707 - INFO - Valid Loss: 1.9917
2026-08-24 08:15:39,982 - INFO - Epoch 334/1000, Train Loss: 1.3191
2026-08-24 08:15:40,611 - INFO - Valid Loss: 1.9954
2026-08-24 08:15:41,890 - INFO - Epoch 335/1000, Train Loss: 1.3168
2026-08-24 08:15:42,547 - INFO - Valid Loss: 1.9914
2026-08-24 08:15:43,796 - INFO - Epoch 336/1000, Train Loss: 1.3151
2026-08-24 08:15:44,464 - INFO - Valid Loss: 1.9927
2026-08-24 08:15:45,733 - INFO - Epoch 337/1000, Train Loss: 1.3154
2026-08-24 08:15:46,357 - INFO - Valid Loss: 1.9907
2026-08-24 08:15:47,639 - INFO - Epoch 338/1000, Train Loss: 1.3103
2026-08-24 08:15:48,280 - INFO - Valid Loss: 1.9943
2026-08-24 08:15:49,558 - INFO - Epoch 339/1000, Train Loss: 1.3060
2026-08-24 08:15:50,205 - INFO - Valid Loss: 1.9998
2026-08-24 08:15:51,464 - INFO - Epoch 340/1000, Train Loss: 1.3033
2026-08-24 08:15:52,097 - INFO - Valid Loss: 2.0011
2026-08-24 08:15:53,381 - INFO - Epoch 341/1000, Train Loss: 1.3051
2026-08-24 08:15:54,013 - INFO - Valid Loss: 1.9948
2026-08-24 08:15:54,013 - INFO - Early stopping triggered.
2026-08-24 08:15:54,818 - INFO - Final Epoch: 331
2026-08-24 08:15:54,818 - INFO - Final Test Recalls: {'Recall@5': 0.028708133971291867, 'Recall@10': 0.044940303179358765, 'Recall@20': 0.06846129767920225}
2026-08-24 08:15:54,818 - INFO - Final Test NDCGs: {'NDCG@5': 0.01898916181834403, 'NDCG@10': 0.024199641300474858, 'NDCG@20': 0.030073651934077305}
