2026-08-22 13:04:27,936 - INFO - Configuration: {'batch_size': 256, 'infer_size': 96, 'num_epochs': 200, 'lr': 0.0001, 'device': 'cuda', 'num_layers': 4, 'num_decoder_layers': 4, 'd_model': 128, 'd_ff': 1024, 'num_heads': 6, 'd_kv': 64, 'dropout_rate': 0.1, 'vocab_size': 1025, 'pad_token_id': 0, 'eos_token_id': 0, 'feed_forward_proj': 'relu', 'max_len': 20, 'dataset_path': '../data/Beauty', 'code_path': '../data/Beauty/Beauty_t5_rqvae.npy', 'mode': 'train', 'log_path': './logs/tiger.log', 'seed': 2025, 'save_path': './ckpt/tiger.pth', 'early_stop': 10, 'topk_list': [5, 10, 20], 'beam_size': 30}
2026-08-22 13:04:28,055 - INFO - #Embedding parameters: 131200
#Non-embedding parameters: 4459648
#Total trainable parameters: 4590848

2026-08-22 13:06:06,706 - INFO - Training loss: 4.875587992167195
2026-08-22 13:07:48,926 - INFO - Validation Dataset: {'Recall@5': 0.00644268119076163, 'Recall@10': 0.010868646855997682, 'Recall@20': 0.016826923217128788}
2026-08-22 13:07:48,926 - INFO - Validation Dataset: {'NDCG@5': 0.003779320595905888, 'NDCG@10': 0.005213490051772973, 'NDCG@20': 0.006699140366494592}
2026-08-22 13:09:30,722 - INFO - Best NDCG@20: 0.006699140366494592
2026-08-22 13:09:30,722 - INFO - Test Dataset: {'Recall@5': 0.003578994395171368, 'Recall@10': 0.006395518044289601, 'Recall@20': 0.01136779014916507}
2026-08-22 13:09:30,722 - INFO - Test Dataset: {'NDCG@5': 0.001942360180114344, 'NDCG@10': 0.00286318586195935, 'NDCG@20': 0.004119050079484994}
2026-08-22 13:09:30,775 - INFO - Best model saved to ./ckpt/tiger.pth
2026-08-22 13:09:30,775 - INFO - Epoch 2/200
2026-08-22 13:11:07,398 - INFO - Training loss: 4.209851000559469
2026-08-22 13:12:50,843 - INFO - Validation Dataset: {'Recall@5': 0.016424562790043364, 'Recall@10': 0.026187823541750213, 'Recall@20': 0.035275570496660955}
2026-08-22 13:12:50,843 - INFO - Validation Dataset: {'NDCG@5': 0.009413462971604945, 'NDCG@10': 0.012545367555948607, 'NDCG@20': 0.014869166437192728}
2026-08-22 13:14:34,204 - INFO - Best NDCG@20: 0.014869166437192728
2026-08-22 13:14:34,205 - INFO - Test Dataset: {'Recall@5': 0.01141004041316939, 'Recall@10': 0.02035875446982522, 'Recall@20': 0.026709565808876644}
2026-08-22 13:14:34,205 - INFO - Test Dataset: {'NDCG@5': 0.006315874171647136, 'NDCG@10': 0.009203662400337759, 'NDCG@20': 0.010843997125717703}
2026-08-22 13:14:34,282 - INFO - Best model saved to ./ckpt/tiger.pth
2026-08-22 13:14:34,282 - INFO - Epoch 3/200
2026-08-22 13:16:11,031 - INFO - Training loss: 3.8797682806675535
2026-08-22 13:17:54,845 - INFO - Validation Dataset: {'Recall@5': 0.01888588907460926, 'Recall@10': 0.03133155321582448, 'Recall@20': 0.045617562259023796}
2026-08-22 13:17:54,845 - INFO - Validation Dataset: {'NDCG@5': 0.011399043655990275, 'NDCG@10': 0.015397298273674408, 'NDCG@20': 0.018984797434649498}
2026-08-22 13:19:38,756 - INFO - Best NDCG@20: 0.018984797434649498
2026-08-22 13:19:38,757 - INFO - Test Dataset: {'Recall@5': 0.014271270783514168, 'Recall@10': 0.02456855578068244, 'Recall@20': 0.034865840657937935}
2026-08-22 13:19:38,757 - INFO - Test Dataset: {'NDCG@5': 0.008172358196356649, 'NDCG@10': 0.011461879630361249, 'NDCG@20': 0.014041839428285992}
2026-08-22 13:19:38,857 - INFO - Best model saved to ./ckpt/tiger.pth
2026-08-22 13:19:38,857 - INFO - Epoch 4/200
2026-08-22 13:21:15,694 - INFO - Training loss: 3.62713810302868
2026-08-22 13:22:59,766 - INFO - Validation Dataset: {'Recall@5': 0.019340325446695474, 'Recall@10': 0.03625174912388233, 'Recall@20': 0.0503166810941159}
2026-08-22 13:22:59,766 - INFO - Validation Dataset: {'NDCG@5': 0.011631724634507568, 'NDCG@10': 0.017094119246089792, 'NDCG@20': 0.020653971241059606}
2026-08-22 13:24:43,740 - INFO - Best NDCG@20: 0.020653971241059606
2026-08-22 13:24:43,740 - INFO - Test Dataset: {'Recall@5': 0.014134694190591957, 'Recall@10': 0.02817506199630673, 'Recall@20': 0.039557590425142404}
2026-08-22 13:24:43,740 - INFO - Test Dataset: {'NDCG@5': 0.008060550053360125, 'NDCG@10': 0.012579814275095136, 'NDCG@20': 0.01545118360756197}
2026-08-22 13:24:43,838 - INFO - Best model saved to ./ckpt/tiger.pth
2026-08-22 13:24:43,839 - INFO - Epoch 5/200
2026-08-22 13:26:20,513 - INFO - Training loss: 3.4289664860365456
2026-08-22 13:28:04,530 - INFO - Validation Dataset: {'Recall@5': 0.02004826381450815, 'Recall@10': 0.03612254180269947, 'Recall@20': 0.052695962940162856}
2026-08-22 13:28:04,531 - INFO - Validation Dataset: {'NDCG@5': 0.012713193145976302, 'NDCG@10': 0.017884013509825512, 'NDCG@20': 0.022058712046737323}
2026-08-22 13:29:48,642 - INFO - Best NDCG@20: 0.022058712046737323
2026-08-22 13:29:48,643 - INFO - Test Dataset: {'Recall@5': 0.014850001822149805, 'Recall@10': 0.028309182128009622, 'Recall@20': 0.04063300809986858}
2026-08-22 13:29:48,643 - INFO - Test Dataset: {'NDCG@5': 0.008761066155979817, 'NDCG@10': 0.013063008533271086, 'NDCG@20': 0.01616544936495821}
2026-08-22 13:29:48,759 - INFO - Best model saved to ./ckpt/tiger.pth
2026-08-22 13:29:48,760 - INFO - Epoch 6/200
2026-08-22 13:31:25,684 - INFO - Training loss: 3.2750507760140684
2026-08-22 13:33:09,793 - INFO - Validation Dataset: {'Recall@5': 0.01951423954906126, 'Recall@10': 0.03706383944565007, 'Recall@20': 0.054404644319555794}
2026-08-22 13:33:09,793 - INFO - Validation Dataset: {'NDCG@5': 0.012806362444494927, 'NDCG@10': 0.01847886509369947, 'NDCG@20': 0.02284751294276681}
2026-08-22 13:34:53,654 - INFO - Best NDCG@20: 0.02284751294276681
2026-08-22 13:34:53,654 - INFO - Test Dataset: {'Recall@5': 0.014758131986427973, 'Recall@10': 0.029267674631762913, 'Recall@20': 0.043722684826909726}
2026-08-22 13:34:53,654 - INFO - Test Dataset: {'NDCG@5': 0.009320265503576257, 'NDCG@10': 0.014026134508729877, 'NDCG@20': 0.017657548170177017}
2026-08-22 13:34:53,750 - INFO - Best model saved to ./ckpt/tiger.pth
2026-08-22 13:34:53,751 - INFO - Epoch 7/200
2026-08-22 13:36:29,672 - INFO - Training loss: 3.1465425287239284
2026-08-22 13:38:12,575 - INFO - Validation Dataset: {'Recall@5': 0.021615455658554775, 'Recall@10': 0.03916014257274856, 'Recall@20': 0.05756653939641596}
2026-08-22 13:38:12,575 - INFO - Validation Dataset: {'NDCG@5': 0.013874603559307018, 'NDCG@10': 0.01954561304760689, 'NDCG@20': 0.024197250143964594}
2026-08-22 13:39:55,506 - INFO - Best NDCG@20: 0.024197250143964594
2026-08-22 13:39:55,506 - INFO - Test Dataset: {'Recall@5': 0.01659847688041787, 'Recall@10': 0.03141359741851495, 'Recall@20': 0.04462173230978041}
2026-08-22 13:39:55,506 - INFO - Test Dataset: {'NDCG@5': 0.010343155357986689, 'NDCG@10': 0.015111081051348424, 'NDCG@20': 0.01844030959020037}
2026-08-22 13:39:55,605 - INFO - Best model saved to ./ckpt/tiger.pth
2026-08-22 13:39:55,605 - INFO - Epoch 8/200
2026-08-22 13:41:31,041 - INFO - Training loss: 3.048773263215091
2026-08-22 13:43:15,368 - INFO - Validation Dataset: {'Recall@5': 0.02193085910040933, 'Recall@10': 0.03956495950502131, 'Recall@20': 0.06016444228989244}
2026-08-22 13:43:15,369 - INFO - Validation Dataset: {'NDCG@5': 0.013874977303453013, 'NDCG@10': 0.019505155051942485, 'NDCG@20': 0.024729534040321095}
2026-08-22 13:44:58,132 - INFO - Best NDCG@20: 0.024729534040321095
2026-08-22 13:44:58,133 - INFO - Test Dataset: {'Recall@5': 0.016186290708382498, 'Recall@10': 0.03028610369886068, 'Recall@20': 0.047982105821403054}
2026-08-22 13:44:58,133 - INFO - Test Dataset: {'NDCG@5': 0.009499883097336655, 'NDCG@10': 0.014036420744727865, 'NDCG@20': 0.0184876057918907}
2026-08-22 13:44:58,232 - INFO - Best model saved to ./ckpt/tiger.pth
2026-08-22 13:44:58,232 - INFO - Epoch 9/200
2026-08-22 13:46:33,695 - INFO - Training loss: 2.9612409549000662
2026-08-22 13:48:15,937 - INFO - Validation Dataset: {'Recall@5': 0.023989824802003193, 'Recall@10': 0.040332343101565415, 'Recall@20': 0.05994582156622742}
2026-08-22 13:48:15,937 - INFO - Validation Dataset: {'NDCG@5': 0.014907672641551035, 'NDCG@10': 0.02015114435026734, 'NDCG@20': 0.02510868480065318}
2026-08-22 13:50:00,163 - INFO - Best NDCG@20: 0.02510868480065318
2026-08-22 13:50:00,163 - INFO - Test Dataset: {'Recall@5': 0.01780555839350551, 'Recall@10': 0.030914454225274883, 'Recall@20': 0.046720491906092405}
2026-08-22 13:50:00,163 - INFO - Test Dataset: {'NDCG@5': 0.010663224000467764, 'NDCG@10': 0.014900358379798513, 'NDCG@20': 0.01891456767936665}
2026-08-22 13:50:00,274 - INFO - Best model saved to ./ckpt/tiger.pth
2026-08-22 13:50:00,275 - INFO - Epoch 10/200
2026-08-22 13:51:37,773 - INFO - Training loss: 2.8905759367961363
2026-08-22 13:53:25,093 - INFO - Validation Dataset: {'Recall@5': 0.023359017834355136, 'Recall@10': 0.040548507511903545, 'Recall@20': 0.06187312346143656}
2026-08-22 13:53:25,093 - INFO - Validation Dataset: {'NDCG@5': 0.014442982553812184, 'NDCG@10': 0.019992843097427566, 'NDCG@20': 0.025363874843527957}
2026-08-22 13:55:08,081 - INFO - Best NDCG@20: 0.025363874843527957
2026-08-22 13:55:08,082 - INFO - Test Dataset: {'Recall@5': 0.017760851660287687, 'Recall@10': 0.03181595800148699, 'Recall@20': 0.048158476225104455}
2026-08-22 13:55:08,082 - INFO - Test Dataset: {'NDCG@5': 0.010702400736095056, 'NDCG@10': 0.015242478123750106, 'NDCG@20': 0.0193382972479666}
2026-08-22 13:55:08,169 - INFO - Best model saved to ./ckpt/tiger.pth
2026-08-22 13:55:08,170 - INFO - Epoch 11/200
2026-08-22 13:56:43,004 - INFO - Training loss: 2.8301676669473315
2026-08-22 13:58:25,308 - INFO - Validation Dataset: {'Recall@5': 0.025827713342695277, 'Recall@10': 0.04265709282918294, 'Recall@20': 0.06491072436738679}
2026-08-22 13:58:25,309 - INFO - Validation Dataset: {'NDCG@5': 0.016944348286485594, 'NDCG@10': 0.022327978731544743, 'NDCG@20': 0.02791332493360302}
2026-08-22 14:00:08,007 - INFO - Best NDCG@20: 0.02791332493360302
2026-08-22 14:00:08,008 - INFO - Test Dataset: {'Recall@5': 0.018878519794875717, 'Recall@10': 0.031639587485866996, 'Recall@20': 0.050264605281019156}
2026-08-22 14:00:08,008 - INFO - Test Dataset: {'NDCG@5': 0.012097402855498084, 'NDCG@10': 0.016206962179368595, 'NDCG@20': 0.020900441610450207}
2026-08-22 14:00:08,114 - INFO - Best model saved to ./ckpt/tiger.pth
2026-08-22 14:00:08,114 - INFO - Epoch 12/200
2026-08-22 14:01:43,367 - INFO - Training loss: 2.7759798876506347
2026-08-22 14:03:25,592 - INFO - Validation Dataset: {'Recall@5': 0.02578055021221162, 'Recall@10': 0.04270425595167241, 'Recall@20': 0.06500505031658088}
2026-08-22 14:03:25,592 - INFO - Validation Dataset: {'NDCG@5': 0.01603665937321828, 'NDCG@10': 0.02147274921036649, 'NDCG@20': 0.027071739708836882}
2026-08-22 14:03:25,592 - INFO - No improvement in NDCG@20. Early stop counter: 1
2026-08-22 14:03:25,593 - INFO - Epoch 13/200
2026-08-22 14:05:11,641 - INFO - Training loss: 2.7291187827225327
2026-08-22 14:07:04,349 - INFO - Validation Dataset: {'Recall@5': 0.0258724200759131, 'Recall@10': 0.04400075094718406, 'Recall@20': 0.06658206777367341}
2026-08-22 14:07:04,350 - INFO - Validation Dataset: {'NDCG@5': 0.01704152167251118, 'NDCG@10': 0.022900866075766635, 'NDCG@20': 0.02857723351979684}
2026-08-22 14:09:00,713 - INFO - Best NDCG@20: 0.02857723351979684
2026-08-22 14:09:00,714 - INFO - Test Dataset: {'Recall@5': 0.019857154955264068, 'Recall@10': 0.035168962201399354, 'Recall@20': 0.05173255762588952}
2026-08-22 14:09:00,714 - INFO - Test Dataset: {'NDCG@5': 0.01229505164173028, 'NDCG@10': 0.01721885162725437, 'NDCG@20': 0.02137323826963138}
2026-08-22 14:09:00,803 - INFO - Best model saved to ./ckpt/tiger.pth
2026-08-22 14:09:00,804 - INFO - Epoch 14/200
2026-08-22 14:10:43,909 - INFO - Training loss: 2.688615310980652
2026-08-22 14:12:26,704 - INFO - Validation Dataset: {'Recall@5': 0.026764098235082218, 'Recall@10': 0.043871543622004114, 'Recall@20': 0.06833299941707066}
2026-08-22 14:12:26,705 - INFO - Validation Dataset: {'NDCG@5': 0.01657786776107844, 'NDCG@10': 0.02208140831692504, 'NDCG@20': 0.028241401885999887}
2026-08-22 14:12:26,705 - INFO - No improvement in NDCG@20. Early stop counter: 1
2026-08-22 14:12:26,705 - INFO - Epoch 15/200
2026-08-22 14:14:01,903 - INFO - Training loss: 2.6509868542044077
2026-08-22 14:15:44,226 - INFO - Validation Dataset: {'Recall@5': 0.02806550596516915, 'Recall@10': 0.04669543633501289, 'Recall@20': 0.07131361147956403}
2026-08-22 14:15:44,227 - INFO - Validation Dataset: {'NDCG@5': 0.018103022038408998, 'NDCG@10': 0.024086501307449756, 'NDCG@20': 0.0302862448252082}
2026-08-22 14:17:26,400 - INFO - Best NDCG@20: 0.0302862448252082
2026-08-22 14:17:26,401 - INFO - Test Dataset: {'Recall@5': 0.020768484240597667, 'Recall@10': 0.03455043739994964, 'Recall@20': 0.0563049257569047}
2026-08-22 14:17:26,401 - INFO - Test Dataset: {'NDCG@5': 0.013002140545426137, 'NDCG@10': 0.01743321992105169, 'NDCG@20': 0.022908837406580285}
2026-08-22 14:17:26,500 - INFO - Best model saved to ./ckpt/tiger.pth
2026-08-22 14:17:26,500 - INFO - Epoch 16/200
2026-08-22 14:19:01,560 - INFO - Training loss: 2.6174346955369883
2026-08-22 14:20:43,806 - INFO - Validation Dataset: {'Recall@5': 0.028701225747334344, 'Recall@10': 0.04686689412405179, 'Recall@20': 0.07310679325506154}
2026-08-22 14:20:43,807 - INFO - Validation Dataset: {'NDCG@5': 0.01884880712327783, 'NDCG@10': 0.024674283366554414, 'NDCG@20': 0.03128620627428137}
2026-08-22 14:22:25,907 - INFO - Best NDCG@20: 0.03128620627428137
2026-08-22 14:22:25,907 - INFO - Test Dataset: {'Recall@5': 0.02183653281545946, 'Recall@10': 0.036303825284726116, 'Recall@20': 0.056662579398810094}
2026-08-22 14:22:25,907 - INFO - Test Dataset: {'NDCG@5': 0.013909503783583, 'NDCG@10': 0.01854240244989935, 'NDCG@20': 0.023672299402618037}
2026-08-22 14:22:26,007 - INFO - Best model saved to ./ckpt/tiger.pth
2026-08-22 14:22:26,007 - INFO - Epoch 17/200
2026-08-22 14:24:00,794 - INFO - Training loss: 2.588084809047239
2026-08-22 14:25:43,077 - INFO - Validation Dataset: {'Recall@5': 0.030213885177166677, 'Recall@10': 0.049057523620039095, 'Recall@20': 0.07450007095277437}
2026-08-22 14:25:43,078 - INFO - Validation Dataset: {'NDCG@5': 0.01935280716774162, 'NDCG@10': 0.02543226421446951, 'NDCG@20': 0.03182840346590548}
2026-08-22 14:27:25,450 - INFO - Best NDCG@20: 0.03182840346590548
2026-08-22 14:27:25,450 - INFO - Test Dataset: {'Recall@5': 0.02165770591456491, 'Recall@10': 0.03660449019909033, 'Recall@20': 0.05738771263142256}
2026-08-22 14:27:25,450 - INFO - Test Dataset: {'NDCG@5': 0.013776094518809743, 'NDCG@10': 0.018561833913841728, 'NDCG@20': 0.02378137395297509}
2026-08-22 14:27:25,505 - INFO - Best model saved to ./ckpt/tiger.pth
2026-08-22 14:27:25,505 - INFO - Epoch 18/200
2026-08-22 14:29:00,458 - INFO - Training loss: 2.5588132412053266
2026-08-22 14:30:42,960 - INFO - Validation Dataset: {'Recall@5': 0.028425616196200827, 'Recall@10': 0.046551490582269914, 'Recall@20': 0.07387908925442226}
2026-08-22 14:30:42,960 - INFO - Validation Dataset: {'NDCG@5': 0.018173714410193872, 'NDCG@10': 0.02399149233407377, 'NDCG@20': 0.03086111181447594}
2026-08-22 14:30:42,960 - INFO - No improvement in NDCG@20. Early stop counter: 1
2026-08-22 14:30:42,960 - INFO - Epoch 19/200
2026-08-22 14:32:18,039 - INFO - Training loss: 2.535835411761985
2026-08-22 14:34:00,280 - INFO - Validation Dataset: {'Recall@5': 0.030708115348040802, 'Recall@10': 0.04857066238115146, 'Recall@20': 0.07535195508132421}
2026-08-22 14:34:00,280 - INFO - Validation Dataset: {'NDCG@5': 0.019680663601539295, 'NDCG@10': 0.025403850147292784, 'NDCG@20': 0.03213676396865286}
2026-08-22 14:35:42,452 - INFO - Best NDCG@20: 0.03213676396865286
2026-08-22 14:35:42,452 - INFO - Test Dataset: {'Recall@5': 0.021481335406939105, 'Recall@10': 0.036477739327135515, 'Recall@20': 0.057437332027268}
2026-08-22 14:35:42,453 - INFO - Test Dataset: {'NDCG@5': 0.013413611337814336, 'NDCG@10': 0.01822389258659353, 'NDCG@20': 0.023484670355228523}
2026-08-22 14:35:42,556 - INFO - Best model saved to ./ckpt/tiger.pth
2026-08-22 14:35:42,556 - INFO - Epoch 20/200
2026-08-22 14:37:17,390 - INFO - Training loss: 2.5106041830337467
2026-08-22 14:38:59,681 - INFO - Validation Dataset: {'Recall@5': 0.029001890709663667, 'Recall@10': 0.048960740805919334, 'Recall@20': 0.07601764283338841}
2026-08-22 14:38:59,682 - INFO - Validation Dataset: {'NDCG@5': 0.018308470465338792, 'NDCG@10': 0.024745870892222282, 'NDCG@20': 0.03155224337722195}
2026-08-22 14:38:59,682 - INFO - No improvement in NDCG@20. Early stop counter: 1
2026-08-22 14:38:59,682 - INFO - Epoch 21/200
2026-08-22 14:40:34,727 - INFO - Training loss: 2.4905764926732283
2026-08-22 14:42:17,059 - INFO - Validation Dataset: {'Recall@5': 0.029781556404455536, 'Recall@10': 0.0491641319153007, 'Recall@20': 0.07647207947727692}
2026-08-22 14:42:17,059 - INFO - Validation Dataset: {'NDCG@5': 0.018598278320910083, 'NDCG@10': 0.024887314266145485, 'NDCG@20': 0.03177791450656311}
2026-08-22 14:42:17,059 - INFO - No improvement in NDCG@20. Early stop counter: 2
2026-08-22 14:42:17,059 - INFO - Epoch 22/200
2026-08-22 14:43:52,047 - INFO - Training loss: 2.469722477378548
2026-08-22 14:45:34,380 - INFO - Validation Dataset: {'Recall@5': 0.032054229959237984, 'Recall@10': 0.050900324979245404, 'Recall@20': 0.07969587650389887}
2026-08-22 14:45:34,381 - INFO - Validation Dataset: {'NDCG@5': 0.020194579115689056, 'NDCG@10': 0.02624938842069054, 'NDCG@20': 0.03348604530443801}
2026-08-22 14:47:16,766 - INFO - Best NDCG@20: 0.03348604530443801
2026-08-22 14:47:16,766 - INFO - Test Dataset: {'Recall@5': 0.023311854711865664, 'Recall@10': 0.03688746903795157, 'Recall@20': 0.06138871852788163}
2026-08-22 14:47:16,767 - INFO - Test Dataset: {'NDCG@5': 0.014528721415082017, 'NDCG@10': 0.018857791152474962, 'NDCG@20': 0.025060575347505668}
2026-08-22 14:47:16,847 - INFO - Best model saved to ./ckpt/tiger.pth
2026-08-22 14:47:16,848 - INFO - Epoch 23/200
2026-08-22 14:48:51,974 - INFO - Training loss: 2.451896513482476
2026-08-22 14:50:34,306 - INFO - Validation Dataset: {'Recall@5': 0.03170394538522023, 'Recall@10': 0.050771117598106166, 'Recall@20': 0.0801380311015018}
2026-08-22 14:50:34,306 - INFO - Validation Dataset: {'NDCG@5': 0.020240975535862436, 'NDCG@10': 0.026327776544739376, 'NDCG@20': 0.0337232840777067}
2026-08-22 14:52:16,581 - INFO - Best NDCG@20: 0.0337232840777067
2026-08-22 14:52:16,581 - INFO - Test Dataset: {'Recall@5': 0.021662618757061693, 'Recall@10': 0.0386757378670279, 'Recall@20': 0.06075791176408529}
2026-08-22 14:52:16,581 - INFO - Test Dataset: {'NDCG@5': 0.013870494280314241, 'NDCG@10': 0.019348402504605348, 'NDCG@20': 0.024927241580816616}
2026-08-22 14:52:16,663 - INFO - Best model saved to ./ckpt/tiger.pth
2026-08-22 14:52:16,663 - INFO - Epoch 24/200
2026-08-22 14:53:51,418 - INFO - Training loss: 2.4323948320247784
2026-08-22 14:55:33,712 - INFO - Validation Dataset: {'Recall@5': 0.032913483403495196, 'Recall@10': 0.05212214480797748, 'Recall@20': 0.08023481382768553}
2026-08-22 14:55:33,712 - INFO - Validation Dataset: {'NDCG@5': 0.021195980012736607, 'NDCG@10': 0.027362195268281347, 'NDCG@20': 0.034426176900547716}
2026-08-22 14:57:15,992 - INFO - Best NDCG@20: 0.034426176900547716
2026-08-22 14:57:15,992 - INFO - Test Dataset: {'Recall@5': 0.023006276855077355, 'Recall@10': 0.0395772417551586, 'Recall@20': 0.06303795458261291}
2026-08-22 14:57:15,992 - INFO - Test Dataset: {'NDCG@5': 0.014721463958017305, 'NDCG@10': 0.019988315305852454, 'NDCG@20': 0.025892643614716094}
2026-08-22 14:57:16,086 - INFO - Best model saved to ./ckpt/tiger.pth
2026-08-22 14:57:16,087 - INFO - Epoch 25/200
2026-08-22 14:58:50,973 - INFO - Training loss: 2.4161149690123382
2026-08-22 15:00:33,321 - INFO - Validation Dataset: {'Recall@5': 0.03307757175691394, 'Recall@10': 0.05322998733351671, 'Recall@20': 0.08147677616116315}
2026-08-22 15:00:33,322 - INFO - Validation Dataset: {'NDCG@5': 0.020961812057816165, 'NDCG@10': 0.027405682079845745, 'NDCG@20': 0.034527622310188896}
2026-08-22 15:02:15,826 - INFO - Best NDCG@20: 0.034527622310188896
2026-08-22 15:02:15,826 - INFO - Test Dataset: {'Recall@5': 0.023530475551446363, 'Recall@10': 0.03996240723350529, 'Recall@20': 0.06317698772868757}
2026-08-22 15:02:15,826 - INFO - Test Dataset: {'NDCG@5': 0.01443406249608349, 'NDCG@10': 0.019690886753423405, 'NDCG@20': 0.025537335117999063}
2026-08-22 15:02:15,926 - INFO - Best model saved to ./ckpt/tiger.pth
2026-08-22 15:02:15,926 - INFO - Epoch 26/200
2026-08-22 15:03:50,949 - INFO - Training loss: 2.400056459096619
2026-08-22 15:05:33,314 - INFO - Validation Dataset: {'Recall@5': 0.03554626728523954, 'Recall@10': 0.056317207819178636, 'Recall@20': 0.08474282332787954}
2026-08-22 15:05:33,314 - INFO - Validation Dataset: {'NDCG@5': 0.02241082957550052, 'NDCG@10': 0.029118236953736373, 'NDCG@20': 0.03624367519269813}
2026-08-22 15:07:15,647 - INFO - Best NDCG@20: 0.03624367519269813
2026-08-22 15:07:15,647 - INFO - Test Dataset: {'Recall@5': 0.02582034404297627, 'Recall@10': 0.04159641355803724, 'Recall@20': 0.06585939077444598}
2026-08-22 15:07:15,647 - INFO - Test Dataset: {'NDCG@5': 0.016396305303972677, 'NDCG@10': 0.021479742430638153, 'NDCG@20': 0.027588769342838246}
2026-08-22 15:07:15,750 - INFO - Best model saved to ./ckpt/tiger.pth
2026-08-22 15:07:15,750 - INFO - Epoch 27/200
2026-08-22 15:08:50,806 - INFO - Training loss: 2.3861539229344766
2026-08-22 15:10:33,093 - INFO - Validation Dataset: {'Recall@5': 0.03545931018409299, 'Recall@10': 0.057042340652081844, 'Recall@20': 0.08585557842811034}
2026-08-22 15:10:33,093 - INFO - Validation Dataset: {'NDCG@5': 0.022116884075568853, 'NDCG@10': 0.029037031014309996, 'NDCG@20': 0.0362845237402829}
2026-08-22 15:12:15,469 - INFO - Best NDCG@20: 0.0362845237402829
2026-08-22 15:12:15,470 - INFO - Test Dataset: {'Recall@5': 0.024444261218057425, 'Recall@10': 0.04105993271545535, 'Recall@20': 0.06531799724525392}
2026-08-22 15:12:15,470 - INFO - Test Dataset: {'NDCG@5': 0.015410611086201259, 'NDCG@10': 0.020745795927622032, 'NDCG@20': 0.02687381836185991}
2026-08-22 15:12:15,563 - INFO - Best model saved to ./ckpt/tiger.pth
2026-08-22 15:12:15,563 - INFO - Epoch 28/200
2026-08-22 15:13:50,613 - INFO - Training loss: 2.3709193616525672
2026-08-22 15:15:32,923 - INFO - Validation Dataset: {'Recall@5': 0.0374313190003833, 'Recall@10': 0.05686351397102739, 'Recall@20': 0.08622797083733164}
2026-08-22 15:15:32,924 - INFO - Validation Dataset: {'NDCG@5': 0.02387253922518231, 'NDCG@10': 0.030099131122966947, 'NDCG@20': 0.03747768666447328}
2026-08-22 15:17:15,712 - INFO - Best NDCG@20: 0.03747768666447328
2026-08-22 15:17:15,712 - INFO - Test Dataset: {'Recall@5': 0.02681617406017023, 'Recall@10': 0.04263449363938089, 'Recall@20': 0.06639832801429371}
2026-08-22 15:17:15,712 - INFO - Test Dataset: {'NDCG@5': 0.01693930560243296, 'NDCG@10': 0.022046767887679355, 'NDCG@20': 0.02801769219594708}
2026-08-22 15:17:15,806 - INFO - Best model saved to ./ckpt/tiger.pth
2026-08-22 15:17:15,806 - INFO - Epoch 29/200
2026-08-22 15:18:51,667 - INFO - Training loss: 2.3590175669480855
2026-08-22 15:20:34,982 - INFO - Validation Dataset: {'Recall@5': 0.03538217875994582, 'Recall@10': 0.055971835803864084, 'Recall@20': 0.08635226547989851}
2026-08-22 15:20:34,983 - INFO - Validation Dataset: {'NDCG@5': 0.022654366439664057, 'NDCG@10': 0.029256417085276716, 'NDCG@20': 0.03688504665894154}
2026-08-22 15:20:34,983 - INFO - No improvement in NDCG@20. Early stop counter: 1
2026-08-22 15:20:34,983 - INFO - Epoch 30/200
2026-08-22 15:22:10,978 - INFO - Training loss: 2.345770607662572
2026-08-22 15:23:54,374 - INFO - Validation Dataset: {'Recall@5': 0.0353846352411506, 'Recall@10': 0.0582543352035238, 'Recall@20': 0.08769592364986184}
2026-08-22 15:23:54,374 - INFO - Validation Dataset: {'NDCG@5': 0.022469232910084878, 'NDCG@10': 0.029797684471222847, 'NDCG@20': 0.037194823282630914}
2026-08-22 15:23:54,374 - INFO - No improvement in NDCG@20. Early stop counter: 2
2026-08-22 15:23:54,374 - INFO - Epoch 31/200
2026-08-22 15:25:30,264 - INFO - Training loss: 2.3327560011978745
2026-08-22 15:27:13,103 - INFO - Validation Dataset: {'Recall@5': 0.03797025616028918, 'Recall@10': 0.05784706186599102, 'Recall@20': 0.08711473647377138}
2026-08-22 15:27:13,104 - INFO - Validation Dataset: {'NDCG@5': 0.02474368834076649, 'NDCG@10': 0.031093936546429862, 'NDCG@20': 0.03847269798916777}
2026-08-22 15:28:56,134 - INFO - Best NDCG@20: 0.03847269798916777
2026-08-22 15:28:56,134 - INFO - Test Dataset: {'Recall@5': 0.02605861621657027, 'Recall@10': 0.041601326400534024, 'Recall@20': 0.06706155949300195}
2026-08-22 15:28:56,134 - INFO - Test Dataset: {'NDCG@5': 0.01661011612226651, 'NDCG@10': 0.02157504609965843, 'NDCG@20': 0.02798882514726003}
2026-08-22 15:28:56,223 - INFO - Best model saved to ./ckpt/tiger.pth
2026-08-22 15:28:56,223 - INFO - Epoch 32/200
2026-08-22 15:30:32,248 - INFO - Training loss: 2.3209801675744557
2026-08-22 15:32:15,503 - INFO - Validation Dataset: {'Recall@5': 0.03872535747871634, 'Recall@10': 0.060976532787532255, 'Recall@20': 0.09064411096546655}
2026-08-22 15:32:15,503 - INFO - Validation Dataset: {'NDCG@5': 0.024579933788547444, 'NDCG@10': 0.03169198566548079, 'NDCG@20': 0.03912880480221509}
2026-08-22 15:33:58,814 - INFO - Best NDCG@20: 0.03912880480221509
2026-08-22 15:33:58,814 - INFO - Test Dataset: {'Recall@5': 0.02628460612004151, 'Recall@10': 0.044196772640930734, 'Recall@20': 0.06818905331258354}
2026-08-22 15:33:58,814 - INFO - Test Dataset: {'NDCG@5': 0.016578303302274496, 'NDCG@10': 0.02234708195824032, 'NDCG@20': 0.02839375869370997}
2026-08-22 15:33:58,940 - INFO - Best model saved to ./ckpt/tiger.pth
2026-08-22 15:33:58,940 - INFO - Epoch 33/200
2026-08-22 15:35:34,935 - INFO - Training loss: 2.3094788673786804
2026-08-22 15:37:18,283 - INFO - Validation Dataset: {'Recall@5': 0.03784596154570196, 'Recall@10': 0.0594191664645984, 'Recall@20': 0.08988655294199742}
2026-08-22 15:37:18,284 - INFO - Validation Dataset: {'NDCG@5': 0.024377449731394458, 'NDCG@10': 0.03133101856371971, 'NDCG@20': 0.03899687802710854}
2026-08-22 15:37:18,284 - INFO - No improvement in NDCG@20. Early stop counter: 1
2026-08-22 15:37:18,284 - INFO - Epoch 34/200
2026-08-22 15:38:55,194 - INFO - Training loss: 2.300230164472231
2026-08-22 15:40:38,533 - INFO - Validation Dataset: {'Recall@5': 0.037619971554294675, 'Recall@10': 0.05941916642063037, 'Recall@20': 0.089486649092047}
2026-08-22 15:40:38,534 - INFO - Validation Dataset: {'NDCG@5': 0.02462657620179039, 'NDCG@10': 0.031642254647826815, 'NDCG@20': 0.03921264381639564}
2026-08-22 15:42:22,047 - INFO - Best NDCG@20: 0.03921264381639564
2026-08-22 15:42:22,048 - INFO - Test Dataset: {'Recall@5': 0.02587487647717603, 'Recall@10': 0.0440528267602808, 'Recall@20': 0.06912298198757381}
2026-08-22 15:42:22,048 - INFO - Test Dataset: {'NDCG@5': 0.016316441827065955, 'NDCG@10': 0.022111928219359384, 'NDCG@20': 0.028427623422184856}
2026-08-22 15:42:22,137 - INFO - Best model saved to ./ckpt/tiger.pth
2026-08-22 15:42:22,137 - INFO - Epoch 35/200
2026-08-22 15:43:58,278 - INFO - Training loss: 2.2901160206776185
2026-08-22 15:45:41,620 - INFO - Validation Dataset: {'Recall@5': 0.03748339487343643, 'Recall@10': 0.06094656421407226, 'Recall@20': 0.09100667772966521}
2026-08-22 15:45:41,620 - INFO - Validation Dataset: {'NDCG@5': 0.023990539276308894, 'NDCG@10': 0.031526913267836104, 'NDCG@20': 0.03906479093561932}
2026-08-22 15:45:41,620 - INFO - No improvement in NDCG@20. Early stop counter: 1
2026-08-22 15:45:41,620 - INFO - Epoch 36/200
2026-08-22 15:47:17,604 - INFO - Training loss: 2.2794253552470227
2026-08-22 15:49:00,575 - INFO - Validation Dataset: {'Recall@5': 0.039370902965860564, 'Recall@10': 0.05968740681594022, 'Recall@20': 0.09114325394686072}
2026-08-22 15:49:00,576 - INFO - Validation Dataset: {'NDCG@5': 0.02589968521779507, 'NDCG@10': 0.03243087652107389, 'NDCG@20': 0.0403597769727171}
2026-08-22 15:50:43,799 - INFO - Best NDCG@20: 0.0403597769727171
2026-08-22 15:50:43,800 - INFO - Test Dataset: {'Recall@5': 0.02745680672480313, 'Recall@10': 0.04486982990056276, 'Recall@20': 0.06929689590207624}
2026-08-22 15:50:43,800 - INFO - Test Dataset: {'NDCG@5': 0.017714999250412117, 'NDCG@10': 0.023278924775441766, 'NDCG@20': 0.02943426612544757}
2026-08-22 15:50:43,893 - INFO - Best model saved to ./ckpt/tiger.pth
2026-08-22 15:50:43,893 - INFO - Epoch 37/200
2026-08-22 15:52:19,948 - INFO - Training loss: 2.271785298210174
2026-08-22 15:54:03,332 - INFO - Validation Dataset: {'Recall@5': 0.03959689294527657, 'Recall@10': 0.062059319502166414, 'Recall@20': 0.09194551888341684}
2026-08-22 15:54:03,332 - INFO - Validation Dataset: {'NDCG@5': 0.025680632126625514, 'NDCG@10': 0.032881971180854695, 'NDCG@20': 0.04041421113339904}
2026-08-22 15:55:46,717 - INFO - Best NDCG@20: 0.04041421113339904
2026-08-22 15:55:46,718 - INFO - Test Dataset: {'Recall@5': 0.02781446049461549, 'Recall@10': 0.04616386855077079, 'Recall@20': 0.07010407351724836}
2026-08-22 15:55:46,718 - INFO - Test Dataset: {'NDCG@5': 0.017570073498500902, 'NDCG@10': 0.023444034237126807, 'NDCG@20': 0.029445007522370618}
2026-08-22 15:55:46,858 - INFO - Best model saved to ./ckpt/tiger.pth
2026-08-22 15:55:46,858 - INFO - Epoch 38/200
2026-08-22 15:57:22,839 - INFO - Training loss: 2.25895651351617
2026-08-22 15:59:06,259 - INFO - Validation Dataset: {'Recall@5': 0.03976098131068658, 'Recall@10': 0.06259580032476283, 'Recall@20': 0.09279494677458454}
2026-08-22 15:59:06,260 - INFO - Validation Dataset: {'NDCG@5': 0.025718324865682186, 'NDCG@10': 0.033051079174087984, 'NDCG@20': 0.04064623994029291}
2026-08-22 16:00:49,555 - INFO - Best NDCG@20: 0.04064623994029291
2026-08-22 16:00:49,555 - INFO - Test Dataset: {'Recall@5': 0.02726815417488885, 'Recall@10': 0.04490716747395982, 'Recall@20': 0.07131115507030691}
2026-08-22 16:00:49,555 - INFO - Test Dataset: {'NDCG@5': 0.01734344101642846, 'NDCG@10': 0.02299904936420943, 'NDCG@20': 0.029652957728556296}
2026-08-22 16:00:49,637 - INFO - Best model saved to ./ckpt/tiger.pth
2026-08-22 16:00:49,637 - INFO - Epoch 39/200
2026-08-22 16:02:25,570 - INFO - Training loss: 2.251268289896301
2026-08-22 16:04:08,946 - INFO - Validation Dataset: {'Recall@5': 0.03949765404566419, 'Recall@10': 0.06313965005936029, 'Recall@20': 0.09315014425904966}
2026-08-22 16:04:08,946 - INFO - Validation Dataset: {'NDCG@5': 0.025785960368971968, 'NDCG@10': 0.03339440080980758, 'NDCG@20': 0.04094929810685342}
2026-08-22 16:05:52,280 - INFO - Best NDCG@20: 0.04094929810685342
2026-08-22 16:05:52,280 - INFO - Test Dataset: {'Recall@5': 0.02771030842474474, 'Recall@10': 0.04651415305284088, 'Recall@20': 0.07077467427968723}
2026-08-22 16:05:52,280 - INFO - Test Dataset: {'NDCG@5': 0.0175577386266396, 'NDCG@10': 0.023576080678190732, 'NDCG@20': 0.029658201203557617}
2026-08-22 16:05:52,376 - INFO - Best model saved to ./ckpt/tiger.pth
2026-08-22 16:05:52,376 - INFO - Epoch 40/200
2026-08-22 16:07:28,309 - INFO - Training loss: 2.2433556262621157
2026-08-22 16:09:11,726 - INFO - Validation Dataset: {'Recall@5': 0.04155661945547029, 'Recall@10': 0.06504975719369405, 'Recall@20': 0.09270798939763861}
2026-08-22 16:09:11,727 - INFO - Validation Dataset: {'NDCG@5': 0.02656251993310106, 'NDCG@10': 0.03410690119729853, 'NDCG@20': 0.04106540585540299}
2026-08-22 16:10:55,161 - INFO - Best NDCG@20: 0.04106540585540299
2026-08-22 16:10:55,162 - INFO - Test Dataset: {'Recall@5': 0.02861181226890742, 'Recall@10': 0.048130964452616644, 'Recall@20': 0.07140302484207527}
2026-08-22 16:10:55,162 - INFO - Test Dataset: {'NDCG@5': 0.018311800942816193, 'NDCG@10': 0.02458690945658625, 'NDCG@20': 0.030443437547370982}
2026-08-22 16:10:55,248 - INFO - Best model saved to ./ckpt/tiger.pth
2026-08-22 16:10:55,248 - INFO - Epoch 41/200
2026-08-22 16:12:31,287 - INFO - Training loss: 2.2358402208595423
2026-08-22 16:14:14,669 - INFO - Validation Dataset: {'Recall@5': 0.041911817051854, 'Recall@10': 0.06424257973840564, 'Recall@20': 0.09592932994305575}
2026-08-22 16:14:14,669 - INFO - Validation Dataset: {'NDCG@5': 0.027716912742896012, 'NDCG@10': 0.03490720154785515, 'NDCG@20': 0.042915890113222756}
2026-08-22 16:15:58,066 - INFO - Best NDCG@20: 0.042915890113222756
2026-08-22 16:15:58,066 - INFO - Test Dataset: {'Recall@5': 0.02943127197033602, 'Recall@10': 0.04805137653127632, 'Recall@20': 0.07233940935473841}
2026-08-22 16:15:58,066 - INFO - Test Dataset: {'NDCG@5': 0.019065870453759452, 'NDCG@10': 0.025049533407191862, 'NDCG@20': 0.031153342156978764}
2026-08-22 16:15:58,153 - INFO - Best model saved to ./ckpt/tiger.pth
2026-08-22 16:15:58,153 - INFO - Epoch 42/200
2026-08-22 16:17:34,088 - INFO - Training loss: 2.2270021290166833
2026-08-22 16:19:17,425 - INFO - Validation Dataset: {'Recall@5': 0.04107221496159555, 'Recall@10': 0.06376063131803222, 'Recall@20': 0.09530343598578238}
2026-08-22 16:19:17,426 - INFO - Validation Dataset: {'NDCG@5': 0.026866482848565337, 'NDCG@10': 0.03416112127470036, 'NDCG@20': 0.04211981607153372}
2026-08-22 16:19:17,426 - INFO - No improvement in NDCG@20. Early stop counter: 1
2026-08-22 16:19:17,426 - INFO - Epoch 43/200
2026-08-22 16:20:53,419 - INFO - Training loss: 2.220440571874032
2026-08-22 16:22:36,776 - INFO - Validation Dataset: {'Recall@5': 0.04148440096575303, 'Recall@10': 0.06649019801389634, 'Recall@20': 0.09802563325402051}
2026-08-22 16:22:36,776 - INFO - Validation Dataset: {'NDCG@5': 0.02703460689650073, 'NDCG@10': 0.03509055193945318, 'NDCG@20': 0.04300489808160955}
2026-08-22 16:24:20,179 - INFO - Best NDCG@20: 0.04300489808160955
2026-08-22 16:24:20,179 - INFO - Test Dataset: {'Recall@5': 0.030774929952435994, 'Recall@10': 0.0490796310435421, 'Recall@20': 0.07211833228576976}
2026-08-22 16:24:20,180 - INFO - Test Dataset: {'NDCG@5': 0.019252229338040168, 'NDCG@10': 0.025105748025804373, 'NDCG@20': 0.03089802091953229}
2026-08-22 16:24:20,287 - INFO - Best model saved to ./ckpt/tiger.pth
2026-08-22 16:24:20,288 - INFO - Epoch 44/200
2026-08-22 16:25:56,271 - INFO - Training loss: 2.2115847048592476
2026-08-22 16:27:39,501 - INFO - Validation Dataset: {'Recall@5': 0.0432132247459671, 'Recall@10': 0.06769727943505084, 'Recall@20': 0.09856702682718059}
2026-08-22 16:27:39,502 - INFO - Validation Dataset: {'NDCG@5': 0.027957804331180235, 'NDCG@10': 0.03582647895588352, 'NDCG@20': 0.04362467501128628}
2026-08-22 16:29:22,880 - INFO - Best NDCG@20: 0.04362467501128628
2026-08-22 16:29:22,880 - INFO - Test Dataset: {'Recall@5': 0.03018637326877772, 'Recall@10': 0.04880402162431264, 'Recall@20': 0.07364081744856077}
2026-08-22 16:29:22,881 - INFO - Test Dataset: {'NDCG@5': 0.019090246269279538, 'NDCG@10': 0.025089797098189592, 'NDCG@20': 0.03133551932495615}
2026-08-22 16:29:22,992 - INFO - Best model saved to ./ckpt/tiger.pth
2026-08-22 16:29:22,992 - INFO - Epoch 45/200
2026-08-22 16:30:59,073 - INFO - Training loss: 2.2032531940519577
2026-08-22 16:32:42,558 - INFO - Validation Dataset: {'Recall@5': 0.04217514455270486, 'Recall@10': 0.06756315948721421, 'Recall@20': 0.09973185805627845}
2026-08-22 16:32:42,558 - INFO - Validation Dataset: {'NDCG@5': 0.028333717351579486, 'NDCG@10': 0.036508231057061975, 'NDCG@20': 0.04461676486300169}
2026-08-22 16:34:26,069 - INFO - Best NDCG@20: 0.04461676486300169
2026-08-22 16:34:26,069 - INFO - Test Dataset: {'Recall@5': 0.030290525234724062, 'Recall@10': 0.04961119913156324, 'Recall@20': 0.07394393859631002}
2026-08-22 16:34:26,069 - INFO - Test Dataset: {'NDCG@5': 0.01952793467350208, 'NDCG@10': 0.025740633593760272, 'NDCG@20': 0.031852029842552386}
2026-08-22 16:34:26,164 - INFO - Best model saved to ./ckpt/tiger.pth
2026-08-22 16:34:26,164 - INFO - Epoch 46/200
2026-08-22 16:36:02,240 - INFO - Training loss: 2.1953496877321474
2026-08-22 16:37:45,765 - INFO - Validation Dataset: {'Recall@5': 0.04325793147918493, 'Recall@10': 0.06635116510764724, 'Recall@20': 0.09767043617326175}
2026-08-22 16:37:45,765 - INFO - Validation Dataset: {'NDCG@5': 0.02791910092726094, 'NDCG@10': 0.03532800192908732, 'NDCG@20': 0.043217443569279534}
2026-08-22 16:37:45,765 - INFO - No improvement in NDCG@20. Early stop counter: 1
2026-08-22 16:37:45,765 - INFO - Epoch 47/200
2026-08-22 16:39:21,721 - INFO - Training loss: 2.1911207084989734
2026-08-22 16:41:05,049 - INFO - Validation Dataset: {'Recall@5': 0.04298477854915443, 'Recall@10': 0.06805738977400402, 'Recall@20': 0.09968223857649407}
2026-08-22 16:41:05,050 - INFO - Validation Dataset: {'NDCG@5': 0.028153355699032545, 'NDCG@10': 0.036205842556399914, 'NDCG@20': 0.044157352842102746}
2026-08-22 16:41:05,050 - INFO - No improvement in NDCG@20. Early stop counter: 2
2026-08-22 16:41:05,050 - INFO - Epoch 48/200
2026-08-22 16:42:41,015 - INFO - Training loss: 2.181637050576711
2026-08-22 16:44:24,329 - INFO - Validation Dataset: {'Recall@5': 0.0438391186432841, 'Recall@10': 0.06997732226157265, 'Recall@20': 0.09977165184307507}
2026-08-22 16:44:24,330 - INFO - Validation Dataset: {'NDCG@5': 0.028722302590460866, 'NDCG@10': 0.03711811752686109, 'NDCG@20': 0.04460760871300178}
2026-08-22 16:44:24,330 - INFO - No improvement in NDCG@20. Early stop counter: 3
2026-08-22 16:44:24,330 - INFO - Epoch 49/200
2026-08-22 16:46:00,439 - INFO - Training loss: 2.175778885759732
2026-08-22 16:47:43,855 - INFO - Validation Dataset: {'Recall@5': 0.04450726350009953, 'Recall@10': 0.06944329810804435, 'Recall@20': 0.09986843478110471}
2026-08-22 16:47:43,856 - INFO - Validation Dataset: {'NDCG@5': 0.02966694141710137, 'NDCG@10': 0.03767427602630956, 'NDCG@20': 0.04538020350102959}
2026-08-22 16:49:27,104 - INFO - Best NDCG@20: 0.04538020350102959
2026-08-22 16:49:27,104 - INFO - Test Dataset: {'Recall@5': 0.030183916887500255, 'Recall@10': 0.0493852089562897, 'Recall@20': 0.07492994319631562}
2026-08-22 16:49:27,105 - INFO - Test Dataset: {'NDCG@5': 0.019991347044626403, 'NDCG@10': 0.02615575520161843, 'NDCG@20': 0.032569769513093795}
2026-08-22 16:49:27,203 - INFO - Best model saved to ./ckpt/tiger.pth
2026-08-22 16:49:27,203 - INFO - Epoch 50/200
2026-08-22 16:51:03,235 - INFO - Training loss: 2.1706141182420784
2026-08-22 16:52:46,653 - INFO - Validation Dataset: {'Recall@5': 0.044241479362157284, 'Recall@10': 0.06880757848576287, 'Recall@20': 0.1008893202494654}
2026-08-22 16:52:46,653 - INFO - Validation Dataset: {'NDCG@5': 0.028972527144133023, 'NDCG@10': 0.03685803717310049, 'NDCG@20': 0.04490931269956569}
2026-08-22 16:52:46,653 - INFO - No improvement in NDCG@20. Early stop counter: 1
2026-08-22 16:52:46,653 - INFO - Epoch 51/200
2026-08-22 16:54:22,712 - INFO - Training loss: 2.1628836268116993
2026-08-22 16:56:06,176 - INFO - Validation Dataset: {'Recall@5': 0.044596676734703806, 'Recall@10': 0.07014386737599265, 'Recall@20': 0.10124697373548419}
2026-08-22 16:56:06,176 - INFO - Validation Dataset: {'NDCG@5': 0.02961908687753483, 'NDCG@10': 0.03787373960050135, 'NDCG@20': 0.045708031291661726}
2026-08-22 16:57:50,020 - INFO - Best NDCG@20: 0.045708031291661726
2026-08-22 16:57:50,020 - INFO - Test Dataset: {'Recall@5': 0.03211367527990254, 'Recall@10': 0.05001847268893611, 'Recall@20': 0.07497956283198662}
2026-08-22 16:57:50,021 - INFO - Test Dataset: {'NDCG@5': 0.020570948648030666, 'NDCG@10': 0.026307864277523667, 'NDCG@20': 0.032590263537151234}
2026-08-22 16:57:50,097 - INFO - Best model saved to ./ckpt/tiger.pth
2026-08-22 16:57:50,097 - INFO - Epoch 52/200
2026-08-22 16:59:25,954 - INFO - Training loss: 2.1553027852499995
2026-08-22 17:01:09,232 - INFO - Validation Dataset: {'Recall@5': 0.04504865669353581, 'Recall@10': 0.06951797317889372, 'Recall@20': 0.10173137829331241}
2026-08-22 17:01:09,232 - INFO - Validation Dataset: {'NDCG@5': 0.03005506701431689, 'NDCG@10': 0.037955799254952516, 'NDCG@20': 0.04610287695683443}
2026-08-22 17:02:52,621 - INFO - Best NDCG@20: 0.04610287695683443
2026-08-22 17:02:52,621 - INFO - Test Dataset: {'Recall@5': 0.03255828611888471, 'Recall@10': 0.050907693859269694, 'Recall@20': 0.07520555258756544}
2026-08-22 17:02:52,622 - INFO - Test Dataset: {'NDCG@5': 0.02086113701682426, 'NDCG@10': 0.026757261416047427, 'NDCG@20': 0.03288742361586269}
2026-08-22 17:02:52,719 - INFO - Best model saved to ./ckpt/tiger.pth
2026-08-22 17:02:52,720 - INFO - Epoch 53/200
2026-08-22 17:04:28,646 - INFO - Training loss: 2.1502159377016445
2026-08-22 17:06:11,852 - INFO - Validation Dataset: {'Recall@5': 0.04553797442561951, 'Recall@10': 0.0693514285001568, 'Recall@20': 0.10120717993269918}
2026-08-22 17:06:11,853 - INFO - Validation Dataset: {'NDCG@5': 0.029958405236157993, 'NDCG@10': 0.037595840181971506, 'NDCG@20': 0.045631667646047834}
2026-08-22 17:06:11,853 - INFO - No improvement in NDCG@20. Early stop counter: 1
2026-08-22 17:06:11,853 - INFO - Epoch 54/200
2026-08-22 17:07:47,714 - INFO - Training loss: 2.145373131978373
2026-08-22 17:09:31,184 - INFO - Validation Dataset: {'Recall@5': 0.04639231495543227, 'Recall@10': 0.07194933123374958, 'Recall@20': 0.10392937739279777}
2026-08-22 17:09:31,184 - INFO - Validation Dataset: {'NDCG@5': 0.030509182331931693, 'NDCG@10': 0.03872694771501032, 'NDCG@20': 0.04676318996438013}
2026-08-22 17:11:14,648 - INFO - Best NDCG@20: 0.04676318996438013
2026-08-22 17:11:14,649 - INFO - Test Dataset: {'Recall@5': 0.032208001313035584, 'Recall@10': 0.051975742785875634, 'Recall@20': 0.07809920740901401}
2026-08-22 17:11:14,649 - INFO - Test Dataset: {'NDCG@5': 0.020265327162976684, 'NDCG@10': 0.02666207409339913, 'NDCG@20': 0.03324468719349303}
2026-08-22 17:11:14,721 - INFO - Best model saved to ./ckpt/tiger.pth
2026-08-22 17:11:14,721 - INFO - Epoch 55/200
2026-08-22 17:12:50,625 - INFO - Training loss: 2.1372363516328865
2026-08-22 17:14:34,022 - INFO - Validation Dataset: {'Recall@5': 0.04621594448777739, 'Recall@10': 0.07104782752948513, 'Recall@20': 0.10245651171378824}
2026-08-22 17:14:34,022 - INFO - Validation Dataset: {'NDCG@5': 0.03000616878191161, 'NDCG@10': 0.038017435422039274, 'NDCG@20': 0.045890889729097356}
2026-08-22 17:14:34,022 - INFO - No improvement in NDCG@20. Early stop counter: 1
2026-08-22 17:14:34,022 - INFO - Epoch 56/200
2026-08-22 17:16:09,997 - INFO - Training loss: 2.132056260619182
2026-08-22 17:17:53,331 - INFO - Validation Dataset: {'Recall@5': 0.04594033488068458, 'Recall@10': 0.07212078884291931, 'Recall@20': 0.10496008832231483}
2026-08-22 17:17:53,332 - INFO - Validation Dataset: {'NDCG@5': 0.03023173074665691, 'NDCG@10': 0.038639331719130594, 'NDCG@20': 0.04691166341376727}
2026-08-22 17:19:36,685 - INFO - Best NDCG@20: 0.04691166341376727
2026-08-22 17:19:36,686 - INFO - Test Dataset: {'Recall@5': 0.031929935540508304, 'Recall@10': 0.052070068751058095, 'Recall@20': 0.07820090319353751}
2026-08-22 17:19:36,686 - INFO - Test Dataset: {'NDCG@5': 0.020255041150815882, 'NDCG@10': 0.0266953836436995, 'NDCG@20': 0.03326890591927704}
2026-08-22 17:19:36,781 - INFO - Best model saved to ./ckpt/tiger.pth
2026-08-22 17:19:36,781 - INFO - Epoch 57/200
2026-08-22 17:21:12,720 - INFO - Training loss: 2.1256352006693295
2026-08-22 17:22:56,220 - INFO - Validation Dataset: {'Recall@5': 0.045443648064724874, 'Recall@10': 0.07090388176475088, 'Recall@20': 0.10331085241947308}
2026-08-22 17:22:56,220 - INFO - Validation Dataset: {'NDCG@5': 0.03017728291292047, 'NDCG@10': 0.038391785424346576, 'NDCG@20': 0.04657309690826121}
2026-08-22 17:22:56,220 - INFO - No improvement in NDCG@20. Early stop counter: 1
2026-08-22 17:22:56,221 - INFO - Epoch 58/200
2026-08-22 17:24:32,359 - INFO - Training loss: 2.1223083500268394
2026-08-22 17:26:16,201 - INFO - Validation Dataset: {'Recall@5': 0.04679221891330419, 'Recall@10': 0.07096332692952882, 'Recall@20': 0.1040187907033468}
2026-08-22 17:26:16,202 - INFO - Validation Dataset: {'NDCG@5': 0.03068574434825791, 'NDCG@10': 0.03846557345341235, 'NDCG@20': 0.04679210791803992}
2026-08-22 17:26:16,202 - INFO - No improvement in NDCG@20. Early stop counter: 2
2026-08-22 17:26:16,202 - INFO - Epoch 59/200
2026-08-22 17:27:52,322 - INFO - Training loss: 2.1164137630611077
2026-08-22 17:29:35,862 - INFO - Validation Dataset: {'Recall@5': 0.0472392864173574, 'Recall@10': 0.07118440417037246, 'Recall@20': 0.10370584405047316}
2026-08-22 17:29:35,863 - INFO - Validation Dataset: {'NDCG@5': 0.03111875128368707, 'NDCG@10': 0.03881814725329308, 'NDCG@20': 0.04701050137301563}
2026-08-22 17:31:19,423 - INFO - Best NDCG@20: 0.04701050137301563
2026-08-22 17:31:19,423 - INFO - Test Dataset: {'Recall@5': 0.03273711283191591, 'Recall@10': 0.05108897738126726, 'Recall@20': 0.07734656261975673}
2026-08-22 17:31:19,423 - INFO - Test Dataset: {'NDCG@5': 0.021466604511897067, 'NDCG@10': 0.027331137461108136, 'NDCG@20': 0.033927253133701284}
2026-08-22 17:31:19,495 - INFO - Best model saved to ./ckpt/tiger.pth
2026-08-22 17:31:19,495 - INFO - Epoch 60/200
2026-08-22 17:32:55,328 - INFO - Training loss: 2.1115174511527273
2026-08-22 17:34:38,658 - INFO - Validation Dataset: {'Recall@5': 0.04706045946050355, 'Recall@10': 0.07225982177714806, 'Recall@20': 0.10423986796417589}
2026-08-22 17:34:38,658 - INFO - Validation Dataset: {'NDCG@5': 0.031249353074560605, 'NDCG@10': 0.03937738576140495, 'NDCG@20': 0.047471688017089224}
2026-08-22 17:36:22,025 - INFO - Best NDCG@20: 0.047471688017089224
2026-08-22 17:36:22,025 - INFO - Test Dataset: {'Recall@5': 0.03251603581091237, 'Recall@10': 0.05229605890634618, 'Recall@20': 0.078645513916604}
2026-08-22 17:36:22,026 - INFO - Test Dataset: {'NDCG@5': 0.021072560599545424, 'NDCG@10': 0.027398414365235765, 'NDCG@20': 0.03407061408781507}
2026-08-22 17:36:22,121 - INFO - Best model saved to ./ckpt/tiger.pth
2026-08-22 17:36:22,121 - INFO - Epoch 61/200
2026-08-22 17:37:57,960 - INFO - Training loss: 2.1051309319785596
2026-08-22 17:39:41,417 - INFO - Validation Dataset: {'Recall@5': 0.04740828757729909, 'Recall@10': 0.0726125628803357, 'Recall@20': 0.10558843880476103}
2026-08-22 17:39:41,417 - INFO - Validation Dataset: {'NDCG@5': 0.03145754467416155, 'NDCG@10': 0.0395711365819393, 'NDCG@20': 0.047855605281361825}
2026-08-22 17:41:24,875 - INFO - Best NDCG@20: 0.047855605281361825
2026-08-22 17:41:24,876 - INFO - Test Dataset: {'Recall@5': 0.03399135767534183, 'Recall@10': 0.05337638939558948, 'Recall@20': 0.07904296161710832}
2026-08-22 17:41:24,876 - INFO - Test Dataset: {'NDCG@5': 0.022018186340324358, 'NDCG@10': 0.0282087649324661, 'NDCG@20': 0.034677496490712265}
2026-08-22 17:41:24,962 - INFO - Best model saved to ./ckpt/tiger.pth
2026-08-22 17:41:24,963 - INFO - Epoch 62/200
2026-08-22 17:43:00,847 - INFO - Training loss: 2.1014607769042137
2026-08-22 17:44:44,254 - INFO - Validation Dataset: {'Recall@5': 0.0490349242943359, 'Recall@10': 0.07324091344672083, 'Recall@20': 0.1059981687793852}
2026-08-22 17:44:44,255 - INFO - Validation Dataset: {'NDCG@5': 0.032298511375829, 'NDCG@10': 0.04012502950832024, 'NDCG@20': 0.048387040177264244}
2026-08-22 17:46:27,586 - INFO - Best NDCG@20: 0.048387040177264244
2026-08-22 17:46:27,586 - INFO - Test Dataset: {'Recall@5': 0.03278181976099127, 'Recall@10': 0.052564299473531, 'Recall@20': 0.07832519759627883}
2026-08-22 17:46:27,587 - INFO - Test Dataset: {'NDCG@5': 0.021342934215193527, 'NDCG@10': 0.027736764650016447, 'NDCG@20': 0.03420089714852653}
2026-08-22 17:46:27,683 - INFO - Best model saved to ./ckpt/tiger.pth
2026-08-22 17:46:27,683 - INFO - Epoch 63/200
2026-08-22 17:48:03,594 - INFO - Training loss: 2.095006028733829
2026-08-22 17:49:47,139 - INFO - Validation Dataset: {'Recall@5': 0.04665318617893007, 'Recall@10': 0.07350915347030107, 'Recall@20': 0.10599079904398309}
2026-08-22 17:49:47,139 - INFO - Validation Dataset: {'NDCG@5': 0.031057099260133992, 'NDCG@10': 0.03969426609899513, 'NDCG@20': 0.04784746690105663}
2026-08-22 17:49:47,140 - INFO - No improvement in NDCG@20. Early stop counter: 1
2026-08-22 17:49:47,140 - INFO - Epoch 64/200
2026-08-22 17:51:23,136 - INFO - Training loss: 2.09067801487585
2026-08-22 17:53:06,574 - INFO - Validation Dataset: {'Recall@5': 0.049077174774183226, 'Recall@10': 0.07426179859931122, 'Recall@20': 0.10706130479554378}
2026-08-22 17:53:06,575 - INFO - Validation Dataset: {'NDCG@5': 0.03201494120708927, 'NDCG@10': 0.040086288548718194, 'NDCG@20': 0.04834412459320041}
2026-08-22 17:53:06,575 - INFO - No improvement in NDCG@20. Early stop counter: 2
2026-08-22 17:53:06,575 - INFO - Epoch 65/200
2026-08-22 17:54:42,672 - INFO - Training loss: 2.084583543385977
2026-08-22 17:56:26,432 - INFO - Validation Dataset: {'Recall@5': 0.04947707892391559, 'Recall@10': 0.07261501921764515, 'Recall@20': 0.10643049754809925}
2026-08-22 17:56:26,432 - INFO - Validation Dataset: {'NDCG@5': 0.032189813704337815, 'NDCG@10': 0.039617522339868184, 'NDCG@20': 0.0481245612921473}
2026-08-22 17:56:26,432 - INFO - No improvement in NDCG@20. Early stop counter: 3
2026-08-22 17:56:26,432 - INFO - Epoch 66/200
2026-08-22 17:58:02,249 - INFO - Training loss: 2.080660418313765
2026-08-22 17:59:45,650 - INFO - Validation Dataset: {'Recall@5': 0.048764227745582873, 'Recall@10': 0.07400338390098621, 'Recall@20': 0.10911781375212475}
2026-08-22 17:59:45,651 - INFO - Validation Dataset: {'NDCG@5': 0.032080492952063104, 'NDCG@10': 0.04023593095482963, 'NDCG@20': 0.04907322021465061}
2026-08-22 18:01:29,027 - INFO - Best NDCG@20: 0.04907322021465061
2026-08-22 18:01:29,027 - INFO - Test Dataset: {'Recall@5': 0.03399135759140289, 'Recall@10': 0.053990001530414486, 'Recall@20': 0.07989975883197759}
2026-08-22 18:01:29,027 - INFO - Test Dataset: {'NDCG@5': 0.022093665440339003, 'NDCG@10': 0.02852349737239402, 'NDCG@20': 0.03502766883636269}
2026-08-22 18:01:29,130 - INFO - Best model saved to ./ckpt/tiger.pth
2026-08-22 18:01:29,130 - INFO - Epoch 67/200
2026-08-22 18:03:04,993 - INFO - Training loss: 2.0768309896558175
2026-08-22 18:04:48,378 - INFO - Validation Dataset: {'Recall@5': 0.047961963108808695, 'Recall@10': 0.07427408083346013, 'Recall@20': 0.10772699265952658}
2026-08-22 18:04:48,378 - INFO - Validation Dataset: {'NDCG@5': 0.03168202510359397, 'NDCG@10': 0.04013196005018292, 'NDCG@20': 0.04853471936338257}
2026-08-22 18:04:48,379 - INFO - No improvement in NDCG@20. Early stop counter: 1
2026-08-22 18:04:48,379 - INFO - Epoch 68/200
2026-08-22 18:06:24,215 - INFO - Training loss: 2.070586131472532
2026-08-22 18:08:07,593 - INFO - Validation Dataset: {'Recall@5': 0.04889834773339043, 'Recall@10': 0.07436103783068228, 'Recall@20': 0.10808710249884318}
2026-08-22 18:08:07,594 - INFO - Validation Dataset: {'NDCG@5': 0.03223631295571384, 'NDCG@10': 0.04042070149244189, 'NDCG@20': 0.04890785115179426}
2026-08-22 18:08:07,594 - INFO - No improvement in NDCG@20. Early stop counter: 2
2026-08-22 18:08:07,594 - INFO - Epoch 69/200
2026-08-22 18:09:43,562 - INFO - Training loss: 2.067790703550851
2026-08-22 18:11:27,095 - INFO - Validation Dataset: {'Recall@5': 0.04943482859595779, 'Recall@10': 0.07503409505833755, 'Recall@20': 0.10893898656743663}
2026-08-22 18:11:27,095 - INFO - Validation Dataset: {'NDCG@5': 0.03241806280651317, 'NDCG@10': 0.040599937890476424, 'NDCG@20': 0.04913511893975792}
2026-08-22 18:13:10,659 - INFO - Best NDCG@20: 0.04913511893975792
2026-08-22 18:13:10,660 - INFO - Test Dataset: {'Recall@5': 0.033991357711315666, 'Recall@10': 0.053632347836546884, 'Recall@20': 0.0811962538474747}
2026-08-22 18:13:10,660 - INFO - Test Dataset: {'NDCG@5': 0.02220942433763599, 'NDCG@10': 0.028536468591389162, 'NDCG@20': 0.03548388314821114}
2026-08-22 18:13:10,757 - INFO - Best model saved to ./ckpt/tiger.pth
2026-08-22 18:13:10,757 - INFO - Epoch 70/200
2026-08-22 18:14:46,593 - INFO - Training loss: 2.0634939860740986
2026-08-22 18:16:29,803 - INFO - Validation Dataset: {'Recall@5': 0.049564036116995266, 'Recall@10': 0.07525271575802002, 'Recall@20': 0.10760024110007184}
2026-08-22 18:16:29,803 - INFO - Validation Dataset: {'NDCG@5': 0.03256746740260286, 'NDCG@10': 0.04080146779665971, 'NDCG@20': 0.04895770381296717}
2026-08-22 18:16:29,803 - INFO - No improvement in NDCG@20. Early stop counter: 1
2026-08-22 18:16:29,804 - INFO - Epoch 71/200
2026-08-22 18:18:05,639 - INFO - Training loss: 2.0576097387748007
2026-08-22 18:19:49,096 - INFO - Validation Dataset: {'Recall@5': 0.04973549350232781, 'Recall@10': 0.074942225234607, 'Recall@20': 0.1080001454096879}
2026-08-22 18:19:49,096 - INFO - Validation Dataset: {'NDCG@5': 0.03273491812230372, 'NDCG@10': 0.04086721929633598, 'NDCG@20': 0.049189541540848085}
2026-08-22 18:21:32,381 - INFO - Best NDCG@20: 0.049189541540848085
2026-08-22 18:21:32,381 - INFO - Test Dataset: {'Recall@5': 0.033581627760674054, 'Recall@10': 0.05215211324553633, 'Recall@20': 0.08033700019536867}
2026-08-22 18:21:32,381 - INFO - Test Dataset: {'NDCG@5': 0.022069853025012902, 'NDCG@10': 0.028016488994131977, 'NDCG@20': 0.03512201874912616}
2026-08-22 18:21:32,472 - INFO - Best model saved to ./ckpt/tiger.pth
2026-08-22 18:21:32,472 - INFO - Epoch 72/200
2026-08-22 18:23:08,366 - INFO - Training loss: 2.0544213805681073
2026-08-22 18:24:51,888 - INFO - Validation Dataset: {'Recall@5': 0.04880647795762499, 'Recall@10': 0.07462682182472918, 'Recall@20': 0.10955996797799808}
2026-08-22 18:24:51,888 - INFO - Validation Dataset: {'NDCG@5': 0.0320246358513992, 'NDCG@10': 0.040310389732006666, 'NDCG@20': 0.0491358068583797}
2026-08-22 18:24:51,888 - INFO - No improvement in NDCG@20. Early stop counter: 1
2026-08-22 18:24:51,888 - INFO - Epoch 73/200
2026-08-22 18:26:27,947 - INFO - Training loss: 2.049538253810155
2026-08-22 18:28:11,594 - INFO - Validation Dataset: {'Recall@5': 0.049293339308431224, 'Recall@10': 0.07431387467221896, 'Recall@20': 0.10804730893188663}
2026-08-22 18:28:11,594 - INFO - Validation Dataset: {'NDCG@5': 0.03213730500011741, 'NDCG@10': 0.040148367118010446, 'NDCG@20': 0.04863475326672516}
2026-08-22 18:28:11,595 - INFO - No improvement in NDCG@20. Early stop counter: 2
2026-08-22 18:28:11,595 - INFO - Epoch 74/200
2026-08-22 18:29:47,496 - INFO - Training loss: 2.0452399096136427
2026-08-22 18:31:30,799 - INFO - Validation Dataset: {'Recall@5': 0.048848728293576976, 'Recall@10': 0.0761891005744622, 'Recall@20': 0.10884957365259976}
2026-08-22 18:31:30,799 - INFO - Validation Dataset: {'NDCG@5': 0.03203105860361789, 'NDCG@10': 0.040815189432816444, 'NDCG@20': 0.04903664121947895}
2026-08-22 18:31:30,799 - INFO - No improvement in NDCG@20. Early stop counter: 3
2026-08-22 18:31:30,799 - INFO - Epoch 75/200
2026-08-22 18:33:06,623 - INFO - Training loss: 2.0416227836553227
2026-08-22 18:34:50,012 - INFO - Validation Dataset: {'Recall@5': 0.05064436663022113, 'Recall@10': 0.07654921097736886, 'Recall@20': 0.10880486684343718}
2026-08-22 18:34:50,013 - INFO - Validation Dataset: {'NDCG@5': 0.033351459742279904, 'NDCG@10': 0.04166666558811785, 'NDCG@20': 0.049796317692030655}
2026-08-22 18:36:33,666 - INFO - Best NDCG@20: 0.049796317692030655
2026-08-22 18:36:33,666 - INFO - Test Dataset: {'Recall@5': 0.03439371815039237, 'Recall@10': 0.054836972980348335, 'Recall@20': 0.08248292294614688}
2026-08-22 18:36:33,666 - INFO - Test Dataset: {'NDCG@5': 0.022181237200394978, 'NDCG@10': 0.028752156341440432, 'NDCG@20': 0.03570733942059488}
2026-08-22 18:36:33,770 - INFO - Best model saved to ./ckpt/tiger.pth
2026-08-22 18:36:33,770 - INFO - Epoch 76/200
2026-08-22 18:38:09,615 - INFO - Training loss: 2.0367703437805176
2026-08-22 18:39:52,913 - INFO - Validation Dataset: {'Recall@5': 0.05086544370718396, 'Recall@10': 0.07703852845363862, 'Recall@20': 0.11024039447739273}
2026-08-22 18:39:52,913 - INFO - Validation Dataset: {'NDCG@5': 0.033370017547703995, 'NDCG@10': 0.041796926444979954, 'NDCG@20': 0.0501462357906153}
2026-08-22 18:41:36,458 - INFO - Best NDCG@20: 0.0501462357906153
2026-08-22 18:41:36,459 - INFO - Test Dataset: {'Recall@5': 0.034659502148436376, 'Recall@10': 0.05546041065627157, 'Recall@20': 0.08355588438748801}
2026-08-22 18:41:36,459 - INFO - Test Dataset: {'NDCG@5': 0.02265418607685635, 'NDCG@10': 0.029326314270464393, 'NDCG@20': 0.036377354869778895}
2026-08-22 18:41:36,538 - INFO - Best model saved to ./ckpt/tiger.pth
2026-08-22 18:41:36,539 - INFO - Epoch 77/200
2026-08-22 18:43:12,467 - INFO - Training loss: 2.031120751850336
2026-08-22 18:44:55,920 - INFO - Validation Dataset: {'Recall@5': 0.0506345408732799, 'Recall@10': 0.0759184040656801, 'Recall@20': 0.10970637021194583}
2026-08-22 18:44:55,921 - INFO - Validation Dataset: {'NDCG@5': 0.03368740127313994, 'NDCG@10': 0.04181695663542067, 'NDCG@20': 0.05031970290011475}
2026-08-22 18:46:39,297 - INFO - Best NDCG@20: 0.05031970290011475
2026-08-22 18:46:39,298 - INFO - Test Dataset: {'Recall@5': 0.034473305915846075, 'Recall@10': 0.05425087283785123, 'Recall@20': 0.08145221193269087}
2026-08-22 18:46:39,298 - INFO - Test Dataset: {'NDCG@5': 0.022462593209669954, 'NDCG@10': 0.0288404979075549, 'NDCG@20': 0.03569274688491302}
2026-08-22 18:46:39,398 - INFO - Best model saved to ./ckpt/tiger.pth
2026-08-22 18:46:39,398 - INFO - Epoch 78/200
2026-08-22 18:48:15,223 - INFO - Training loss: 2.027513485242421
2026-08-22 18:49:58,769 - INFO - Validation Dataset: {'Recall@5': 0.050495507799152906, 'Recall@10': 0.07672312490386257, 'Recall@20': 0.11059804792743767}
2026-08-22 18:49:58,770 - INFO - Validation Dataset: {'NDCG@5': 0.033507210716141524, 'NDCG@10': 0.041905983115342556, 'NDCG@20': 0.050454972407784585}
2026-08-22 18:51:42,120 - INFO - Best NDCG@20: 0.050454972407784585
2026-08-22 18:51:42,120 - INFO - Test Dataset: {'Recall@5': 0.03493019879711672, 'Recall@10': 0.05484188575889164, 'Recall@20': 0.08209038829199107}
2026-08-22 18:51:42,120 - INFO - Test Dataset: {'NDCG@5': 0.022469401753271726, 'NDCG@10': 0.02884033084107571, 'NDCG@20': 0.0357092340824558}
2026-08-22 18:51:42,205 - INFO - Best model saved to ./ckpt/tiger.pth
2026-08-22 18:51:42,205 - INFO - Epoch 79/200
2026-08-22 18:53:17,980 - INFO - Training loss: 2.024496731359207
2026-08-22 18:55:01,329 - INFO - Validation Dataset: {'Recall@5': 0.050142766971764646, 'Recall@10': 0.07676291897844986, 'Recall@20': 0.11005419851260763}
2026-08-22 18:55:01,329 - INFO - Validation Dataset: {'NDCG@5': 0.033176622185616275, 'NDCG@10': 0.04171514877941571, 'NDCG@20': 0.05012649679636431}
2026-08-22 18:55:01,329 - INFO - No improvement in NDCG@20. Early stop counter: 1
2026-08-22 18:55:01,330 - INFO - Epoch 80/200
2026-08-22 18:56:37,198 - INFO - Training loss: 2.020201979908034
2026-08-22 18:58:20,747 - INFO - Validation Dataset: {'Recall@5': 0.050276887067493704, 'Recall@10': 0.07570469603661943, 'Recall@20': 0.10992499083968063}
2026-08-22 18:58:20,748 - INFO - Validation Dataset: {'NDCG@5': 0.03278700515124228, 'NDCG@10': 0.040936636692512574, 'NDCG@20': 0.04952565005424836}
2026-08-22 18:58:20,748 - INFO - No improvement in NDCG@20. Early stop counter: 2
2026-08-22 18:58:20,748 - INFO - Epoch 81/200
2026-08-22 18:59:56,706 - INFO - Training loss: 2.0151232972683144
2026-08-22 19:01:40,408 - INFO - Validation Dataset: {'Recall@5': 0.049340502342984656, 'Recall@10': 0.07404563449674921, 'Recall@20': 0.10975107712902991}
2026-08-22 19:01:40,408 - INFO - Validation Dataset: {'NDCG@5': 0.03194550500559129, 'NDCG@10': 0.03992393322273002, 'NDCG@20': 0.04888571980469281}
2026-08-22 19:01:40,408 - INFO - No improvement in NDCG@20. Early stop counter: 3
2026-08-22 19:01:40,408 - INFO - Epoch 82/200
2026-08-22 19:03:16,413 - INFO - Training loss: 2.012499432387519
2026-08-22 19:05:00,150 - INFO - Validation Dataset: {'Recall@5': 0.049787569671165786, 'Recall@10': 0.0760176430012663, 'Recall@20': 0.11001686097118732}
2026-08-22 19:05:00,151 - INFO - Validation Dataset: {'NDCG@5': 0.0328106612882421, 'NDCG@10': 0.04128294500578275, 'NDCG@20': 0.04982716480046191}
2026-08-22 19:05:00,151 - INFO - No improvement in NDCG@20. Early stop counter: 4
2026-08-22 19:05:00,151 - INFO - Epoch 83/200
2026-08-22 19:06:36,352 - INFO - Training loss: 2.0101046845142942
2026-08-22 19:08:20,184 - INFO - Validation Dataset: {'Recall@5': 0.05103444487112274, 'Recall@10': 0.07559808800116885, 'Recall@20': 0.10996724119162099}
2026-08-22 19:08:20,184 - INFO - Validation Dataset: {'NDCG@5': 0.03350101377767043, 'NDCG@10': 0.04145189824558059, 'NDCG@20': 0.05014796693041889}
2026-08-22 19:08:20,184 - INFO - No improvement in NDCG@20. Early stop counter: 5
2026-08-22 19:08:20,184 - INFO - Epoch 84/200
2026-08-22 19:09:56,144 - INFO - Training loss: 2.0056394744475994
2026-08-22 19:11:39,800 - INFO - Validation Dataset: {'Recall@5': 0.0506369973984527, 'Recall@10': 0.07721735528258551, 'Recall@20': 0.1102900140091393}
2026-08-22 19:11:39,800 - INFO - Validation Dataset: {'NDCG@5': 0.03318888709037025, 'NDCG@10': 0.04167055821170143, 'NDCG@20': 0.05000356254727448}
2026-08-22 19:11:39,800 - INFO - No improvement in NDCG@20. Early stop counter: 6
2026-08-22 19:11:39,800 - INFO - Epoch 85/200
2026-08-22 19:13:15,821 - INFO - Training loss: 2.001359749165027
2026-08-22 19:14:59,541 - INFO - Validation Dataset: {'Recall@5': 0.05013785424518355, 'Recall@10': 0.076459797674814, 'Recall@20': 0.11180267334304142}
2026-08-22 19:14:59,542 - INFO - Validation Dataset: {'NDCG@5': 0.03303134232527644, 'NDCG@10': 0.04148268971048583, 'NDCG@20': 0.050392635120678486}
2026-08-22 19:14:59,542 - INFO - No improvement in NDCG@20. Early stop counter: 7
2026-08-22 19:14:59,542 - INFO - Epoch 86/200
2026-08-22 19:16:35,598 - INFO - Training loss: 1.9973419528990868
2026-08-22 19:18:19,341 - INFO - Validation Dataset: {'Recall@5': 0.05112140210817044, 'Recall@10': 0.07685724507553639, 'Recall@20': 0.10961204387103667}
2026-08-22 19:18:19,342 - INFO - Validation Dataset: {'NDCG@5': 0.033823488330140775, 'NDCG@10': 0.042105244565555276, 'NDCG@20': 0.05037852607431618}
2026-08-22 19:18:19,342 - INFO - No improvement in NDCG@20. Early stop counter: 8
2026-08-22 19:18:19,342 - INFO - Epoch 87/200
2026-08-22 19:19:55,438 - INFO - Training loss: 1.9928971396809887
2026-08-22 19:21:39,351 - INFO - Validation Dataset: {'Recall@5': 0.05032405024594248, 'Recall@10': 0.07771158584517471, 'Recall@20': 0.11001194796081265}
2026-08-22 19:21:39,351 - INFO - Validation Dataset: {'NDCG@5': 0.03303302431583021, 'NDCG@10': 0.04181990917480267, 'NDCG@20': 0.049971777042413984}
2026-08-22 19:21:39,352 - INFO - No improvement in NDCG@20. Early stop counter: 9
2026-08-22 19:21:39,352 - INFO - Epoch 88/200
2026-08-22 19:23:15,493 - INFO - Training loss: 1.9871104714471541
2026-08-22 19:24:59,296 - INFO - Validation Dataset: {'Recall@5': 0.05099219471104283, 'Recall@10': 0.07739126944490768, 'Recall@20': 0.11162384624628933}
2026-08-22 19:24:59,296 - INFO - Validation Dataset: {'NDCG@5': 0.033696326798891306, 'NDCG@10': 0.042183324414837, 'NDCG@20': 0.050828021641245086}
2026-08-22 19:26:43,118 - INFO - Best NDCG@20: 0.050828021641245086
2026-08-22 19:26:43,119 - INFO - Test Dataset: {'Recall@5': 0.03577471373786614, 'Recall@10': 0.05595955392545641, 'Recall@20': 0.08217980143066511}
2026-08-22 19:26:43,119 - INFO - Test Dataset: {'NDCG@5': 0.023310619620246564, 'NDCG@10': 0.02978750595687029, 'NDCG@20': 0.036389534511551455}
2026-08-22 19:26:43,219 - INFO - Best model saved to ./ckpt/tiger.pth
2026-08-22 19:26:43,219 - INFO - Epoch 89/200
2026-08-22 19:28:19,221 - INFO - Training loss: 1.9840310876935372
2026-08-22 19:30:02,987 - INFO - Validation Dataset: {'Recall@5': 0.05113122776518436, 'Recall@10': 0.07690440819003168, 'Recall@20': 0.11211562055151095}
2026-08-22 19:30:02,987 - INFO - Validation Dataset: {'NDCG@5': 0.033846150438177354, 'NDCG@10': 0.04215541932344149, 'NDCG@20': 0.05098434652965276}
2026-08-22 19:31:46,734 - INFO - Best NDCG@20: 0.05098434652965276
2026-08-22 19:31:46,735 - INFO - Test Dataset: {'Recall@5': 0.03487812282413628, 'Recall@10': 0.05510766947314207, 'Recall@20': 0.08190910482595279}
2026-08-22 19:31:46,735 - INFO - Test Dataset: {'NDCG@5': 0.022993453376618705, 'NDCG@10': 0.029484181767809224, 'NDCG@20': 0.03625285022596273}
2026-08-22 19:31:46,843 - INFO - Best model saved to ./ckpt/tiger.pth
2026-08-22 19:31:46,843 - INFO - Epoch 90/200
2026-08-22 19:33:22,875 - INFO - Training loss: 1.9821111000929361
2026-08-22 19:35:06,652 - INFO - Validation Dataset: {'Recall@5': 0.05072395454356727, 'Recall@10': 0.07779362999990007, 'Recall@20': 0.11086137538432052}
2026-08-22 19:35:06,653 - INFO - Validation Dataset: {'NDCG@5': 0.03356382598732738, 'NDCG@10': 0.042242777725689656, 'NDCG@20': 0.050564742582158664}
2026-08-22 19:35:06,653 - INFO - No improvement in NDCG@20. Early stop counter: 1
2026-08-22 19:35:06,653 - INFO - Epoch 91/200
2026-08-22 19:36:42,701 - INFO - Training loss: 1.9790989336800482
2026-08-22 19:38:26,449 - INFO - Validation Dataset: {'Recall@5': 0.05099465123621563, 'Recall@10': 0.0769540280255573, 'Recall@20': 0.11239122979486833}
2026-08-22 19:38:26,450 - INFO - Validation Dataset: {'NDCG@5': 0.03394923844602551, 'NDCG@10': 0.0422940231687809, 'NDCG@20': 0.051213939286480645}
2026-08-22 19:40:10,341 - INFO - Best NDCG@20: 0.051213939286480645
2026-08-22 19:40:10,341 - INFO - Test Dataset: {'Recall@5': 0.03545931027602612, 'Recall@10': 0.055681488188902964, 'Recall@20': 0.08329746970914848}
2026-08-22 19:40:10,342 - INFO - Test Dataset: {'NDCG@5': 0.02318152645203113, 'NDCG@10': 0.029684319467655516, 'NDCG@20': 0.03666098781585565}
2026-08-22 19:40:10,431 - INFO - Best model saved to ./ckpt/tiger.pth
2026-08-22 19:40:10,431 - INFO - Epoch 92/200
2026-08-22 19:41:46,504 - INFO - Training loss: 1.9730927366690878
2026-08-22 19:43:30,194 - INFO - Validation Dataset: {'Recall@5': 0.05202536210577631, 'Recall@10': 0.07811885914673365, 'Recall@20': 0.11221240302987492}
2026-08-22 19:43:30,194 - INFO - Validation Dataset: {'NDCG@5': 0.03411659231417425, 'NDCG@10': 0.042526218867281154, 'NDCG@20': 0.0511100761804234}
2026-08-22 19:43:30,194 - INFO - No improvement in NDCG@20. Early stop counter: 1
2026-08-22 19:43:30,194 - INFO - Epoch 93/200
2026-08-22 19:45:06,345 - INFO - Training loss: 1.9714341625165384
2026-08-22 19:46:50,315 - INFO - Validation Dataset: {'Recall@5': 0.051354761267392676, 'Recall@10': 0.07709060424275281, 'Recall@20': 0.11077196220567553}
2026-08-22 19:46:50,315 - INFO - Validation Dataset: {'NDCG@5': 0.03388069160762263, 'NDCG@10': 0.04216045602684433, 'NDCG@20': 0.05066579087165708}
2026-08-22 19:46:50,315 - INFO - No improvement in NDCG@20. Early stop counter: 2
2026-08-22 19:46:50,315 - INFO - Epoch 94/200
2026-08-22 19:48:26,531 - INFO - Training loss: 1.9680535781708208
2026-08-22 19:50:10,287 - INFO - Validation Dataset: {'Recall@5': 0.05091260682167925, 'Recall@10': 0.07748559564192152, 'Recall@20': 0.11144747632623614}
2026-08-22 19:50:10,288 - INFO - Validation Dataset: {'NDCG@5': 0.03387553920337826, 'NDCG@10': 0.04244247993630209, 'NDCG@20': 0.05099987027099428}
2026-08-22 19:50:10,288 - INFO - No improvement in NDCG@20. Early stop counter: 3
2026-08-22 19:50:10,288 - INFO - Epoch 95/200
2026-08-22 19:51:46,182 - INFO - Training loss: 1.9627957012402872
2026-08-22 19:53:29,618 - INFO - Validation Dataset: {'Recall@5': 0.051983112065609176, 'Recall@10': 0.07761725938435277, 'Recall@20': 0.11144747587056758}
2026-08-22 19:53:29,618 - INFO - Validation Dataset: {'NDCG@5': 0.033819015189813444, 'NDCG@10': 0.0420915567148237, 'NDCG@20': 0.05060197272869586}
2026-08-22 19:53:29,618 - INFO - No improvement in NDCG@20. Early stop counter: 4
2026-08-22 19:53:29,618 - INFO - Epoch 96/200
2026-08-22 19:55:05,490 - INFO - Training loss: 1.9599491506235145
2026-08-22 19:56:48,955 - INFO - Validation Dataset: {'Recall@5': 0.05144417489770912, 'Recall@10': 0.07721735502677159, 'Recall@20': 0.11103774614376316}
2026-08-22 19:56:48,955 - INFO - Validation Dataset: {'NDCG@5': 0.03431136946317784, 'NDCG@10': 0.04262788227535465, 'NDCG@20': 0.05110730536385987}
2026-08-22 19:56:48,955 - INFO - No improvement in NDCG@20. Early stop counter: 5
2026-08-22 19:56:48,955 - INFO - Epoch 97/200
2026-08-22 19:58:24,639 - INFO - Training loss: 1.9555895214878631
2026-08-22 20:00:07,997 - INFO - Validation Dataset: {'Recall@5': 0.050679247686439576, 'Recall@10': 0.07842689328087502, 'Recall@20': 0.11090853889053087}
2026-08-22 20:00:07,998 - INFO - Validation Dataset: {'NDCG@5': 0.033639287560091, 'NDCG@10': 0.04255030876277374, 'NDCG@20': 0.05069418747953335}
2026-08-22 20:00:07,998 - INFO - No improvement in NDCG@20. Early stop counter: 6
2026-08-22 20:00:07,998 - INFO - Epoch 98/200
2026-08-22 20:01:43,701 - INFO - Training loss: 1.9520797829219803
2026-08-22 20:03:26,990 - INFO - Validation Dataset: {'Recall@5': 0.05041591991378642, 'Recall@10': 0.07739618190368358, 'Recall@20': 0.11148481370777276}
2026-08-22 20:03:26,991 - INFO - Validation Dataset: {'NDCG@5': 0.0333147278243412, 'NDCG@10': 0.04202046897961826, 'NDCG@20': 0.050624598464189104}
2026-08-22 20:03:26,991 - INFO - No improvement in NDCG@20. Early stop counter: 7
2026-08-22 20:03:26,991 - INFO - Epoch 99/200
2026-08-22 20:05:02,600 - INFO - Training loss: 1.949443334735321
2026-08-22 20:06:45,945 - INFO - Validation Dataset: {'Recall@5': 0.051178390919650575, 'Recall@10': 0.07588352300946165, 'Recall@20': 0.11020060075055248}
2026-08-22 20:06:45,946 - INFO - Validation Dataset: {'NDCG@5': 0.033559449420754235, 'NDCG@10': 0.04155336999406343, 'NDCG@20': 0.05018820221907591}
2026-08-22 20:06:45,946 - INFO - No improvement in NDCG@20. Early stop counter: 8
2026-08-22 20:06:45,946 - INFO - Epoch 100/200
2026-08-22 20:08:21,973 - INFO - Training loss: 1.9456425882035193
2026-08-22 20:10:05,696 - INFO - Validation Dataset: {'Recall@5': 0.05023463698735565, 'Recall@10': 0.07615176305702444, 'Recall@20': 0.11078670038541882}
2026-08-22 20:10:05,696 - INFO - Validation Dataset: {'NDCG@5': 0.03322144949712787, 'NDCG@10': 0.04154635907566503, 'NDCG@20': 0.05026072439090089}
2026-08-22 20:10:05,696 - INFO - No improvement in NDCG@20. Early stop counter: 9
2026-08-22 20:10:05,696 - INFO - Epoch 101/200
2026-08-22 20:11:41,684 - INFO - Training loss: 1.9426415683230538
2026-08-22 20:13:25,353 - INFO - Validation Dataset: {'Recall@5': 0.0509946511442825, 'Recall@10': 0.07888378643794505, 'Recall@20': 0.11273905860715798}
2026-08-22 20:13:25,353 - INFO - Validation Dataset: {'NDCG@5': 0.03402182636702585, 'NDCG@10': 0.043004485417772964, 'NDCG@20': 0.051510680856606865}
2026-08-22 20:15:09,241 - INFO - Best NDCG@20: 0.051510680856606865
2026-08-22 20:15:09,241 - INFO - Test Dataset: {'Recall@5': 0.035730006932700654, 'Recall@10': 0.054486688490269525, 'Recall@20': 0.0832601323635857}
2026-08-22 20:15:09,242 - INFO - Test Dataset: {'NDCG@5': 0.02337531102101754, 'NDCG@10': 0.02939086858195137, 'NDCG@20': 0.03661572277274126}
2026-08-22 20:15:09,326 - INFO - Best model saved to ./ckpt/tiger.pth
2026-08-22 20:15:09,327 - INFO - Epoch 102/200
2026-08-22 20:16:45,347 - INFO - Training loss: 1.9397670988442832
2026-08-22 20:18:29,024 - INFO - Validation Dataset: {'Recall@5': 0.05215702581223372, 'Recall@10': 0.07717756130392843, 'Recall@20': 0.11346173498683605}
2026-08-22 20:18:29,024 - INFO - Validation Dataset: {'NDCG@5': 0.03431306495391184, 'NDCG@10': 0.04234920916059594, 'NDCG@20': 0.05147509176839671}
2026-08-22 20:18:29,025 - INFO - No improvement in NDCG@20. Early stop counter: 1
2026-08-22 20:18:29,025 - INFO - Epoch 103/200
2026-08-22 20:20:04,909 - INFO - Training loss: 1.9368294475143522
2026-08-22 20:21:48,713 - INFO - Validation Dataset: {'Recall@5': 0.051173478205060755, 'Recall@10': 0.07690686478315505, 'Recall@20': 0.11140768185993377}
2026-08-22 20:21:48,713 - INFO - Validation Dataset: {'NDCG@5': 0.03392285370575704, 'NDCG@10': 0.042199919118182216, 'NDCG@20': 0.0508524965037204}
2026-08-22 20:21:48,713 - INFO - No improvement in NDCG@20. Early stop counter: 2
2026-08-22 20:21:48,713 - INFO - Epoch 104/200
2026-08-22 20:23:24,682 - INFO - Training loss: 1.9329181232341068
2026-08-22 20:25:08,424 - INFO - Validation Dataset: {'Recall@5': 0.04938029620572605, 'Recall@10': 0.07525271584995315, 'Recall@20': 0.11046638438486106}
2026-08-22 20:25:08,424 - INFO - Validation Dataset: {'NDCG@5': 0.03289421042227566, 'NDCG@10': 0.041219772453232, 'NDCG@20': 0.05010364765637103}
2026-08-22 20:25:08,424 - INFO - No improvement in NDCG@20. Early stop counter: 3
2026-08-22 20:25:08,424 - INFO - Epoch 105/200
2026-08-22 20:26:44,490 - INFO - Training loss: 1.9292458393230512
2026-08-22 20:28:28,353 - INFO - Validation Dataset: {'Recall@5': 0.05127026079534333, 'Recall@10': 0.07704835421857405, 'Recall@20': 0.11226202244170873}
2026-08-22 20:28:28,354 - INFO - Validation Dataset: {'NDCG@5': 0.033689194199001585, 'NDCG@10': 0.04195725597549118, 'NDCG@20': 0.0508151214266028}
2026-08-22 20:28:28,354 - INFO - No improvement in NDCG@20. Early stop counter: 4
2026-08-22 20:28:28,354 - INFO - Epoch 106/200
2026-08-22 20:30:04,363 - INFO - Training loss: 1.9262680868230442
2026-08-22 20:31:47,972 - INFO - Validation Dataset: {'Recall@5': 0.04968833045978019, 'Recall@10': 0.07534458580558775, 'Recall@20': 0.11162630291136037}
2026-08-22 20:31:47,972 - INFO - Validation Dataset: {'NDCG@5': 0.03321941991940205, 'NDCG@10': 0.0414769476091753, 'NDCG@20': 0.05062548489141969}
2026-08-22 20:31:47,972 - INFO - No improvement in NDCG@20. Early stop counter: 5
2026-08-22 20:31:47,972 - INFO - Epoch 107/200
2026-08-22 20:33:23,979 - INFO - Training loss: 1.921722646121385
2026-08-22 20:35:07,971 - INFO - Validation Dataset: {'Recall@5': 0.04956649225445008, 'Recall@10': 0.0762338075315172, 'Recall@20': 0.11122885516688803}
2026-08-22 20:35:07,971 - INFO - Validation Dataset: {'NDCG@5': 0.03303964386290427, 'NDCG@10': 0.041654369265216803, 'NDCG@20': 0.05041986770324345}
2026-08-22 20:35:07,971 - INFO - No improvement in NDCG@20. Early stop counter: 6
2026-08-22 20:35:07,972 - INFO - Epoch 108/200
2026-08-22 20:36:43,801 - INFO - Training loss: 1.9196951820692663
2026-08-22 20:38:27,315 - INFO - Validation Dataset: {'Recall@5': 0.04992414625209672, 'Recall@10': 0.07623626388481503, 'Recall@20': 0.11211562018777552}
2026-08-22 20:38:27,315 - INFO - Validation Dataset: {'NDCG@5': 0.03306952781791403, 'NDCG@10': 0.04152390796215525, 'NDCG@20': 0.05058550919693907}
2026-08-22 20:38:27,315 - INFO - No improvement in NDCG@20. Early stop counter: 7
2026-08-22 20:38:27,316 - INFO - Epoch 109/200
2026-08-22 20:40:03,247 - INFO - Training loss: 1.9138487118227472
2026-08-22 20:41:46,845 - INFO - Validation Dataset: {'Recall@5': 0.04897547926545911, 'Recall@10': 0.0774782263541938, 'Recall@20': 0.11328536449120152}
2026-08-22 20:41:46,846 - INFO - Validation Dataset: {'NDCG@5': 0.032682809549036074, 'NDCG@10': 0.04183187226708898, 'NDCG@20': 0.050830442672235646}
2026-08-22 20:41:46,846 - INFO - No improvement in NDCG@20. Early stop counter: 8
2026-08-22 20:41:46,846 - INFO - Epoch 110/200
2026-08-22 20:43:22,876 - INFO - Training loss: 1.912013560649486
2026-08-22 20:45:06,923 - INFO - Validation Dataset: {'Recall@5': 0.05054512751076866, 'Recall@10': 0.07745317106291076, 'Recall@20': 0.11153688961679971}
2026-08-22 20:45:06,924 - INFO - Validation Dataset: {'NDCG@5': 0.03413717908177189, 'NDCG@10': 0.04277170951430218, 'NDCG@20': 0.05137350724094703}
2026-08-22 20:45:06,924 - INFO - No improvement in NDCG@20. Early stop counter: 9
2026-08-22 20:45:06,924 - INFO - Epoch 111/200
2026-08-22 20:46:42,820 - INFO - Training loss: 1.9079885058365906
2026-08-22 20:48:26,459 - INFO - Validation Dataset: {'Recall@5': 0.05064191016100763, 'Recall@10': 0.07565753297008926, 'Recall@20': 0.11144747600247164}
2026-08-22 20:48:26,459 - INFO - Validation Dataset: {'NDCG@5': 0.0337546450693496, 'NDCG@10': 0.041821570554348465, 'NDCG@20': 0.05084103471779389}
2026-08-22 20:48:26,459 - INFO - No improvement in NDCG@20. Early stop counter: 10
2026-08-22 20:48:26,459 - INFO - Early stopping triggered.
2026-08-24 11:28:33,195 - INFO - Configuration: {'batch_size': 256, 'infer_size': 96, 'num_epochs': 200, 'lr': 0.0001, 'device': 'cuda', 'num_layers': 4, 'num_decoder_layers': 4, 'd_model': 128, 'd_ff': 1024, 'num_heads': 6, 'd_kv': 64, 'dropout_rate': 0.1, 'vocab_size': 1025, 'pad_token_id': 0, 'eos_token_id': 0, 'feed_forward_proj': 'relu', 'max_len': 200, 'dataset_path': '../data/Beauty', 'code_path': '../data/Beauty/Beauty_t5_rqvae.npy', 'mode': 'train', 'log_path': './logs/tiger.log', 'seed': 2025, 'save_path': './ckpt/tiger.pth', 'early_stop': 10, 'topk_list': [5, 10, 20], 'beam_size': 30}
2026-08-24 11:28:33,315 - INFO - #Embedding parameters: 131200
#Non-embedding parameters: 4459648
#Total trainable parameters: 4590848

2026-08-24 11:29:09,238 - INFO - Epoch 1/200
2026-08-24 11:31:32,702 - INFO - Configuration: {'batch_size': 256, 'infer_size': 96, 'num_epochs': 200, 'lr': 0.0001, 'device': 'cuda', 'num_layers': 4, 'num_decoder_layers': 4, 'd_model': 128, 'd_ff': 1024, 'num_heads': 6, 'd_kv': 64, 'dropout_rate': 0.1, 'vocab_size': 1025, 'pad_token_id': 0, 'eos_token_id': 0, 'feed_forward_proj': 'relu', 'max_len': 200, 'dataset_path': '../data/Beauty', 'code_path': '../data/Beauty/Beauty_t5_rqvae.npy', 'mode': 'train', 'log_path': './logs/tiger.log', 'seed': 2025, 'save_path': './ckpt/tiger.pth', 'early_stop': 10, 'topk_list': [5, 10, 20], 'beam_size': 30}
2026-08-24 11:31:32,848 - INFO - #Embedding parameters: 131200
#Non-embedding parameters: 4459648
#Total trainable parameters: 4590848

2026-08-24 11:32:09,790 - INFO - Epoch 1/200
2026-08-24 04:30:04,246 - INFO - Configuration: {'batch_size': 256, 'infer_size': 96, 'num_epochs': 200, 'lr': 0.0001, 'device': 'cuda', 'num_layers': 4, 'num_decoder_layers': 4, 'd_model': 128, 'd_ff': 1024, 'num_heads': 6, 'd_kv': 64, 'dropout_rate': 0.1, 'vocab_size': 1025, 'pad_token_id': 0, 'eos_token_id': 0, 'feed_forward_proj': 'relu', 'max_len': 200, 'dataset_path': '../data/Beauty', 'code_path': '../data/Beauty/Beauty_t5_rqvae.npy', 'mode': 'train', 'log_path': './logs/tiger.log', 'seed': 2025, 'save_path': './ckpt/tiger.pth', 'early_stop': 10, 'topk_list': [5, 10, 20], 'beam_size': 30}
2026-08-24 04:30:04,326 - INFO - #Embedding parameters: 131200
#Non-embedding parameters: 4459648
#Total trainable parameters: 4590848

2026-08-24 04:30:28,080 - INFO - Epoch 1/200
2026-08-24 04:33:16,352 - INFO - Training loss: 4.8670391303555975
2026-08-24 04:34:59,038 - INFO - Validation Dataset: {'Recall@5': 0.01077677708422933, 'Recall@10': 0.014812664300714951, 'Recall@20': 0.017499980480757904}
2026-08-24 04:34:59,040 - INFO - Validation Dataset: {'NDCG@5': 0.006715385792896855, 'NDCG@10': 0.008021470717885911, 'NDCG@20': 0.008700078492184756}
2026-08-24 04:36:41,083 - INFO - Best NDCG@20: 0.008700078492184756
2026-08-24 04:36:41,084 - INFO - Test Dataset: {'Recall@5': 0.0069791619174278344, 'Recall@10': 0.009671391059880349, 'Recall@20': 0.011593780228508389}
2026-08-24 04:36:41,084 - INFO - Test Dataset: {'NDCG@5': 0.004133713135871508, 'NDCG@10': 0.0050075985920963245, 'NDCG@20': 0.005491603634524052}
2026-08-24 04:36:41,191 - INFO - Best model saved to ./ckpt/tiger.pth
2026-08-24 04:36:41,191 - INFO - Epoch 2/200
2026-08-24 04:39:26,970 - INFO - Training loss: 4.214751399908549
2026-08-24 04:41:09,348 - INFO - Validation Dataset: {'Recall@5': 0.01682692326909099, 'Recall@10': 0.024474229587665697, 'Recall@20': 0.031607162575097554}
2026-08-24 04:41:09,351 - INFO - Validation Dataset: {'NDCG@5': 0.010175189908689822, 'NDCG@10': 0.012667829427636296, 'NDCG@20': 0.014493088434798075}
2026-08-24 04:42:51,706 - INFO - Best NDCG@20: 0.014493088434798075
2026-08-24 04:42:51,707 - INFO - Test Dataset: {'Recall@5': 0.011454747182361046, 'Recall@10': 0.017803101984248396, 'Recall@20': 0.02389304209580493}
2026-08-24 04:42:51,708 - INFO - Test Dataset: {'NDCG@5': 0.006612226740724923, 'NDCG@10': 0.008689262102809715, 'NDCG@20': 0.010258298358268428}
2026-08-24 04:42:51,766 - INFO - Best model saved to ./ckpt/tiger.pth
2026-08-24 04:42:51,767 - INFO - Epoch 3/200
2026-08-24 04:45:37,690 - INFO - Training loss: 3.871826642218267
2026-08-24 04:47:20,581 - INFO - Validation Dataset: {'Recall@5': 0.01754223087666628, 'Recall@10': 0.029178261177318546, 'Recall@20': 0.04145983690515864}
2026-08-24 04:47:20,582 - INFO - Validation Dataset: {'NDCG@5': 0.011074505534518686, 'NDCG@10': 0.014843876848333064, 'NDCG@20': 0.01795954032513301}
2026-08-24 04:49:03,250 - INFO - Best NDCG@20: 0.01795954032513301
2026-08-24 04:49:03,251 - INFO - Test Dataset: {'Recall@5': 0.013466549805433454, 'Recall@10': 0.02143171585120996, 'Recall@20': 0.031105563224417203}
2026-08-24 04:49:03,252 - INFO - Test Dataset: {'NDCG@5': 0.008126478756142405, 'NDCG@10': 0.010712714064386654, 'NDCG@20': 0.013168514467368117}
2026-08-24 04:49:03,308 - INFO - Best model saved to ./ckpt/tiger.pth
2026-08-24 04:49:03,308 - INFO - Epoch 4/200
2026-08-24 04:51:50,613 - INFO - Training loss: 3.617798189708695
2026-08-24 04:53:33,284 - INFO - Validation Dataset: {'Recall@5': 0.019563859128772957, 'Recall@10': 0.03204440438216592, 'Recall@20': 0.0465190659273144}
2026-08-24 04:53:33,285 - INFO - Validation Dataset: {'NDCG@5': 0.011681614815389393, 'NDCG@10': 0.015726676244736358, 'NDCG@20': 0.019371024012173898}
2026-08-24 04:55:16,031 - INFO - Best NDCG@20: 0.019371024012173898
2026-08-24 04:55:16,033 - INFO - Test Dataset: {'Recall@5': 0.01538893889411964, 'Recall@10': 0.025507397034361383, 'Recall@20': 0.03563076792516678}
2026-08-24 04:55:16,033 - INFO - Test Dataset: {'NDCG@5': 0.008738839169444573, 'NDCG@10': 0.012013195511233461, 'NDCG@20': 0.014580297219874777}
2026-08-24 04:55:16,093 - INFO - Best model saved to ./ckpt/tiger.pth
2026-08-24 04:55:16,093 - INFO - Epoch 5/200
2026-08-24 04:58:03,021 - INFO - Training loss: 3.4246833509972125
2026-08-24 04:59:45,816 - INFO - Validation Dataset: {'Recall@5': 0.019740229576442374, 'Recall@10': 0.03460251333695624, 'Recall@20': 0.049653449503489065}
2026-08-24 04:59:45,817 - INFO - Validation Dataset: {'NDCG@5': 0.012378249071586413, 'NDCG@10': 0.0171756021690439, 'NDCG@20': 0.02099028320747224}
2026-08-24 05:01:28,680 - INFO - Best NDCG@20: 0.02099028320747224
2026-08-24 05:01:28,682 - INFO - Test Dataset: {'Recall@5': 0.014360684265938183, 'Recall@10': 0.025504940637095547, 'Recall@20': 0.03947554623444321}
2026-08-24 05:01:28,682 - INFO - Test Dataset: {'NDCG@5': 0.008767164939846604, 'NDCG@10': 0.01239565659270426, 'NDCG@20': 0.015928344365385212}
2026-08-24 05:01:28,740 - INFO - Best model saved to ./ckpt/tiger.pth
2026-08-24 05:01:28,740 - INFO - Epoch 6/200
2026-08-24 05:04:16,232 - INFO - Training loss: 3.2735651569143807
2026-08-24 05:05:58,868 - INFO - Validation Dataset: {'Recall@5': 0.020326329926788296, 'Recall@10': 0.03549419130426492, 'Recall@20': 0.054985831635544484}
2026-08-24 05:05:58,870 - INFO - Validation Dataset: {'NDCG@5': 0.012494904926454433, 'NDCG@10': 0.01741915732989879, 'NDCG@20': 0.022355896802499185}
2026-08-24 05:07:41,430 - INFO - Best NDCG@20: 0.022355896802499185
2026-08-24 05:07:41,431 - INFO - Test Dataset: {'Recall@5': 0.015297068994444328, 'Recall@10': 0.027340372660609017, 'Recall@20': 0.043320324471771976}
2026-08-24 05:07:41,431 - INFO - Test Dataset: {'NDCG@5': 0.00956905602433523, 'NDCG@10': 0.013443119357272087, 'NDCG@20': 0.017486149675008947}
2026-08-24 05:07:41,486 - INFO - Best model saved to ./ckpt/tiger.pth
2026-08-24 05:07:41,486 - INFO - Epoch 7/200
2026-08-24 05:10:26,741 - INFO - Training loss: 3.149919085001667
2026-08-24 05:12:09,603 - INFO - Validation Dataset: {'Recall@5': 0.023227354139889002, 'Recall@10': 0.038400128479775184, 'Recall@20': 0.056590360785182967}
2026-08-24 05:12:09,605 - INFO - Validation Dataset: {'NDCG@5': 0.014346582601206624, 'NDCG@10': 0.01915017793218849, 'NDCG@20': 0.02373818842326431}
2026-08-24 05:13:52,435 - INFO - Best NDCG@20: 0.02373818842326431
2026-08-24 05:13:52,436 - INFO - Test Dataset: {'Recall@5': 0.016951217843707282, 'Recall@10': 0.029498577505637905, 'Recall@20': 0.044758308946670634}
2026-08-24 05:13:52,436 - INFO - Test Dataset: {'NDCG@5': 0.010460094978449299, 'NDCG@10': 0.014437891635843933, 'NDCG@20': 0.018315028790944123}
2026-08-24 05:13:52,490 - INFO - Best model saved to ./ckpt/tiger.pth
2026-08-24 05:13:52,490 - INFO - Epoch 8/200
2026-08-24 05:16:39,721 - INFO - Training loss: 3.0478602513265054
2026-08-24 05:18:22,589 - INFO - Validation Dataset: {'Recall@5': 0.023272060829138807, 'Recall@10': 0.03894889116878801, 'Recall@20': 0.059185806945637826}
2026-08-24 05:18:22,591 - INFO - Validation Dataset: {'NDCG@5': 0.014468679746189214, 'NDCG@10': 0.01954965032797003, 'NDCG@20': 0.024667579524794616}
2026-08-24 05:20:05,383 - INFO - Best NDCG@20: 0.024667579524794616
2026-08-24 05:20:05,384 - INFO - Test Dataset: {'Recall@5': 0.0176267315245877, 'Recall@10': 0.030973899418032476, 'Recall@20': 0.0472618852554153}
2026-08-24 05:20:05,385 - INFO - Test Dataset: {'NDCG@5': 0.010644275745049184, 'NDCG@10': 0.014964243518028712, 'NDCG@20': 0.01910310025854524}
2026-08-24 05:20:05,440 - INFO - Best model saved to ./ckpt/tiger.pth
2026-08-24 05:20:05,440 - INFO - Epoch 9/200
2026-08-24 05:22:52,728 - INFO - Training loss: 2.9620994714447497
2026-08-24 05:24:35,462 - INFO - Validation Dataset: {'Recall@5': 0.023902867760813032, 'Recall@10': 0.04100785682241676, 'Recall@20': 0.06097898883305394}
2026-08-24 05:24:35,464 - INFO - Validation Dataset: {'NDCG@5': 0.014890560550543244, 'NDCG@10': 0.020394948072323792, 'NDCG@20': 0.025435480649898812}
2026-08-24 05:26:18,271 - INFO - Best NDCG@20: 0.025435480649898812
2026-08-24 05:26:18,273 - INFO - Test Dataset: {'Recall@5': 0.017534861664883314, 'Recall@10': 0.030742996620102245, 'Recall@20': 0.048918490605868496}
2026-08-24 05:26:18,273 - INFO - Test Dataset: {'NDCG@5': 0.010648611599235703, 'NDCG@10': 0.014869851777689779, 'NDCG@20': 0.019457185848779944}
2026-08-24 05:26:18,331 - INFO - Best model saved to ./ckpt/tiger.pth
2026-08-24 05:26:18,331 - INFO - Epoch 10/200
2026-08-24 05:29:05,975 - INFO - Training loss: 2.8912446800372944
2026-08-24 05:30:48,650 - INFO - Validation Dataset: {'Recall@5': 0.02542535280369126, 'Recall@10': 0.04100785671049817, 'Recall@20': 0.06393700184564349}
2026-08-24 05:30:48,652 - INFO - Validation Dataset: {'NDCG@5': 0.015388795550385002, 'NDCG@10': 0.020429821518077936, 'NDCG@20': 0.02624655573712782}
2026-08-24 05:32:31,352 - INFO - Best NDCG@20: 0.02624655573712782
2026-08-24 05:32:31,354 - INFO - Test Dataset: {'Recall@5': 0.018707062165720524, 'Recall@10': 0.031790902578299904, 'Recall@20': 0.049425003146792684}
2026-08-24 05:32:31,354 - INFO - Test Dataset: {'NDCG@5': 0.01116080486211654, 'NDCG@10': 0.015369385837621251, 'NDCG@20': 0.01984540619607615}
2026-08-24 05:32:31,412 - INFO - Best model saved to ./ckpt/tiger.pth
2026-08-24 05:32:31,412 - INFO - Epoch 11/200
2026-08-24 05:35:18,332 - INFO - Training loss: 2.8293363746502056
2026-08-24 05:37:01,126 - INFO - Validation Dataset: {'Recall@5': 0.025291232624023257, 'Recall@10': 0.04360330311877277, 'Recall@20': 0.06586676027801672}
2026-08-24 05:37:01,128 - INFO - Validation Dataset: {'NDCG@5': 0.016162264846313282, 'NDCG@10': 0.022055322535200116, 'NDCG@20': 0.027691882488401726}
2026-08-24 05:38:43,947 - INFO - Best NDCG@20: 0.027691882488401726
2026-08-24 05:38:43,948 - INFO - Test Dataset: {'Recall@5': 0.017944591411673205, 'Recall@10': 0.03133400968503799, 'Recall@20': 0.05140438079514217}
2026-08-24 05:38:43,948 - INFO - Test Dataset: {'NDCG@5': 0.01160621417630384, 'NDCG@10': 0.01588042320827494, 'NDCG@20': 0.02097870270489783}
2026-08-24 05:38:44,005 - INFO - Best model saved to ./ckpt/tiger.pth
2026-08-24 05:38:44,005 - INFO - Epoch 12/200
2026-08-24 05:41:31,294 - INFO - Training loss: 2.7751900987402474
2026-08-24 05:43:13,966 - INFO - Validation Dataset: {'Recall@5': 0.026274780510992708, 'Recall@10': 0.04472097140525032, 'Recall@20': 0.067918356827784}
2026-08-24 05:43:13,968 - INFO - Validation Dataset: {'NDCG@5': 0.016246075312259245, 'NDCG@10': 0.022189319685357322, 'NDCG@20': 0.02801773804159987}
2026-08-24 05:44:56,629 - INFO - Best NDCG@20: 0.02801773804159987
2026-08-24 05:44:56,630 - INFO - Test Dataset: {'Recall@5': 0.019111879086002002, 'Recall@10': 0.033388062432216474, 'Recall@20': 0.05187896007168319}
2026-08-24 05:44:56,630 - INFO - Test Dataset: {'NDCG@5': 0.011663019143508611, 'NDCG@10': 0.01620995943022836, 'NDCG@20': 0.020861851192347288}
2026-08-24 05:44:56,691 - INFO - Best model saved to ./ckpt/tiger.pth
2026-08-24 05:44:56,691 - INFO - Epoch 13/200
2026-08-24 05:47:44,433 - INFO - Training loss: 2.729021668434143
2026-08-24 05:49:27,141 - INFO - Validation Dataset: {'Recall@5': 0.02673167346820811, 'Recall@10': 0.04405037029906148, 'Recall@20': 0.06836788056522224}
2026-08-24 05:49:27,143 - INFO - Validation Dataset: {'NDCG@5': 0.017022582546452083, 'NDCG@10': 0.02258832907492031, 'NDCG@20': 0.02874776618075537}
2026-08-24 05:51:09,871 - INFO - Best NDCG@20: 0.02874776618075537
2026-08-24 05:51:09,873 - INFO - Test Dataset: {'Recall@5': 0.019780023487148878, 'Recall@10': 0.03240451459720923, 'Recall@20': 0.052780463727982514}
2026-08-24 05:51:09,873 - INFO - Test Dataset: {'NDCG@5': 0.012559500728761818, 'NDCG@10': 0.016633238670388198, 'NDCG@20': 0.021802579767226597}
2026-08-24 05:51:09,931 - INFO - Best model saved to ./ckpt/tiger.pth
2026-08-24 05:51:09,931 - INFO - Epoch 14/200
2026-08-24 05:53:57,090 - INFO - Training loss: 2.68711015500911
2026-08-24 05:55:39,738 - INFO - Validation Dataset: {'Recall@5': 0.027091783667263045, 'Recall@10': 0.046161412257429354, 'Recall@20': 0.07106747889547517}
2026-08-24 05:55:39,739 - INFO - Validation Dataset: {'NDCG@5': 0.01712180940882011, 'NDCG@10': 0.023273928921325973, 'NDCG@20': 0.029554703133980155}
2026-08-24 05:57:22,377 - INFO - Best NDCG@20: 0.029554703133980155
2026-08-24 05:57:22,379 - INFO - Test Dataset: {'Recall@5': 0.020808278251231483, 'Recall@10': 0.03482850333635771, 'Recall@20': 0.0533218570813025}
2026-08-24 05:57:22,379 - INFO - Test Dataset: {'NDCG@5': 0.012911291495205379, 'NDCG@10': 0.017423950581383678, 'NDCG@20': 0.02208625413617319}
2026-08-24 05:57:22,438 - INFO - Best model saved to ./ckpt/tiger.pth
2026-08-24 05:57:22,438 - INFO - Epoch 15/200
2026-08-24 06:00:08,019 - INFO - Training loss: 2.649928457078303
2026-08-24 06:01:50,627 - INFO - Validation Dataset: {'Recall@5': 0.027680340402883523, 'Recall@10': 0.04754977695276169, 'Recall@20': 0.07221511504792733}
2026-08-24 06:01:50,629 - INFO - Validation Dataset: {'NDCG@5': 0.017184681898630483, 'NDCG@10': 0.0235663361731485, 'NDCG@20': 0.029772596686574844}
2026-08-24 06:03:33,230 - INFO - Best NDCG@20: 0.029772596686574844
2026-08-24 06:03:33,232 - INFO - Test Dataset: {'Recall@5': 0.02081073464450023, 'Recall@10': 0.03514636321145194, 'Recall@20': 0.05362497831698779}
2026-08-24 06:03:33,232 - INFO - Test Dataset: {'NDCG@5': 0.012835313430127924, 'NDCG@10': 0.017403878335533224, 'NDCG@20': 0.022084516353201713}
2026-08-24 06:03:33,294 - INFO - Best model saved to ./ckpt/tiger.pth
2026-08-24 06:03:33,294 - INFO - Epoch 16/200
2026-08-24 06:06:19,184 - INFO - Training loss: 2.6185158713782344
2026-08-24 06:08:01,761 - INFO - Validation Dataset: {'Recall@5': 0.029950557604368152, 'Recall@10': 0.04947462251465848, 'Recall@20': 0.07467152844203133}
2026-08-24 06:08:01,763 - INFO - Validation Dataset: {'NDCG@5': 0.018608696045266073, 'NDCG@10': 0.024926122060133536, 'NDCG@20': 0.031239331637952845}
2026-08-24 06:09:44,377 - INFO - Best NDCG@20: 0.031239331637952845
2026-08-24 06:09:44,379 - INFO - Test Dataset: {'Recall@5': 0.022251175304818818, 'Recall@10': 0.03688501258072935, 'Recall@20': 0.056401708223277405}
2026-08-24 06:09:44,379 - INFO - Test Dataset: {'NDCG@5': 0.013777879858189642, 'NDCG@10': 0.01847874571053639, 'NDCG@20': 0.02335717389959634}
2026-08-24 06:09:44,441 - INFO - Best model saved to ./ckpt/tiger.pth
2026-08-24 06:09:44,441 - INFO - Epoch 17/200
2026-08-24 06:12:29,666 - INFO - Training loss: 2.585407460246105
2026-08-24 06:14:38,462 - INFO - Configuration: {'batch_size': 256, 'infer_size': 96, 'num_epochs': 20, 'lr': 0.0001, 'device': 'cuda', 'num_layers': 4, 'num_decoder_layers': 4, 'd_model': 128, 'd_ff': 1024, 'num_heads': 6, 'd_kv': 64, 'dropout_rate': 0.1, 'vocab_size': 1025, 'pad_token_id': 0, 'eos_token_id': 0, 'feed_forward_proj': 'relu', 'max_len': 200, 'dataset_path': '../data/Beauty', 'code_path': '../data/Beauty/Beauty_t5_rqvae.npy', 'mode': 'train', 'log_path': './logs/tiger.log', 'seed': 2025, 'save_path': './ckpt/tiger.pth', 'early_stop': 10, 'topk_list': [5, 10, 20], 'beam_size': 30}
2026-08-24 06:14:38,518 - INFO - #Embedding parameters: 131200
#Non-embedding parameters: 4459648
#Total trainable parameters: 4590848

2026-08-24 06:15:02,354 - INFO - Epoch 1/20
2026-08-24 06:17:47,834 - INFO - Training loss: 4.8978052593854615
2026-08-24 06:18:07,736 - INFO - Validation loss: 4.405479008547738
2026-08-24 06:18:07,795 - INFO - Best validation loss: 4.405479008547738
2026-08-24 06:18:07,796 - INFO - Best model saved to ./ckpt/tiger.pth
2026-08-24 06:18:07,796 - INFO - Epoch 2/20
2026-08-24 06:19:37,425 - INFO - Configuration: {'batch_size': 256, 'infer_size': 96, 'num_epochs': 20, 'lr': 0.0001, 'device': 'cuda', 'num_layers': 4, 'num_decoder_layers': 4, 'd_model': 128, 'd_ff': 1024, 'num_heads': 6, 'd_kv': 64, 'dropout_rate': 0.1, 'vocab_size': 1025, 'pad_token_id': 0, 'eos_token_id': 0, 'feed_forward_proj': 'relu', 'max_len': 200, 'dataset_path': '../data/Beauty', 'code_path': '../data/Beauty/Beauty_t5_rqvae.npy', 'mode': 'train', 'log_path': './logs/tiger.log', 'seed': 2025, 'save_path': './ckpt/tiger.pth', 'early_stop': 10, 'topk_list': [5, 10, 20], 'beam_size': 30}
2026-08-24 06:19:37,480 - INFO - #Embedding parameters: 131200
#Non-embedding parameters: 4459648
#Total trainable parameters: 4590848

2026-08-24 06:20:01,087 - INFO - Epoch 1/20
2026-08-24 06:22:03,999 - INFO - Configuration: {'batch_size': 256, 'infer_size': 96, 'num_epochs': 200, 'lr': 0.0001, 'device': 'cuda', 'num_layers': 4, 'num_decoder_layers': 4, 'd_model': 128, 'd_ff': 1024, 'num_heads': 6, 'd_kv': 64, 'dropout_rate': 0.1, 'vocab_size': 1025, 'pad_token_id': 0, 'eos_token_id': 0, 'feed_forward_proj': 'relu', 'max_len': 20, 'dataset_path': '../data/Beauty', 'code_path': '../data/Beauty/Beauty_t5_rqvae.npy', 'mode': 'train', 'log_path': './logs/tiger.log', 'seed': 2025, 'save_path': './ckpt/tiger.pth', 'early_stop': 10, 'topk_list': [5, 10, 20], 'beam_size': 30}
2026-08-24 06:22:04,055 - INFO - #Embedding parameters: 131200
#Non-embedding parameters: 4459648
#Total trainable parameters: 4590848

2026-08-24 06:22:08,468 - INFO - Epoch 1/200
2026-08-24 06:22:24,813 - INFO - Training loss: 4.8680762251991245
2026-08-24 06:22:27,242 - INFO - Validation loss: 4.377877068621918
2026-08-24 06:22:27,304 - INFO - Best validation loss: 4.377877068621918
2026-08-24 06:22:27,304 - INFO - Best model saved to ./ckpt/tiger.pth
2026-08-24 06:22:27,304 - INFO - Epoch 2/200
2026-08-24 06:22:42,784 - INFO - Training loss: 4.238843054622992
2026-08-24 06:22:45,223 - INFO - Validation loss: 4.022206153992419
2026-08-24 06:22:45,279 - INFO - Best validation loss: 4.022206153992419
2026-08-24 06:22:45,279 - INFO - Best model saved to ./ckpt/tiger.pth
2026-08-24 06:22:45,279 - INFO - Epoch 3/200
2026-08-24 06:23:00,712 - INFO - Training loss: 3.9014526438620303
2026-08-24 06:23:03,156 - INFO - Validation loss: 3.7534864010217364
2026-08-24 06:23:03,210 - INFO - Best validation loss: 3.7534864010217364
2026-08-24 06:23:03,210 - INFO - Best model saved to ./ckpt/tiger.pth
2026-08-24 06:23:03,211 - INFO - Epoch 4/200
2026-08-24 06:23:18,619 - INFO - Training loss: 3.645984238223807
2026-08-24 06:23:21,004 - INFO - Validation loss: 3.53503813866382
2026-08-24 06:23:21,060 - INFO - Best validation loss: 3.53503813866382
2026-08-24 06:23:21,060 - INFO - Best model saved to ./ckpt/tiger.pth
2026-08-24 06:23:21,060 - INFO - Epoch 5/200
2026-08-24 06:23:36,598 - INFO - Training loss: 3.4485855552472957
2026-08-24 06:23:38,997 - INFO - Validation loss: 3.367320286869491
2026-08-24 06:23:39,054 - INFO - Best validation loss: 3.367320286869491
2026-08-24 06:23:39,054 - INFO - Best model saved to ./ckpt/tiger.pth
2026-08-24 06:23:39,054 - INFO - Epoch 6/200
2026-08-24 06:23:54,543 - INFO - Training loss: 3.292142330904415
2026-08-24 06:23:56,931 - INFO - Validation loss: 3.224302368614295
2026-08-24 06:23:56,992 - INFO - Best validation loss: 3.224302368614295
2026-08-24 06:23:56,992 - INFO - Best model saved to ./ckpt/tiger.pth
2026-08-24 06:23:56,992 - INFO - Epoch 7/200
2026-08-24 06:24:12,468 - INFO - Training loss: 3.1660805448947715
2026-08-24 06:24:14,816 - INFO - Validation loss: 3.110345167151848
2026-08-24 06:24:14,870 - INFO - Best validation loss: 3.110345167151848
2026-08-24 06:24:14,870 - INFO - Best model saved to ./ckpt/tiger.pth
2026-08-24 06:24:14,870 - INFO - Epoch 8/200
2026-08-24 06:24:30,431 - INFO - Training loss: 3.06157182719457
2026-08-24 06:24:32,852 - INFO - Validation loss: 3.0189267770415213
2026-08-24 06:24:32,908 - INFO - Best validation loss: 3.0189267770415213
2026-08-24 06:24:32,908 - INFO - Best model saved to ./ckpt/tiger.pth
2026-08-24 06:24:32,908 - INFO - Epoch 9/200
2026-08-24 06:24:48,424 - INFO - Training loss: 2.976860909610407
2026-08-24 06:24:50,826 - INFO - Validation loss: 2.943964712609549
2026-08-24 06:24:50,883 - INFO - Best validation loss: 2.943964712609549
2026-08-24 06:24:50,883 - INFO - Best model saved to ./ckpt/tiger.pth
2026-08-24 06:24:50,883 - INFO - Epoch 10/200
2026-08-24 06:25:06,339 - INFO - Training loss: 2.90531843923873
2026-08-24 06:25:08,759 - INFO - Validation loss: 2.8774647615498226
2026-08-24 06:25:08,816 - INFO - Best validation loss: 2.8774647615498226
2026-08-24 06:25:08,816 - INFO - Best model saved to ./ckpt/tiger.pth
2026-08-24 06:25:08,816 - INFO - Epoch 11/200
2026-08-24 06:25:24,457 - INFO - Training loss: 2.8425833316164724
2026-08-24 06:25:26,844 - INFO - Validation loss: 2.819720188435567
2026-08-24 06:25:26,898 - INFO - Best validation loss: 2.819720188435567
2026-08-24 06:25:26,898 - INFO - Best model saved to ./ckpt/tiger.pth
2026-08-24 06:25:26,898 - INFO - Epoch 12/200
2026-08-24 06:25:42,340 - INFO - Training loss: 2.7879670222909536
2026-08-24 06:25:44,678 - INFO - Validation loss: 2.77173014260157
2026-08-24 06:25:44,738 - INFO - Best validation loss: 2.77173014260157
2026-08-24 06:25:44,738 - INFO - Best model saved to ./ckpt/tiger.pth
2026-08-24 06:25:44,738 - INFO - Epoch 13/200
2026-08-24 06:26:00,242 - INFO - Training loss: 2.739935977913526
2026-08-24 06:26:02,616 - INFO - Validation loss: 2.732812984306925
2026-08-24 06:26:02,675 - INFO - Best validation loss: 2.732812984306925
2026-08-24 06:26:02,675 - INFO - Best model saved to ./ckpt/tiger.pth
2026-08-24 06:26:02,675 - INFO - Epoch 14/200
2026-08-24 06:26:18,111 - INFO - Training loss: 2.6971406625866425
2026-08-24 06:26:20,458 - INFO - Validation loss: 2.6923117919029598
2026-08-24 06:26:20,514 - INFO - Best validation loss: 2.6923117919029598
2026-08-24 06:26:20,514 - INFO - Best model saved to ./ckpt/tiger.pth
2026-08-24 06:26:20,515 - INFO - Epoch 15/200
2026-08-24 06:26:36,013 - INFO - Training loss: 2.659516132759213
2026-08-24 06:26:38,371 - INFO - Validation loss: 2.658791581960195
2026-08-24 06:26:38,427 - INFO - Best validation loss: 2.658791581960195
2026-08-24 06:26:38,427 - INFO - Best model saved to ./ckpt/tiger.pth
2026-08-24 06:26:38,427 - INFO - Epoch 16/200
2026-08-24 06:26:53,913 - INFO - Training loss: 2.627644105180228
2026-08-24 06:26:56,433 - INFO - Validation loss: 2.6290730754704947
2026-08-24 06:26:56,489 - INFO - Best validation loss: 2.6290730754704947
2026-08-24 06:26:56,489 - INFO - Best model saved to ./ckpt/tiger.pth
2026-08-24 06:26:56,489 - INFO - Epoch 17/200
2026-08-24 06:27:12,103 - INFO - Training loss: 2.595955678461127
2026-08-24 06:27:14,466 - INFO - Validation loss: 2.6013579629521515
2026-08-24 06:27:14,521 - INFO - Best validation loss: 2.6013579629521515
2026-08-24 06:27:14,521 - INFO - Best model saved to ./ckpt/tiger.pth
2026-08-24 06:27:14,522 - INFO - Epoch 18/200
2026-08-24 06:27:30,054 - INFO - Training loss: 2.567956629894123
2026-08-24 06:27:32,468 - INFO - Validation loss: 2.5768241723719583
2026-08-24 06:27:32,523 - INFO - Best validation loss: 2.5768241723719583
2026-08-24 06:27:32,523 - INFO - Best model saved to ./ckpt/tiger.pth
2026-08-24 06:27:32,523 - INFO - Epoch 19/200
2026-08-24 06:27:48,064 - INFO - Training loss: 2.5405946060841185
2026-08-24 06:27:50,468 - INFO - Validation loss: 2.5563957747471693
2026-08-24 06:27:50,528 - INFO - Best validation loss: 2.5563957747471693
2026-08-24 06:27:50,529 - INFO - Best model saved to ./ckpt/tiger.pth
2026-08-24 06:27:50,529 - INFO - Epoch 20/200
2026-08-24 06:28:06,069 - INFO - Training loss: 2.517860481247364
2026-08-24 06:28:08,480 - INFO - Validation loss: 2.5389358045717167
2026-08-24 06:28:08,541 - INFO - Best validation loss: 2.5389358045717167
2026-08-24 06:28:08,541 - INFO - Best model saved to ./ckpt/tiger.pth
2026-08-24 06:28:08,541 - INFO - Epoch 21/200
2026-08-24 06:28:24,102 - INFO - Training loss: 2.495991997681703
2026-08-24 06:28:26,479 - INFO - Validation loss: 2.519602313062152
2026-08-24 06:28:26,545 - INFO - Best validation loss: 2.519602313062152
2026-08-24 06:28:26,545 - INFO - Best model saved to ./ckpt/tiger.pth
2026-08-24 06:28:26,545 - INFO - Epoch 22/200
2026-08-24 06:28:42,181 - INFO - Training loss: 2.4750229426395105
2026-08-24 06:28:44,576 - INFO - Validation loss: 2.506777604762065
2026-08-24 06:28:44,638 - INFO - Best validation loss: 2.506777604762065
2026-08-24 06:28:44,638 - INFO - Best model saved to ./ckpt/tiger.pth
2026-08-24 06:28:44,638 - INFO - Epoch 23/200
2026-08-24 06:29:00,149 - INFO - Training loss: 2.456833287435747
2026-08-24 06:29:02,517 - INFO - Validation loss: 2.491237626566907
2026-08-24 06:29:02,577 - INFO - Best validation loss: 2.491237626566907
2026-08-24 06:29:02,577 - INFO - Best model saved to ./ckpt/tiger.pth
2026-08-24 06:29:02,577 - INFO - Epoch 24/200
2026-08-24 06:29:18,028 - INFO - Training loss: 2.438294948306993
2026-08-24 06:29:20,388 - INFO - Validation loss: 2.4769057183818246
2026-08-24 06:29:20,452 - INFO - Best validation loss: 2.4769057183818246
2026-08-24 06:29:20,452 - INFO - Best model saved to ./ckpt/tiger.pth
2026-08-24 06:29:20,452 - INFO - Epoch 25/200
2026-08-24 06:29:35,991 - INFO - Training loss: 2.4215039051924236
2026-08-24 06:29:38,381 - INFO - Validation loss: 2.465589856896789
2026-08-24 06:29:38,443 - INFO - Best validation loss: 2.465589856896789
2026-08-24 06:29:38,443 - INFO - Best model saved to ./ckpt/tiger.pth
2026-08-24 06:29:38,443 - INFO - Epoch 26/200
2026-08-24 06:29:53,890 - INFO - Training loss: 2.4047696455907266
2026-08-24 06:29:56,268 - INFO - Validation loss: 2.4438205977877834
2026-08-24 06:29:56,330 - INFO - Best validation loss: 2.4438205977877834
2026-08-24 06:29:56,330 - INFO - Best model saved to ./ckpt/tiger.pth
2026-08-24 06:29:56,331 - INFO - Epoch 27/200
2026-08-24 06:30:11,829 - INFO - Training loss: 2.3899940581637136
2026-08-24 06:30:14,245 - INFO - Validation loss: 2.4327818574823534
2026-08-24 06:30:14,305 - INFO - Best validation loss: 2.4327818574823534
2026-08-24 06:30:14,305 - INFO - Best model saved to ./ckpt/tiger.pth
2026-08-24 06:30:14,305 - INFO - Epoch 28/200
2026-08-24 06:30:29,740 - INFO - Training loss: 2.3774208122654183
2026-08-24 06:30:32,124 - INFO - Validation loss: 2.426130819729981
2026-08-24 06:30:32,183 - INFO - Best validation loss: 2.426130819729981
2026-08-24 06:30:32,183 - INFO - Best model saved to ./ckpt/tiger.pth
2026-08-24 06:30:32,183 - INFO - Epoch 29/200
2026-08-24 06:30:47,645 - INFO - Training loss: 2.361271490382777
2026-08-24 06:30:50,092 - INFO - Validation loss: 2.417631882966332
2026-08-24 06:30:50,155 - INFO - Best validation loss: 2.417631882966332
2026-08-24 06:30:50,155 - INFO - Best model saved to ./ckpt/tiger.pth
2026-08-24 06:30:50,156 - INFO - Epoch 30/200
2026-08-24 06:31:05,686 - INFO - Training loss: 2.349907465018187
2026-08-24 06:31:08,077 - INFO - Validation loss: 2.409148643968443
2026-08-24 06:31:08,135 - INFO - Best validation loss: 2.409148643968443
2026-08-24 06:31:08,135 - INFO - Best model saved to ./ckpt/tiger.pth
2026-08-24 06:31:08,135 - INFO - Epoch 31/200
2026-08-24 06:31:23,640 - INFO - Training loss: 2.338544303804984
2026-08-24 06:31:26,013 - INFO - Validation loss: 2.3981314084048946
2026-08-24 06:31:26,075 - INFO - Best validation loss: 2.3981314084048946
2026-08-24 06:31:26,075 - INFO - Best model saved to ./ckpt/tiger.pth
2026-08-24 06:31:26,075 - INFO - Epoch 32/200
2026-08-24 06:31:41,652 - INFO - Training loss: 2.326623472722124
2026-08-24 06:31:44,035 - INFO - Validation loss: 2.3822374277360447
2026-08-24 06:31:44,101 - INFO - Best validation loss: 2.3822374277360447
2026-08-24 06:31:44,101 - INFO - Best model saved to ./ckpt/tiger.pth
2026-08-24 06:31:44,101 - INFO - Epoch 33/200
2026-08-24 06:31:59,549 - INFO - Training loss: 2.3140027073106877
2026-08-24 06:32:01,951 - INFO - Validation loss: 2.378857571168007
2026-08-24 06:32:02,010 - INFO - Best validation loss: 2.378857571168007
2026-08-24 06:32:02,010 - INFO - Best model saved to ./ckpt/tiger.pth
2026-08-24 06:32:02,010 - INFO - Epoch 34/200
2026-08-24 06:32:17,479 - INFO - Training loss: 2.3047194606135326
2026-08-24 06:32:20,009 - INFO - Validation loss: 2.371008588520754
2026-08-24 06:32:20,068 - INFO - Best validation loss: 2.371008588520754
2026-08-24 06:32:20,068 - INFO - Best model saved to ./ckpt/tiger.pth
2026-08-24 06:32:20,068 - INFO - Epoch 35/200
2026-08-24 06:32:35,750 - INFO - Training loss: 2.292802919209699
2026-08-24 06:32:38,251 - INFO - Validation loss: 2.366149933553049
2026-08-24 06:32:38,315 - INFO - Best validation loss: 2.366149933553049
2026-08-24 06:32:38,315 - INFO - Best model saved to ./ckpt/tiger.pth
2026-08-24 06:32:38,315 - INFO - Epoch 36/200
2026-08-24 06:32:54,845 - INFO - Training loss: 2.28282374120408
2026-08-24 06:32:57,416 - INFO - Validation loss: 2.3579576209890996
2026-08-24 06:32:57,477 - INFO - Best validation loss: 2.3579576209890996
2026-08-24 06:32:57,477 - INFO - Best model saved to ./ckpt/tiger.pth
2026-08-24 06:32:57,478 - INFO - Epoch 37/200
2026-08-24 06:33:13,998 - INFO - Training loss: 2.273796456797114
2026-08-24 06:33:16,528 - INFO - Validation loss: 2.3595988924411233
2026-08-24 06:33:16,528 - INFO - No improvement in validation loss. Early stop counter: 1
2026-08-24 06:33:16,528 - INFO - Epoch 38/200
2026-08-24 06:33:32,960 - INFO - Training loss: 2.2639088588929828
2026-08-24 06:33:35,399 - INFO - Validation loss: 2.344559716564391
2026-08-24 06:33:35,461 - INFO - Best validation loss: 2.344559716564391
2026-08-24 06:33:35,461 - INFO - Best model saved to ./ckpt/tiger.pth
2026-08-24 06:33:35,462 - INFO - Epoch 39/200
2026-08-24 06:33:51,864 - INFO - Training loss: 2.2551746855450046
2026-08-24 06:33:54,365 - INFO - Validation loss: 2.339700893271123
2026-08-24 06:33:54,427 - INFO - Best validation loss: 2.339700893271123
2026-08-24 06:33:54,427 - INFO - Best model saved to ./ckpt/tiger.pth
2026-08-24 06:33:54,428 - INFO - Epoch 40/200
2026-08-24 06:34:10,833 - INFO - Training loss: 2.2464818880251873
2026-08-24 06:34:13,331 - INFO - Validation loss: 2.337784395709058
2026-08-24 06:34:13,392 - INFO - Best validation loss: 2.337784395709058
2026-08-24 06:34:13,392 - INFO - Best model saved to ./ckpt/tiger.pth
2026-08-24 06:34:13,393 - INFO - Epoch 41/200
2026-08-24 06:34:29,614 - INFO - Training loss: 2.237856168691286
2026-08-24 06:34:32,085 - INFO - Validation loss: 2.3287128297044486
2026-08-24 06:34:32,149 - INFO - Best validation loss: 2.3287128297044486
2026-08-24 06:34:32,149 - INFO - Best model saved to ./ckpt/tiger.pth
2026-08-24 06:34:32,150 - INFO - Epoch 42/200
2026-08-24 06:34:48,480 - INFO - Training loss: 2.2311708848300147
2026-08-24 06:34:50,946 - INFO - Validation loss: 2.3271147002478014
2026-08-24 06:34:51,016 - INFO - Best validation loss: 2.3271147002478014
2026-08-24 06:34:51,016 - INFO - Best model saved to ./ckpt/tiger.pth
2026-08-24 06:34:51,016 - INFO - Epoch 43/200
2026-08-24 06:35:07,503 - INFO - Training loss: 2.223218382100651
2026-08-24 06:35:10,043 - INFO - Validation loss: 2.3223840781035854
2026-08-24 06:35:10,109 - INFO - Best validation loss: 2.3223840781035854
2026-08-24 06:35:10,109 - INFO - Best model saved to ./ckpt/tiger.pth
2026-08-24 06:35:10,109 - INFO - Epoch 44/200
2026-08-24 06:35:26,573 - INFO - Training loss: 2.214896527709664
2026-08-24 06:35:29,020 - INFO - Validation loss: 2.3217182696633074
2026-08-24 06:35:29,080 - INFO - Best validation loss: 2.3217182696633074
2026-08-24 06:35:29,080 - INFO - Best model saved to ./ckpt/tiger.pth
2026-08-24 06:35:29,081 - INFO - Epoch 45/200
2026-08-24 06:35:45,436 - INFO - Training loss: 2.208372779625399
2026-08-24 06:35:47,949 - INFO - Validation loss: 2.3140577011353978
2026-08-24 06:35:48,019 - INFO - Best validation loss: 2.3140577011353978
2026-08-24 06:35:48,019 - INFO - Best model saved to ./ckpt/tiger.pth
2026-08-24 06:35:48,019 - INFO - Epoch 46/200
2026-08-24 06:36:05,248 - INFO - Training loss: 2.2004480074351864
2026-08-24 06:36:07,771 - INFO - Validation loss: 2.309741419783989
2026-08-24 06:36:07,843 - INFO - Best validation loss: 2.309741419783989
2026-08-24 06:36:07,843 - INFO - Best model saved to ./ckpt/tiger.pth
2026-08-24 06:36:07,844 - INFO - Epoch 47/200
2026-08-24 06:36:24,349 - INFO - Training loss: 2.192002137347418
2026-08-24 06:36:26,821 - INFO - Validation loss: 2.306436455812577
2026-08-24 06:36:26,894 - INFO - Best validation loss: 2.306436455812577
2026-08-24 06:36:26,894 - INFO - Best model saved to ./ckpt/tiger.pth
2026-08-24 06:36:26,894 - INFO - Epoch 48/200
2026-08-24 06:36:43,340 - INFO - Training loss: 2.1870167450218347
2026-08-24 06:36:45,836 - INFO - Validation loss: 2.3065809528203483
2026-08-24 06:36:45,837 - INFO - No improvement in validation loss. Early stop counter: 1
2026-08-24 06:36:45,837 - INFO - Epoch 49/200
2026-08-24 06:37:02,263 - INFO - Training loss: 2.181197509691409
2026-08-24 06:37:04,758 - INFO - Validation loss: 2.3012777510630724
2026-08-24 06:37:04,825 - INFO - Best validation loss: 2.3012777510630724
2026-08-24 06:37:04,825 - INFO - Best model saved to ./ckpt/tiger.pth
2026-08-24 06:37:04,826 - INFO - Epoch 50/200
2026-08-24 06:37:21,045 - INFO - Training loss: 2.1739700397164907
2026-08-24 06:37:23,487 - INFO - Validation loss: 2.2925716710192963
2026-08-24 06:37:23,552 - INFO - Best validation loss: 2.2925716710192963
2026-08-24 06:37:23,552 - INFO - Best model saved to ./ckpt/tiger.pth
2026-08-24 06:37:23,553 - INFO - Epoch 51/200
2026-08-24 06:37:40,065 - INFO - Training loss: 2.166942225819896
2026-08-24 06:37:42,467 - INFO - Validation loss: 2.2900283991523054
2026-08-24 06:37:42,529 - INFO - Best validation loss: 2.2900283991523054
2026-08-24 06:37:42,530 - INFO - Best model saved to ./ckpt/tiger.pth
2026-08-24 06:37:42,530 - INFO - Epoch 52/200
2026-08-24 06:37:58,943 - INFO - Training loss: 2.1606959201946334
2026-08-24 06:38:01,383 - INFO - Validation loss: 2.2850893899606533
2026-08-24 06:38:01,451 - INFO - Best validation loss: 2.2850893899606533
2026-08-24 06:38:01,451 - INFO - Best model saved to ./ckpt/tiger.pth
2026-08-24 06:38:01,452 - INFO - Epoch 53/200
2026-08-24 06:38:18,004 - INFO - Training loss: 2.1551651936096903
2026-08-24 06:38:20,421 - INFO - Validation loss: 2.2867678209435787
2026-08-24 06:38:20,421 - INFO - No improvement in validation loss. Early stop counter: 1
2026-08-24 06:38:20,421 - INFO - Epoch 54/200
2026-08-24 06:38:36,963 - INFO - Training loss: 2.147457410389347
2026-08-24 06:38:39,393 - INFO - Validation loss: 2.285816964161754
2026-08-24 06:38:39,394 - INFO - No improvement in validation loss. Early stop counter: 2
2026-08-24 06:38:39,394 - INFO - Epoch 55/200
2026-08-24 06:38:55,922 - INFO - Training loss: 2.1427190424403326
2026-08-24 06:38:58,351 - INFO - Validation loss: 2.2778719811992074
2026-08-24 06:38:58,420 - INFO - Best validation loss: 2.2778719811992074
2026-08-24 06:38:58,420 - INFO - Best model saved to ./ckpt/tiger.pth
2026-08-24 06:38:58,421 - INFO - Epoch 56/200
2026-08-24 06:39:14,987 - INFO - Training loss: 2.1380257794365343
2026-08-24 06:39:17,468 - INFO - Validation loss: 2.2775728636033543
2026-08-24 06:39:17,541 - INFO - Best validation loss: 2.2775728636033543
2026-08-24 06:39:17,541 - INFO - Best model saved to ./ckpt/tiger.pth
2026-08-24 06:39:17,542 - INFO - Epoch 57/200
2026-08-24 06:39:34,170 - INFO - Training loss: 2.131574336888725
2026-08-24 06:39:36,622 - INFO - Validation loss: 2.279453666936686
2026-08-24 06:39:36,622 - INFO - No improvement in validation loss. Early stop counter: 1
2026-08-24 06:39:36,622 - INFO - Epoch 58/200
2026-08-24 06:39:53,245 - INFO - Training loss: 2.1258756093941775
2026-08-24 06:39:55,660 - INFO - Validation loss: 2.275255757851662
2026-08-24 06:39:55,731 - INFO - Best validation loss: 2.275255757851662
2026-08-24 06:39:55,731 - INFO - Best model saved to ./ckpt/tiger.pth
2026-08-24 06:39:55,731 - INFO - Epoch 59/200
2026-08-24 06:40:11,950 - INFO - Training loss: 2.1192275666077314
2026-08-24 06:40:14,502 - INFO - Validation loss: 2.2678408781346335
2026-08-24 06:40:14,576 - INFO - Best validation loss: 2.2678408781346335
2026-08-24 06:40:14,577 - INFO - Best model saved to ./ckpt/tiger.pth
2026-08-24 06:40:14,577 - INFO - Epoch 60/200
2026-08-24 06:40:30,519 - INFO - Training loss: 2.1147867244041385
2026-08-24 06:40:33,065 - INFO - Validation loss: 2.2675099910073016
2026-08-24 06:40:33,138 - INFO - Best validation loss: 2.2675099910073016
2026-08-24 06:40:33,139 - INFO - Best model saved to ./ckpt/tiger.pth
2026-08-24 06:40:33,139 - INFO - Epoch 61/200
2026-08-24 06:40:48,986 - INFO - Training loss: 2.109356564538488
2026-08-24 06:40:51,433 - INFO - Validation loss: 2.270375845769956
2026-08-24 06:40:51,433 - INFO - No improvement in validation loss. Early stop counter: 1
2026-08-24 06:40:51,434 - INFO - Epoch 62/200
2026-08-24 06:41:07,444 - INFO - Training loss: 2.1051282622934777
2026-08-24 06:41:10,117 - INFO - Validation loss: 2.271795602315485
2026-08-24 06:41:10,117 - INFO - No improvement in validation loss. Early stop counter: 2
2026-08-24 06:41:10,117 - INFO - Epoch 63/200
2026-08-24 06:41:25,895 - INFO - Training loss: 2.10031195535734
2026-08-24 06:41:28,450 - INFO - Validation loss: 2.262781055700114
2026-08-24 06:41:28,524 - INFO - Best validation loss: 2.262781055700114
2026-08-24 06:41:28,525 - INFO - Best model saved to ./ckpt/tiger.pth
2026-08-24 06:41:28,525 - INFO - Epoch 64/200
2026-08-24 06:41:44,497 - INFO - Training loss: 2.0965911597593285
2026-08-24 06:41:47,034 - INFO - Validation loss: 2.2610407668633523
2026-08-24 06:41:47,109 - INFO - Best validation loss: 2.2610407668633523
2026-08-24 06:41:47,109 - INFO - Best model saved to ./ckpt/tiger.pth
2026-08-24 06:41:47,109 - INFO - Epoch 65/200
2026-08-24 06:42:02,907 - INFO - Training loss: 2.091123396088641
2026-08-24 06:42:05,400 - INFO - Validation loss: 2.2644501494747376
2026-08-24 06:42:05,400 - INFO - No improvement in validation loss. Early stop counter: 1
2026-08-24 06:42:05,400 - INFO - Epoch 66/200
2026-08-24 06:42:21,113 - INFO - Training loss: 2.08630454308328
2026-08-24 06:42:23,605 - INFO - Validation loss: 2.260836855024739
2026-08-24 06:42:23,679 - INFO - Best validation loss: 2.260836855024739
2026-08-24 06:42:23,679 - INFO - Best model saved to ./ckpt/tiger.pth
2026-08-24 06:42:23,679 - INFO - Epoch 67/200
2026-08-24 06:42:39,575 - INFO - Training loss: 2.0811034023529826
2026-08-24 06:42:42,086 - INFO - Validation loss: 2.256559560227292
2026-08-24 06:42:42,159 - INFO - Best validation loss: 2.256559560227292
2026-08-24 06:42:42,159 - INFO - Best model saved to ./ckpt/tiger.pth
2026-08-24 06:42:42,159 - INFO - Epoch 68/200
2026-08-24 06:42:57,976 - INFO - Training loss: 2.0751328023027353
2026-08-24 06:43:00,515 - INFO - Validation loss: 2.259963133304416
2026-08-24 06:43:00,516 - INFO - No improvement in validation loss. Early stop counter: 1
2026-08-24 06:43:00,516 - INFO - Epoch 69/200
2026-08-24 06:43:16,329 - INFO - Training loss: 2.071624157725605
2026-08-24 06:43:18,829 - INFO - Validation loss: 2.257195172391736
2026-08-24 06:43:18,829 - INFO - No improvement in validation loss. Early stop counter: 2
2026-08-24 06:43:18,829 - INFO - Epoch 70/200
2026-08-24 06:43:34,641 - INFO - Training loss: 2.0674360937181615
2026-08-24 06:43:37,134 - INFO - Validation loss: 2.257621176764689
2026-08-24 06:43:37,134 - INFO - No improvement in validation loss. Early stop counter: 3
2026-08-24 06:43:37,134 - INFO - Epoch 71/200
2026-08-24 06:43:53,031 - INFO - Training loss: 2.0639573711365578
2026-08-24 06:43:55,477 - INFO - Validation loss: 2.252003436948097
2026-08-24 06:43:55,545 - INFO - Best validation loss: 2.252003436948097
2026-08-24 06:43:55,545 - INFO - Best model saved to ./ckpt/tiger.pth
2026-08-24 06:43:55,545 - INFO - Epoch 72/200
2026-08-24 06:44:11,348 - INFO - Training loss: 2.058880066129484
2026-08-24 06:44:13,868 - INFO - Validation loss: 2.255019347043508
2026-08-24 06:44:13,868 - INFO - No improvement in validation loss. Early stop counter: 1
2026-08-24 06:44:13,868 - INFO - Epoch 73/200
2026-08-24 06:44:29,850 - INFO - Training loss: 2.0532259463336215
2026-08-24 06:44:32,367 - INFO - Validation loss: 2.250984435941017
2026-08-24 06:44:32,438 - INFO - Best validation loss: 2.250984435941017
2026-08-24 06:44:32,438 - INFO - Best model saved to ./ckpt/tiger.pth
2026-08-24 06:44:32,439 - INFO - Epoch 74/200
2026-08-24 06:44:48,595 - INFO - Training loss: 2.0506570995549747
2026-08-24 06:44:51,093 - INFO - Validation loss: 2.253724242484621
2026-08-24 06:44:51,093 - INFO - No improvement in validation loss. Early stop counter: 1
2026-08-24 06:44:51,093 - INFO - Epoch 75/200
2026-08-24 06:45:07,070 - INFO - Training loss: 2.0459734317393616
2026-08-24 06:45:09,668 - INFO - Validation loss: 2.2491872182731463
2026-08-24 06:45:09,743 - INFO - Best validation loss: 2.2491872182731463
2026-08-24 06:45:09,743 - INFO - Best model saved to ./ckpt/tiger.pth
2026-08-24 06:45:09,743 - INFO - Epoch 76/200
2026-08-24 06:45:25,660 - INFO - Training loss: 2.041647063850893
2026-08-24 06:45:28,194 - INFO - Validation loss: 2.247665832994322
2026-08-24 06:45:28,266 - INFO - Best validation loss: 2.247665832994322
2026-08-24 06:45:28,266 - INFO - Best model saved to ./ckpt/tiger.pth
2026-08-24 06:45:28,266 - INFO - Epoch 77/200
2026-08-24 06:45:44,107 - INFO - Training loss: 2.037809441989498
2026-08-24 06:45:46,581 - INFO - Validation loss: 2.2570585355226576
2026-08-24 06:45:46,581 - INFO - No improvement in validation loss. Early stop counter: 1
2026-08-24 06:45:46,581 - INFO - Epoch 78/200
2026-08-24 06:46:02,346 - INFO - Training loss: 2.0331582090734046
2026-08-24 06:46:04,846 - INFO - Validation loss: 2.2548957264986162
2026-08-24 06:46:04,846 - INFO - No improvement in validation loss. Early stop counter: 2
2026-08-24 06:46:04,846 - INFO - Epoch 79/200
2026-08-24 06:46:20,725 - INFO - Training loss: 2.0302314656253917
2026-08-24 06:46:23,220 - INFO - Validation loss: 2.249114363490256
2026-08-24 06:46:23,220 - INFO - No improvement in validation loss. Early stop counter: 3
2026-08-24 06:46:23,221 - INFO - Epoch 80/200
2026-08-24 06:46:39,098 - INFO - Training loss: 2.026983362227562
2026-08-24 06:46:41,599 - INFO - Validation loss: 2.246143839389981
2026-08-24 06:46:41,669 - INFO - Best validation loss: 2.246143839389981
2026-08-24 06:46:41,669 - INFO - Best model saved to ./ckpt/tiger.pth
2026-08-24 06:46:41,669 - INFO - Epoch 81/200
2026-08-24 06:46:57,561 - INFO - Training loss: 2.0220951451865616
2026-08-24 06:47:00,059 - INFO - Validation loss: 2.249386960344765
2026-08-24 06:47:00,060 - INFO - No improvement in validation loss. Early stop counter: 1
2026-08-24 06:47:00,060 - INFO - Epoch 82/200
2026-08-24 06:47:15,925 - INFO - Training loss: 2.0180794895854905
2026-08-24 06:47:18,412 - INFO - Validation loss: 2.2467450399767177
2026-08-24 06:47:18,412 - INFO - No improvement in validation loss. Early stop counter: 2
2026-08-24 06:47:18,412 - INFO - Epoch 83/200
2026-08-24 06:47:34,070 - INFO - Training loss: 2.0129188250474894
2026-08-24 06:47:36,541 - INFO - Validation loss: 2.247018976272943
2026-08-24 06:47:36,541 - INFO - No improvement in validation loss. Early stop counter: 3
2026-08-24 06:47:36,542 - INFO - Epoch 84/200
2026-08-24 06:47:52,283 - INFO - Training loss: 2.0111917646942437
2026-08-24 06:47:54,756 - INFO - Validation loss: 2.245669490789651
2026-08-24 06:47:54,825 - INFO - Best validation loss: 2.245669490789651
2026-08-24 06:47:54,825 - INFO - Best model saved to ./ckpt/tiger.pth
2026-08-24 06:47:54,825 - INFO - Epoch 85/200
2026-08-24 06:48:10,637 - INFO - Training loss: 2.00588007033567
2026-08-24 06:48:13,064 - INFO - Validation loss: 2.2501560193786294
2026-08-24 06:48:13,065 - INFO - No improvement in validation loss. Early stop counter: 1
2026-08-24 06:48:13,065 - INFO - Epoch 86/200
2026-08-24 06:48:28,654 - INFO - Training loss: 2.003360548835784
2026-08-24 06:48:31,091 - INFO - Validation loss: 2.2421297919596723
2026-08-24 06:48:31,157 - INFO - Best validation loss: 2.2421297919596723
2026-08-24 06:48:31,157 - INFO - Best model saved to ./ckpt/tiger.pth
2026-08-24 06:48:31,157 - INFO - Epoch 87/200
2026-08-24 06:48:46,943 - INFO - Training loss: 2.0001788791051633
2026-08-24 06:48:49,418 - INFO - Validation loss: 2.24763695825323
2026-08-24 06:48:49,419 - INFO - No improvement in validation loss. Early stop counter: 1
2026-08-24 06:48:49,419 - INFO - Epoch 88/200
2026-08-24 06:49:05,229 - INFO - Training loss: 1.9978354596442285
2026-08-24 06:49:07,738 - INFO - Validation loss: 2.24775269000827
2026-08-24 06:49:07,738 - INFO - No improvement in validation loss. Early stop counter: 2
2026-08-24 06:49:07,738 - INFO - Epoch 89/200
2026-08-24 06:49:23,541 - INFO - Training loss: 1.9933705137397528
2026-08-24 06:49:26,016 - INFO - Validation loss: 2.243115394412192
2026-08-24 06:49:26,016 - INFO - No improvement in validation loss. Early stop counter: 3
2026-08-24 06:49:26,016 - INFO - Epoch 90/200
2026-08-24 06:49:41,921 - INFO - Training loss: 1.9889056907553617
2026-08-24 06:49:44,522 - INFO - Validation loss: 2.2484267704476615
2026-08-24 06:49:44,522 - INFO - No improvement in validation loss. Early stop counter: 4
2026-08-24 06:49:44,523 - INFO - Epoch 91/200
2026-08-24 06:50:00,377 - INFO - Training loss: 1.9864614251058854
2026-08-24 06:50:02,910 - INFO - Validation loss: 2.2441609780675864
2026-08-24 06:50:02,910 - INFO - No improvement in validation loss. Early stop counter: 5
2026-08-24 06:50:02,911 - INFO - Epoch 92/200
2026-08-24 06:50:18,879 - INFO - Training loss: 1.9810536230120677
2026-08-24 06:50:21,357 - INFO - Validation loss: 2.2488382379384513
2026-08-24 06:50:21,357 - INFO - No improvement in validation loss. Early stop counter: 6
2026-08-24 06:50:21,357 - INFO - Epoch 93/200
2026-08-24 06:50:37,178 - INFO - Training loss: 1.9791634096709672
2026-08-24 06:50:39,687 - INFO - Validation loss: 2.2520303495963754
2026-08-24 06:50:39,687 - INFO - No improvement in validation loss. Early stop counter: 7
2026-08-24 06:50:39,687 - INFO - Epoch 94/200
2026-08-24 06:50:55,633 - INFO - Training loss: 1.9768369555009477
2026-08-24 06:50:58,139 - INFO - Validation loss: 2.2454938392270787
2026-08-24 06:50:58,140 - INFO - No improvement in validation loss. Early stop counter: 8
2026-08-24 06:50:58,140 - INFO - Epoch 95/200
2026-08-24 06:51:14,321 - INFO - Training loss: 1.9707865796200497
2026-08-24 06:51:16,884 - INFO - Validation loss: 2.245236959580188
2026-08-24 06:51:16,884 - INFO - No improvement in validation loss. Early stop counter: 9
2026-08-24 06:51:16,884 - INFO - Epoch 96/200
2026-08-24 06:51:32,881 - INFO - Training loss: 1.9664018870791573
2026-08-24 06:51:35,391 - INFO - Validation loss: 2.245544373733291
2026-08-24 06:51:35,392 - INFO - No improvement in validation loss. Early stop counter: 10
2026-08-24 06:51:35,392 - INFO - Early stopping triggered.
2026-08-24 06:51:35,392 - INFO - Loading best model for final testing...
2026-08-24 06:54:45,181 - INFO - Final Epoch: 86
2026-08-24 06:54:45,182 - INFO - Final Test Recalls: {'Recall@5': 0.03725986126330661, 'Recall@10': 0.05650831650654773, 'Recall@20': 0.08491428108893878}
2026-08-24 06:54:45,183 - INFO - Final Test NDCGs: {'NDCG@5': 0.024156492401330127, 'NDCG@10': 0.03031047224167079, 'NDCG@20': 0.03743916827797602}
